key	en	cn
player_level_title	Player Level	玩家等级
player_level_desc	Level up by collecting more XP. The next level will grant you:	通过收集经验值来升级。下一等级的奖励：
player_level_max_desc	Maximum player level reached. We will add new levels in future updates.	您已达到最高等级！我们将在未来的更新中增加新的等级，敬请期待。
player_level_btn	Level Up	升级
btn_complete	Complete	完成
btn_show	Show	显示
btn_open	Open	打开
btn_skip	Skip	加速
btn_unlock	Unlock	购买
reward_desc	Reward	奖励
buy_energy_title	Buy Energy	购买体力
buy_energy_desc	Producing items costs Energy, you can buy more here.	生成棋子需要消耗体力，您可以在这里购买更多体力！
hint_sell_btn	Sell	卖出
hint_speedup_btn	Speed Up	加速
hint_unlock_btn	Unlock	购买
hint_title_level	(Lvl {0})	(等级 {0})
hint_desc_merge	MERGE to reach its next level.	合成相同棋子，进行升级。
hint_desc_max_level	This item is at its MAX level.	这个棋子已达最高等级。
hint_desc_tap_spawn	TAP to produce new items.	点击以生成新棋子。
hint_desc_auto_spawn	This item will produce new items automatically.	此棋子可以自动产生新的棋子。
hint_desc_in_bubble	Buy the bubble to get the items inside, or wait for the bubble to pop on its own and get free coins!	购买泡泡获得其中的棋子！您也可以等待泡泡消失以获得免费金币！
hint_desc_open	Double tap to open the chest.	双击打开宝箱。
hint_desc_cannot_open	Wait for other chest to open.	当前已有正在开启中的宝箱，请等待。
hint_desc_opening	Chest is currently opening.	宝箱正在开启中。
hint_removed	is removed.	已被移除。
hint_sold	is sold.	已被卖出。
info_produce_current	Generates:	可生成:
info_produce_next	Next level also generates:	升级后额外生成：
hint_desc_blank	TAP an item to read its details here.	点击棋子以在此处阅读其详细信息。
shop_title	Shop	商店
shop_list_container_title_1	Daily Specials	每日特价
shop_list_container_title_2	Hot Sales	热卖中
shop_list_container_title_3	Daily Packages	每日礼包
shop_list_container_title_4	Gems	宝石
common_time_s	s	秒
common_time_m	m	分
common_time_h	h	时
common_time_d	d	日
shop_refresh_tip	Refresh in: 	刷新时间：
shop_refresh_button	Refresh	刷新
shop_free_button	FREE	免费
shop_daily_bundle_1	Picnic Pack	野餐宝箱
shop_daily_bundle_2	Pool Pack	泳池宝箱
shop_daily_bundle_3	Ocean Pack	海洋宝箱
limited_package_title	Daily Packages	每日礼包
rewards_window_title_shop	Purchase Successful	购买成功
starter_pack_title	Starter Pack	入门宝箱
starter_pack_discount	50%\nOFF	50%\n折扣
inventory_title	Inventory	仓库
inventory_newslot	New Slot	增加格子
hint_lackofcurrency_title	Need More Gems	宝石不足
hint_lackofcurrency_button	Shop	前往商店
hint_lackofcurrency_desc_diamonds	You're missing {0} <sprite="icon_property" name="icon_gem">. Do you want to buy more?	您还缺少 {0} <sprite="icon_property" name="icon_gem">。想要购买更多吗？
quit_window_title	Quit Game	退出游戏
quit_window_desc	Are you sure you want to quit?	确定要退出游戏吗？
quit_window_button_yes	Quit	退出
quit_window_button_no	Not Now	取消
purchase_cancel_tip	Purchase Cancelled	购买已取消
bad_network_window_title	No Connection	网络错误
bad_network_window_desc	Failed to connect. Please try again later.	连接失败。请稍后再试。
bad_network_window_retry	Retry	重试
purchase_close_title	Announcement	公告
purchase_close_desc	Due to the behind-the-scenes updates, you cannot buy Resources for these few days.	由于后台更新，近期您将无法购买资源。
purchase_failed_window_title	Unable to purchase	购买失败
purchase_failed_window_desc	Please try your purchase again later!	请稍后再重试进行购买！
purchase_restore_desc	Please click the "Restore" button to receive the goods if you have paid successfully.	如果您已支付成功，请点击“恢复”按钮以获取资源。
purchase_failed_window_button	OK	好的
purchase_restore_button	Restore	恢复
no_purchase_need_restore_title	No Record	无购买记录
no_purchase_need_restore_desc	There is no purchase record available to restore right now.	目前没有可恢复的购买记录。
no_purchase_need_restore_button	OK	好的
common_tip_pleasewait	Please Wait	请稍等
network_error_title	Network Error	网络错误
network_error_desc	Failed to connect. Please check your network and try again.	连接失败。请检查您的网络，然后重试。
common_retry_button	Retry	重试
common_exit_button	Exit	退出
settings_title	Settings	设置
settings_contact_btn	Contact Us	联系我们
settings_uid	Player id: {0}	账号：{0}
settings_version	Game version: {0}	版本：{0}
settings_privacy	Privacy Settings	隐私设置
settings_privacy_policy	Privacy Policy	隐私政策
settings_privacy_terms	Terms of Service	用户协议
settings_privacy_child	Child Privacy Guideline	儿童隐私指南
settings_on	ON	开
settings_off	OFF	关
settings_music	Music	音乐
settings_sound	Sound	音效
loading_hint_switch_scene	1/6	1/6
loading_hint_sso	2/6	2/6
loading_hint_login	3/6	3/6
loading_hint_cdn	4/6	4/6
loading_hint_sync_data	5/6	5/6
loading_hint_view_load	Warming milk	正在热牛奶……
loading_hint_view_load_backup	Collecting seashells	正在捡贝壳……
loading_hint_finish	6/6	6/6
initialization_hint	Initializing… 	正在初始化……
buy_energy_button_desc	Refill	补充体力
hint_board_full	Board Full	棋盘已满
hint_inventory_full	Inventory Full	仓库已满
hint_cannot_store	Cannot Store	无法存储
player_choices_tip	Choose Diner Renovation	选择餐厅装修
level_up_title	Level Up	升级
level_up_rewards	Rewards	奖励
level_up_claim_btn	Claim	领取
order_button_serve	Serve	完成
btn_sell	Sell	卖出
btn_ok	OK	好的
btn_exit	Exit Game	退出游戏
btn_clear_cache	Clear Cache	清除缓存
desc_clear_cache	Clear cache to fix broken local resources; the game will restart and re-download them.	清除缓存以修复损坏的本地资源，将重启游戏以重新下载它们。
title_clear_cache	Clear Cache	清除缓存
common_button_ok	OK	好的
common_button_cancel	Cancel	取消
title_clear_cache_completed	Clear Cache Completed	清除缓存完成
desc_clear_cache_completed	Cache is clear. You need to restart the game to complete the following work.	缓存清理完毕。请重新启动游戏。
force_restart_desc	Oops! Your data is abnormal, to protect your account security, please restart the game!	哎呀！您的数据异常，为保护账号安全，请重启游戏！
force_restart_btn	Restart	重新启动
game_update_title	Update Available	更新游戏
game_update_desc	Update your game to get the latest Brimwave Beach content!	更新游戏以获取最新内容！
button_update	Update	更新
intro_timeline_text	Several Days Later…	几天后……
function_locked_hint	Unlocks at level {0}	在 {0} 级解锁
order_empty_hint	Mom wants more customers! Let's fix up the diner!	想要更多顾客？快来收拾一下餐厅吧！
shop_flash_sale_rare	Rare!	稀有！
device_conflict_window_title	Login Reminder	登录提醒
device_conflict_window_desc	You are already logged in on another device! If that's not you, please log in again!	您的账号已在其他设备上登录！若非您本人操作，请重新登录！
coin_dash_name	Lori's Dough Derby	罗莉的金币竞赛
coin_dash_coming_soon	COMING SOON!	即将开启!
coin_dash_countdown_desc	Contest begins in…	比赛即将开始……
coin_dash_start_btn	Ready, Go!	预备，开始!
coin_dash_collected_hint	Coins Collected	收集的金币
coin_dash_lori_countdown	How about we play a little game? Just you and me. 	哼哼，我们要来一场<color=#1c8ee6>友好</color>比赛吗？
coin_dash_lori_provoke_1	Oh! You thought you could beat me?	哈，你以为你能打败我吗？
coin_dash_lori_provoke_2	Very cute, but you'll never win.	真可爱，但你永远不会赢。
coin_dash_lori_provoke_3	Are you really trying? Let’s go, give it your best shot.	你还是放弃吧。
coin_dash_lori_provoke_4	Is this really your best shot?	这就是你最好的表现吗？
coin_dash_lori_provoke_5	Aww, c’mon don’t give up so easily!	哇噢，你真的很努力了呢。
coin_dash_lori_surprised_1	Don't think you've won already.	别以为你能赢。
coin_dash_lori_surprised_2	Oh my, I still have a fighting chance.	噢天啊，我还有反击的机会。
coin_dash_lori_surprised_3	Don't count me out just yet.	我还没输呢！
coin_dash_lori_surprised_4	I still have a few tricks to show you.	让我再教你几招吧。
coin_dash_lori_surprised_5	There's time to even the score.	我们来平分奖励吧，怎么样？
coin_dash_lori_mad_1	Hey, get your head in the game! It’s not over yet!	收起你那得意洋洋的假笑。
coin_dash_lori_mad_2	What? But I never lose.	什么？我绝不会输。
coin_dash_lori_mad_3	Yeah okay, I let you win.	得了吧，是我让你赢的。
coin_dash_lori_mad_4	You must have cheated.	你一定作弊了。
coin_dash_lori_mad_5	No one likes a sore winner.	哼，没有人喜欢你那得意洋洋的样子。
coin_dash_lori_win	Ugh, fine. You win, congratulations.	你赢了。什么？你还想要个奖杯？
coin_dash_lori_lose	HA! I win – I mean, good game. Better luck next time!	哈！你根本不是我的对手。
coin_dash_complete	<color=#fff947>TARGETS\nACHIEVED!</color>	<color=#fff947>目标完成!</color>
coin_dash_end	CONTEST CLOSED	比赛结束
coin_dash_get_reward	Collect Rewards	收集奖励
reward_tap_continue	Tap anywhere to continue	点击任意位置继续
coin_dash_serve_button	Done	完成
coin_dash_recover_reward	You didn't claim your prize! Don't worry, it's still here for you.	你忘记领奖了！别担心，我们为你保留了奖励。
coin_dash_recover_receive	Receive	领取
coin_dash_ready_desc	New Contest Ready!	新的比赛准备好了！
coin_dash_lori_ready	Are you ready for our competition?	你忘了我们的比赛？
coin_dash_ready_btn	Okay	好的
coin_dash_notice_11	Finish all of the levels for an extra challenge!	完成全部阶段后还有额外挑战！
coin_dash_lori_mad_11	You REALLY did it!? Hope you're ready for a new challenge!	你居然做到了？希望你准备好迎接一个新的挑战了！
coin_dash_11_desc	Extra Challenge	额外挑战
game_start_notice_title	Notice	注意
game_start_notice_desc	Your privacy is important to us, please take a moment to read the following to learn more about how we collect and use your personal information. By clicking <color=#1c8ee6>"Accept"</color>, you agree to the Terms of Service and confirm that you have read the Privacy Policy.\n\n● <link={0}><u><color=#1c8ee6>Terms of Service </color></u></link>\n● <link={1}><u><color=#1c8ee6>Privacy Policy</color></u></link>	您的隐私对我们很重要，请花点时间阅读以下内容以了解更多关于我们如何收集和使用您的个人信息。 <color=#1c8ee6>点击“接受”</color>，即表示您同意《用户协议》并确认您已阅读《隐私政策》。\n\n <link={0}><u><color=#1c8ee6>用户协议</color></u></link>\n <link={1}><u><color=#1c8ee6>隐私政策</color></u></link>
game_start_notice_button	Accept	接受
rate_us_title	Rate Us	评分
rate_us_desc	Like our game? Please rate us!	喜欢我们的游戏吗？请为我们评分！
rate_us_submit_btn	Submit	提交
rewards_window_title_normal	Collect Rewards	领取奖励
notification_title	Turn On Notifications	打开通知
notification_guide_desc1	Please turn on notifications for Gossip Harbor first.	请先开启绯闻港口的通知。
notification_guide_desc2	You will be directed to your device settings.	您将被引导至手机设置界面。
push_energy_title	Energy Refilled	体力补充完毕
push_energy_desc	Your energy is refilled!	您的体力已经补充完毕！
push_cooldown_title	Item Recharged	棋子已充能
push_cooldown_desc	{0} is ready to generate new items!	{0} 已准备完毕，可以产生新的棋子！
push_cash_dash_open_title	Event Ready	活动准备就绪
push_cash_dash_open_desc	The Dough Derby event is beginning soon!	金币竞赛活动即将开始！
push_cash_dash_end_title	The event is almost over.	活动即将结束。
push_cash_dash_end_desc	Grab your rewards before the Dough Derby ends!	在金币竞赛结束前领取您的奖励！
push_come_back_title	Brimwave needs you back!	我们需要你回来！
push_come_back_desc	Quinn needs your help to uncover the truth!	奎因需要你的帮助来揭开真相！
settings_notifications	Notifications	通知
settings_hint	Hint	提示
notification_turn_on_btn	Turn On Now	立即开启
cheat_pay_remind_desc	There is something wrong with your payment data. Please try using "Restore Purchase" once the payment has been successfully processed. 	支付数据异常。请在支付成功后尝试恢复购买。
settings_save_progress	Save Progress	保存/加载进度
save_progress_title	Save Progress	保存/加载进度
save_progress_desc	Keep your progress across multiple devices!	在多个设备上同步进度！
facebook_sign_in_btn	Sign in with Facebook	使用facebook登录
apple_sign_in_btn	Sign in with Apple	使用apple登录
sign_out_btn	Sign out	登出
sign_out_success_title	Disconnected	断开连接
sign_out_success_desc	Signed out from Facebook!	从 Facebook 登出！
sign_out_success_btn	Continue	继续
sign_in_fail_title	Fail!	失败!
sign_in_fail_desc	Sign in failed!	登录失败！
sign_in_fail_btn	Try Again	再试一次
sign_in_success_title	Successful!	成功!
sign_in_success_desc	Signed in with Facebook!	使用facebook登录！
sign_in_success_btn	Continue	继续
progress_conflict_title	Progress Conflict	进度冲突
progress_conflict_desc	The account you signed in with is already bound to different progress data. Select which progress data you want to use:	您登录的账号已经绑定了不同的进度。选择您要使用的进度：
progress_conflict_local_btn	Use Local	本地数据
progress_conflict_remote_btn	Use Cloud	云端数据
progress_save_time_cloud	{0} ago	{0} 前
progress_conflict_confirm_desc	You are going to start with the progress you selected. Are you sure?	您将从您选择的进度开始。您确定吗？
progress_conflict_confirm_btn	Confirm	确定
data_conflict_title	Data Conflict	数据冲突
data_conflict_desc	Your local data is in conflict with cloud data, please choose which data you want to keep:	您的本地数据与云端数据冲突，请选择您要保留的数据：
data_conflict_local_btn	Use Local	本地数据
data_conflict_cloud_btn	Use Cloud	云端数据
login_conflict_title	Signed Out	退出
login_conflict_re_login	Re-login	重新登录
login_conflict_quit	Quit Game	退出游戏
login_disconnect_title	Signed Out	退出
login_disconnect_desc	Your Facebook account has been used to sign in on another device and has been disconnected from your current device.	您的 Facebook 帐户已在另一台设备上登录，并与您当前的设备断开连接。
login_disconnect_btn	OK	好的
bind_switch_title	Change Confirmation	换绑确认
bind_switch_desc	You have already bound your game to an account. Are you sure you want to bind your current progress to a different account?	您已经将您的游戏绑定到一个账户。您确定要将您当前的进度绑定到另一个帐户吗？
bind_switch_yes_btn	Yes	是的
bind_switch_cancel_btn	Cancel	取消
download_no_connection_title	No network connection	无网络连接
download_no_connection_desc	It looks like you are not connected to the internet. Please try again later.	您没有连接到互联网，请稍后再试。
download_no_connection_btn	OK	好的
sync_error_title	Error	错误
sync_error_desc	Progress sync error. Please check your network settings.	进度同步错误。请检查您的网络。
sync_yes_button	OK	好的
progress_cloud_conflict_desc	We found an existing saved game in the cloud. Please select which data you want to use!	我们在云端找到了一个已存在的游戏数据。请选择您要使用的数据！
resource_download_hint	Downloading necessary resources	正在下载必要的资源
resource_download_progress	{0}MB/{0}MB	{0}MB/{0}MB
resource_download_fail_title	Download Failed	下载失败
resource_download_fail_desc	Resource download has failed. Please make sure you have a stable network connection and try again.	资源下载失败。请确保您有稳定的网络连接，然后重试。
resource_download_retry_btn	Try Again	再试一次
resource_download_confirm_title	Download Resources	下载资源
resource_download_confirm_desc	You need to download <color=#1c8ee6>{0}</color> of resources to continue. We suggest you use a stable WiFi connection to download them.	您需要下载 <color=#1c8ee6>{0}</color> 的资源才能继续。我们建议您使用稳定的网络连接下载。
resource_download_confirm_quit	Quit Game	退出游戏
resource_download_confirm_ok	Download Now	现在下载
resource_download_confirm_later	Later	稍后
resource_download_require_title	Extra Resources Required	需要额外资源
resource_download_require_desc	Oops! Before you continue, you need to download additional resources.	哎呀！您需要下载其他资源以继续游戏。
resource_download_require_btn	Start Download	开始下载
story_continue	Continue	继续
new_day_text	New Day	新的一天
special_order_name	Special Request	特殊订单
special_order_desc_1	Sam wishes to place a custom order. Find out how we could help!	山姆好像在寻找什么东西？让我看看他在找什么！
speical_order_receive	Request Accepted	接受特殊订单
tutorial_tap	TAP	点击
tutorial_tap_level_button	Olivia is hungry. Let's go to the <color=#1c8ee6>Kitchen</color> and bake her some bread. 	奥利维亚饿了。我们去 <color=#1c8ee6>厨房</color>给她烤些面包吧。
tutorial_merge_basic_1	This is the Kitchen board. Whoa It's filthy in here! We need to tidy up.	这里就是厨房的操作台了，哇，这里太脏了！我们需要整理一下。
tutorial_tap_to_continue	Tap to Continue	点击继续
tutorial_merge_basic_2	<color=#1c8ee6>Merge 2 items</color> to make an upgraded item.	<color=#1c8ee6>将两个棋子</color>合并为一个高一级的棋子。
tutorial_merge_basic_3	Uncover a buried item by <color=#1c8ee6>merging</color> it.	通过<color=#1c8ee6>合并</color>来解锁被风沙掩埋的物品。
tutorial_spawn_basic_1	Nice one! Let's unpack the bag to see what ingredients are inside!	不错！让我们打开袋子看看里面有什么配料！
tutorial_serve_order_1	We finished baking the bread! Let's <color=#1c8ee6>Serve</color> it to Olivia.	我们烤好面包了！让我们 <color=#1c8ee6>端给</color>奥利维亚。
tutorial_finish_quest_1	When you have collected enough coins, <color=#1c8ee6>Tap the clipboard</color> to finish your tasks.	当你收集到足够的金币后，<color=#1c8ee6>点击写字板</color>完成任务。
tutorial_finish_quest_2	To finish this task, <color=#1c8ee6>Tap the Start button.</color>	要完成此任务，<color=#1c8ee6>请点击开始按钮。</color>
tutorial_open_box_1	It’s your Lucky Day! You have received a gift! Let's put it on the board.	今天是你的幸运日！你收到了一份礼物！让我们也把它拿下来。
tutorial_open_box_2	<color=#1c8ee6>Tap the gift</color> to see what's inside.	<color=#1c8ee6>点击礼物</color>查看里面有什么。
tutorial_open_box_3	Oops! Your gift can't be opened yet. It is going to take some time to open it. <color=#1c8ee6>Tap to start unlocking it.</color>	哎呀！你现在还不能打开你的礼物。打开它需要时间。<color=#1c8ee6>点击开始解锁。</color>
tutorial_open_box_4	Tired of waiting? Let's open it now!	等不及了？我们现在就打开它！
tutorial_refill_energy_1	Oh no! We've run out of energy! <color=#1c8ee6>Tap the Energy icon!</color>	哦不！我们的体力用完了！<color=#1c8ee6>点击体力图标！</color>
tutorial_refill_energy_2	If you are out of Energy, refill it here!	如果你没有体力了，在这里补充体力！
tutorial_shop_1	The supermarket is now open! There are daily specials there, including a free daily gift!	商店现在开门了！那里有每日特价，包括一份免费的每日礼物。
tutorial_shop_2	Welcome! Visit every day to get your <color=#1c8ee6>free daily gift,</color> and other specials!	欢迎！每天访问这里，获取您的<color=#1c8ee6>每日免费礼物，</color>和其他特价商品！
tutorial_bubble_1	An item is stuck in the bubble. <color=#1c8ee6>Let's try to pop it.</color>	一件物品卡在泡泡里。<color=#1c8ee6>让我们试着打开它。</color>
tutorial_bubble_2	Eventually, the bubble will turn into a coin. <color=#1c8ee6>Let's pop it now.</color>	最终，泡沫将变成一枚金币。<color=#1c8ee6>我们现在就把它打开。</color>
tutorial_free_btn	FREE   	免费
coin_dash_tutorial_1	I have a contest ready for you. <color=#1c8ee6>Tap here</color> to take a look.	我为你准备了一场比赛。<color=#1c8ee6>点击此处</color>查看。
coin_dash_tutorial_2	Gather enough dough and you'll receive a little prize. That's if you <color=#1c8ee6>actually</color> succeed.	收集足够的金币，你会得到一些奖励。如果你<color=#1c8ee6>真的</color>成功了。
coin_dash_tutorial_3	I'll be watching your progress. <color=#1c8ee6>Tap here</color> if you need to see the rules again.	我会关注你的进展。<color=#1c8ee6>点击此处</color>如果需要可以再次查看规则。
tutorial_cache_item_1	Woo one more shopping bag! Let's put it on the board.	多出来了一个购物袋！让我们把它放在操作台上。
tutorial_cache_item_2	Now <color=#1c8ee6>Merge the 2 shopping bags</color> for a bigger one!	现在<color=#1c8ee6>将两个购物袋</color>合并成一个更大的！
tutorial_cache_item_3	We upgraded to a shopping basket! It looks like there are potatoes inside.	它升级成了购物篮！里面好像有土豆。
tutorial_item_detail_1	A new coffee maker! Let's see what it makes.	新咖啡机！让我们看看它能做什么。
tutorial_item_detail_2	Let's get the details about the coffee maker. <color=#1c8ee6>Tap the info button.</color>	我们来了解一下咖啡机的细节。<color=#1c8ee6>点击信息按钮。</color>
no_task_title	All Tasks Cleared	所有任务都已完成
no_task_tip	You completed all of the tasks! Please wait for the next update.	你完成了所有的任务！请期待下一次更新。
end_task_tip	End of Day {0}	第{0}天结束
task_go_btn	Start	开始
task_title	Chores	任务
task_day	Day	天
task_reward	Rewards	奖励
Quinn_remote_name	Quinn	奎因
Quinn_name	Quinn	奎因
QuinnYoung_name	Young Quinn	少女奎因
Dominic_name	Dominic	多米尼克
Olivia_remote_name	Olivia	奥利维亚
Olivia_name	Olivia	奥利维亚
Colton_remote_name	Colton	科尔顿
Colton_name	Colton	科尔顿
Harrison_remote_name	Harrison	哈里森
Harrison_name	Harrison	哈里森
Lori_name	Lori	罗莉
Mark_remote_name	Mark	马克
Mark_name	Mark	马克
Sam_remote_name	Sam	山姆
Sam_name	Sam	山姆
Carmen_name	Carmen	卡门
Norman_remote_name	Norman	诺曼
Norman_name	Norman	诺曼
Amala_remote_name	Amala	阿玛拉
Amala_name	Amala	阿玛拉
Coconut_name	Coconut	小椰子
Stranger_name	???	???
vance_name	Vance	万斯
Vance2_name	Vance	万斯
ziva2_name	Ziva	姬瓦
ziva_name	Ziva	姬瓦
Crane_name	Crane	克雷恩
Riley_name	Riley	莱利
Riley_remote_name	Riley	莱利
Lloyd_name	Lloyd	劳埃德
Sophia_name	Sophia	索菲娅
Sophia2_name	Sophia	索菲娅
Imelda_name	Imelda	伊梅尔达
Imeldabp_name	Imelda	伊梅尔达
Chad_name	Chad	查德
Jack_name	Jack	杰克
Gus_name	Gus	葛斯
Mark2_remote_name	Mark	马克
Mark2_name	Mark	马克
BurgerBoy_name	BurgerBoy	大汉宝
Windom_name	Windom	温顿
Sales_name	Sales	商贩
Zorkee_name	Zorkee	佐琪
Saul_name	Saul	索尔
Frankie_name	Frankie	弗兰基
Troll_name	Troll	匿名者
Ramona2_name	Ramona	蕾蒙娜
Ramona_name	Ramona	蕾蒙娜
Bruno_name	Bruno	布鲁诺
Barni_name	Barni	巴尼
Bruno2_name	"Barni"	"巴尼"
Babette_name	Babette	芭贝特
Atlas_name	Atlas	阿特拉斯
Fred_name	Fred	弗雷德
Varga_name	Varga	瓦尔加
Heidi_name	Heidi	海蒂
StrangerBoy_name	???	？？？
StrangerGirl_name	???	？？？
StrangerMan_name	???	？？？
StrangerWoman_name	???	？？？
Bob_name	Bob	鲍勃
item_level_desc	Level	等级
item_info_chest_desc	May contain these items:	可能包含以下棋子：
item_info_level	Level {0}	等级 {0}
info_contain_items	Number of items included:	包含的棋子数量：
item_2401_desc	Merge to reach the next level. Tap to collect <color=#1c8ee6>2</color> coins.	合并以达到下一个级别。点击收集<color=#1c8ee6>2</color>个金币。
item_2402_desc	Merge to reach the next level. Tap to collect <color=#1c8ee6>6</color> coins.	合并以达到下一个级别。点击收集<color=#1c8ee6>6</color>个金币。
item_2403_desc	Merge to reach the next level. Tap to collect <color=#1c8ee6>14</color> coins.	合并以达到下一个级别。点击收集<color=#1c8ee6>14</color>个金币。
item_2404_desc	Merge to reach the next level. Tap to collect <color=#1c8ee6>30</color> coins.	合并以达到下一个级别。点击收集<color=#1c8ee6>30</color>个金币。
item_2405_desc	Tap to collect <color=#1c8ee6>62</color> coins. This items is at its max level.	点击收集<color=#1c8ee6>62</color>个金币。该棋子处于最高等级。
item_2501_desc	Merge to reach the next level. Tap to collect <color=#1c8ee6>1</color> gem.	合并以达到下一个级别。点击收集<color=#1c8ee6>1</color>颗宝石。
item_2502_desc	Merge to reach the next level. Tap to collect <color=#1c8ee6>3</color> gems.	合并以达到下一个级别。点击收集<color=#1c8ee6>3</color>颗宝石。
item_2503_desc	Merge to reach the next level. Tap to collect <color=#1c8ee6>7</color> gems.	合并以达到下一个级别。点击收集<color=#1c8ee6>7</color>颗宝石。
item_2504_desc	Tap to collect <color=#1c8ee6>15</color> gems. This items is at its max level.	点击收集<color=#1c8ee6>15</color>颗宝石。该棋子处于最高等级。
item_2601_desc	Merge to reach the next level. Tap to collect <color=#1c8ee6>2</color> energy.	合并以达到下一个级别。点击收集<color=#1c8ee6>2</color>点体力。
item_2602_desc	Merge to reach the next level. Tap to collect <color=#1c8ee6>6</color> energy.	合并以达到下一个级别。点击收集<color=#1c8ee6>6</color>点体力。
item_2603_desc	Merge to reach the next level. Tap to collect <color=#1c8ee6>15</color> energy.	合并以达到下一个级别。点击以收集<color=#1c8ee6>15</color>点体力。
item_2604_desc	Merge to reach the next level. Tap to collect <color=#1c8ee6>40</color> energy.	合并以达到下一个级别。点击收集<color=#1c8ee6>40</color>点体力。
item_2605_desc	Tap to collect <color=#1c8ee6>100</color> energy. This item is at its max level.	点击收集<color=#1c8ee6>100</color>点体力。该棋子处于最高等级。
shop_item_left_tip	{0} Left	剩余：{0} 
shop_item_out_of_stock_tip	Out of Stock	缺货
hint_item_recharging	Recharging	充能
hint_item_locked	Locked	锁定
hint_item_opening	Opening	打开
choice_item_open_title	Pick Box Opened	开启挑选箱
choice_item_open_desc	Pick 1 of the rewards below:	选择以下奖励之一：
choice_item_select_button	Pick	选择
item_101_name	Empty Brown Bag	空棕色袋子
item_102_name	Little Brown Bag	小棕色包
item_103_name	Shopping Bag	购物袋
item_104_name	Overflowing Bag	满载购物袋
item_105_name	Light Basket 	轻篮
item_106_name	Heavy Basket	重篮
item_107_name	Basket Trolley	篮筐推车
item_108_name	Stocked Grocery Cart	轻便杂货车
item_109_name	An Abundance of Groceries	丰富商品杂货车
item_110_name	Lifetime Supply of Groceries	满载杂货车
item_201_name	Sack of Flour	一袋面粉
item_202_name	Proofed Dough	一个面团
item_203_name	Beginner's Bread	初学者的面包
item_204_name	Sourdough Loaf	长条面包
item_205_name	Sliced Loaf	切片面包
item_206_name	Toast with Butter and Jam	黄油果酱吐司
item_207_name	Jelly Sandwich	果酱三明治
item_208_name	Half a Ham Sandwich	半个火腿三明治
item_209_name	Ham n' Cheese Sammy	火腿奶酪三明治
item_210_name	Sub with the Fixins'	厚切三明治
item_211_name	Bagel Sandwich	百吉饼三明治
item_212_name	Ham and Cheese Croissant	火腿奶酪羊角面包
item_213_name	Gooey Cheeseburger	粘稠的芝士汉堡
item_214_name	Cheeseburger and Fries	芝士汉堡和薯条
item_215_name	Luxe Cheeseburger Meal	豪华芝士汉堡餐
item_301_name	Raw Potatoes	生土豆
item_302_name	Cut Potatoes	切片土豆
item_303_name	Classic French Fries	经典炸薯条
item_304_name	Ketchup Fries	番茄酱薯条
item_305_name	Plate of Waffle Fries	一盘华夫饼薯条
item_401_name	Loose Coffee Beans	散装咖啡豆
item_402_name	Burlap Bag of Beans	麻布袋装咖啡豆
item_403_name	Coffee Grinder	咖啡研磨机
item_404_name	Decaf Coffee Pot	无咖啡因咖啡壶
item_405_name	Regular Coffee Pot	普通咖啡壶
item_406_name	Pour Over Set	咖啡壶套装
item_407_name	Automatic Coffee	自动咖啡机
item_408_name	Work Coffee Station	工作咖啡机
item_409_name	Snazzy Espresso Machine	时尚浓缩咖啡机
item_501_name	Empty To-Go Cup	空咖啡杯
item_502_name	To-Go Coffee	外卖咖啡
item_503_name	Ready To-Go Cup	即食咖啡杯
item_504_name	Decaf Coffee	无咖啡因咖啡
item_505_name	Regular Coffee	普通咖啡
item_506_name	House Blend	特调咖啡
item_507_name	Sweet House Blend	加糖咖啡
item_508_name	Barista's Choice	拉花咖啡
item_509_name	Caramel Macchiato	焦糖玛奇朵
item_510_name	Nice Hot Chocolate	热巧克力
item_511_name	A Sweltering Coffee Drink	冰淇淋咖啡
item_512_name	Candied Berry Coffee	蜜饯浆果咖啡
item_513_name	Lush Coffee Dessert	咖啡甜点
item_514_name	Sugary Tea Party	甜茶派对
item_601_name	Tea Bag	茶包
item_602_name	Hot Tea	热茶
item_603_name	Iced Lemon Tea	冰柠檬茶
item_604_name	Country Iced Tea	乡村冰茶
item_605_name	Pitcher of Iced Tea	冰茶罐
item_701_name	Simple Hook	单钩
item_702_name	Fish's Fishing Tackle	钓具
item_703_name	Bucket of Catches	渔桶
item_704_name	Cool Fishing Rod	钓鱼竿
item_705_name	Fish Net	鱼网
item_706_name	Shellfish Net	贝类网
item_707_name	Big Shellfish Net	大贝类网
item_708_name	Great Fishing Cooler	高级钓鱼冷却器
item_709_name	Fish Holding Tank	鱼箱
item_710_name	Hobbyist Fish Tank	爱好者鱼缸
item_801_name	Raw Shrimp	生虾
item_802_name	Fresh Fish	鲜鱼
item_803_name	Bucket O' Fish	桶装鱼
item_804_name	Fish for Sale	待售鱼
item_805_name	Prepped Seafood	处理过的海鲜
item_901_name	Slice of Salmon	鲑鱼片
item_902_name	Honey Glazed Salmon	蜂蜜釉面鲑鱼
item_903_name	Whole Grilled Fish	整条烤鱼
item_904_name	Grilled Fish for Two	双人份烤鱼
item_905_name	Shrimp Linguini 	虾仁
item_906_name	Pasta Pescatore	海鲜意面
item_907_name	Fresh Oysters	新鲜牡蛎
item_908_name	Boiled Whole Crab	水煮全蟹
item_909_name	Lobster Dinner	龙虾大餐
item_910_name	Big Seafood Tower	大海鲜塔
item_1001_name	Orange Seeds	橙子种子
item_1002_name	Orange Sprout	橙子芽
item_1003_name	Citrus Sappling	盆装橙子苗
item_1004_name	Potted Lil Tree	盆栽橙子树
item_1005_name	Orange Blossoms	橙花
item_1006_name	Mixed Tree	杂交树
item_1007_name	Ripe Tree	成熟的树
item_1008_name	Potted Orange Tree	盆栽橙树
item_1009_name	Orange Grove Tree	丰收橙树
item_1101_name	Whole Orange	橙子
item_1102_name	Orange Slices	橙子片
item_1103_name	Orange Cookies	橘子味饼干
item_1104_name	Fun Orange Cupcake	橙色纸杯蛋糕
item_1105_name	Cozy Orange Cake	令人惬意的橘子蛋糕
item_1106_name	Orange Dream Cake	橙色梦幻蛋糕
item_1201_name	Lil' Pool Bin	泳池垃圾桶
item_1202_name	Pool Basket	泳池篮
item_1203_name	Light Pool Bag	轻便泳池包
item_1204_name	Stripey Pool Bag	条纹泳池包
item_1205_name	Epic Pool Bag	豪华泳池包
item_1206_name	High Seas Storage	高级海洋储存箱
item_1207_name	Nautical Storage Bin	航海储物箱
item_1208_name	Pool Toys Storage	泳池玩具仓库
item_1209_name	Water Sports Storage	水上运动存储
item_1210_name	Swimmer's Locker	游泳者储物柜
item_1301_name	Rubber Ducky 	橡胶鸭
item_1302_name	Fancy Ducky	花式鸭子
item_1303_name	Lifesaver Ring	救生圈
item_1304_name	Pink Jelly Ring	粉红果冻游泳圈
item_1305_name	Brilliant Ring	璀璨泳圈
item_1306_name	Mermaid Floatie	美人鱼漂浮圈
item_1307_name	Ducky Floatie	鸭子漂浮圈
item_1308_name	Cool Unicorn Floatie	独角兽漂浮圈
item_1309_name	Flamingo Floatie	火烈鸟漂浮圈
item_1310_name	Royal Peacock Floatie	皇家孔雀漂浮圈
item_1401_name	Swimming Goggles	泳镜
item_1402_name	Snorkeling Goggles	潜水护目镜
item_1403_name	Basic Life Vest	基础救生衣
item_1404_name	Diving Gloves	潜水手套
item_1405_name	Diving  Flippers	潜水脚蹼
item_1406_name	Mini Oxygen Tank	微型氧气罐
item_1407_name	Diving Adventure Tank	潜水探险舱
item_1501_name	Chew Bone	咀嚼骨
item_1502_name	Cool Colar	狗狗项圈
item_1503_name	Food Bowl	食物碗
item_1504_name	Dog House Starter	入门狗屋
item_1505_name	Common Dog House	普通狗屋
item_1506_name	Cozy Dog House	舒适的狗屋
item_1507_name	Lavish Dog Mansion	奢华的狗屋
item_1601_name	Lil Chihuahua	小吉娃娃
item_1602_name	Teacup Pup	茶杯犬
item_1603_name	Perfect Pug	完美的哈巴狗
item_1604_name	Quirky Corgi	古怪的科基犬
item_1605_name	Bright Basset	明亮的巴塞特
item_1606_name	Coco Lab	可卡犬
item_1607_name	Loyal Retriever	忠诚的猎犬
item_1608_name	Handsome Husky	英俊的哈士奇
item_1609_name	Mellow Collie	圆润的牧羊犬
item_1610_name	Bold Dalmation	达尔马提亚犬
item_1701_name	Sea Stone	海石
item_1702_name	Stacked Stones	堆石
item_1703_name	Rock and Coral	岩石珊瑚
item_1704_name	Climbing Coral	攀爬珊瑚
item_1705_name	Lil Coral Clump	小珊瑚丛
item_1706_name	King Coral Cluster	国王珊瑚群
item_1707_name	Enchanting Coral Trove	珊瑚宝藏
item_1708_name	Intricate Coral Mound	错综复杂珊瑚丘
item_1709_name	Cool Conch Coral	海螺珊瑚
item_1710_name	Treasured Coral	珍稀珊瑚
item_1711_name	Giant Clam Coral	巨型蛤蜊珊瑚
item_1801_name	Shrimpy Shell	贝壳
item_1802_name	Basic Scallop	普通扇贝
item_1803_name	Vibrant Scallop	新鲜扇贝
item_1804_name	Dotty Cowrie	点状贝壳
item_1805_name	Golden Conch	金色海螺
item_1806_name	Rare Nautilus 	稀有鹦鹉螺
item_1807_name	Trumpet Shell	喇叭海螺
item_1808_name	Magic Conch	神奇海螺
item_1809_name	Armored Shell	装甲外壳
item_1810_name	Camouflaged Conch	伪装海螺
item_1811_name	Closed Clam	封闭式蛤蜊
item_1812_name	Mother of Pearl	珍珠贝
item_1901_name	Child's First Blocks	初学者积木箱
item_1902_name	Playroom Blocks	游戏室积木箱
item_1903_name	Crate of Loose Pieces	散装板条箱
item_1904_name	Dabbler's Crate	半吊子货箱
item_1905_name	Crafty Block Crate	块状板条箱
item_1906_name	Block Builder's Bin	积木建筑箱
item_2001_name	Single Block	单块模型
item_2002_name	Longer Block	长条状模型
item_2003_name	Pile O' Blocks	堆积模型
item_2004_name	Plane Pieces	飞机部件模型
item_2005_name	Easy Block Plane 	简易飞机模型
item_2006_name	Rad Plane Toy 	雷达飞机模型
item_2007_name	Stellar Spaceship 	恒星飞船模型
item_2008_name	Explorer's Cruiser	探险家巡洋舰模型
item_2009_name	Planet Patroller	星球巡警模型
item_2010_name	Space Shuttle Model	航天飞机模型
item_2401_name	A Coin	一枚金币
item_2402_name	A Couple of Coins	少量金币
item_2403_name	Spare Coins	大量金币
item_2404_name	Stack of Coins	一叠金币
item_2405_name	Loose Coins	金币堆
item_2501_name	A Single Gem	一颗宝石
item_2502_name	Couple of Gems	少量宝石
item_2503_name	A Few Gems	大量宝石
item_2504_name	All of the Gems	宝石堆
item_2601_name	Zap of Energy	一级体力瓶
item_2602_name	Blast of Energy	二级体力瓶
item_2603_name	Punch of Energy	三级体力瓶
item_2604_name	Shock of Energy	四级体力瓶
item_2605_name	Big Bolt of Energy	终极体力瓶
item_2701_name	Red Chest	红色宝箱
item_2702_name	Fancy Red Chest	高级红色宝箱
item_2801_name	Green Chest	绿色宝箱
item_2802_name	Fancy Green Chest	高级绿色宝箱
item_2901_name	Energy Chest	体力箱
item_3001_name	Picnic Basket	野餐篮
item_3101_name	Piggy Bank	存钱罐
item_3501_name	Welcome Gift	欢迎礼物箱
item_3601_name	Starter Gift	入门礼物箱
item_3701_name	Picnic Gift	野餐礼物箱
item_3801_name	Pool Gift	泳池礼品箱
item_3901_name	Ocean Gift	海洋礼物箱
item_4001_name	Generator Choice Box	母体棋子挑选箱
item_4101_name	Red Choice Box	红色挑选箱
item_4201_name	Generator Choice Box	母体棋子挑选箱
item_ns_2_1_name	Fancy Red Choice Box	高级红色挑选箱
item_ns_3_1_name	Green Choice Box	绿色挑选箱
item_ns_4_1_name	Fancy Green Choice Box	高级绿色挑选箱
item_os_1_1_name	Order Case	订单棋子宝箱
item_os_2_1_name	Fancy Order Case	高级订单棋子宝箱
task_1_1	1 2 3, Floor!	1 2 3, 地板!
task_1_2	Setting the Table	准备桌子
task_1_3	An Eye Witness	目击者
task_1_4	The Take Out	外卖窗口
task_1_5	The Whispers	窃窃私语
task_1_6	Someone at the Door	门外有人
task_1_7	Sign Me Up	重新开张
task_2_1	Knock, Knock	特别快递
task_2_2	Scaredy Cat	吓坏的猫咪
task_2_3	Your Friendly Neighbor	好邻居
task_2_4	Counter Space	准备柜台
task_2_5	She Means Good Business	同行
task_2_6	New Tables	新桌子
task_2_7	Helping Hands	邻居的帮助
task_3_1	Finding Clues	寻找线索
task_3_2	Bad Folks	坏人
task_3_3	The Gnomes	地精们
task_3_4	Asking for Answers	寻求答案
task_3_5	The BFF	好闺蜜
task_3_6	Planting Seeds	播种
task_3_7	Little Space Girl	太空女孩
task_3_8	Cole's Guilty Vice	犯错的科尔
task_4_1	Cat Scratch Club	小心猫爪
task_4_2	The Specialist	修理专家
task_4_3	Hide and Seek	捉迷藏
task_4_4	A Chat with Sam	询问山姆
task_4_5	Lost in Thought	毫无头绪
task_4_6	Warm Words	好友来访
task_4_7	A Good Seat	优雅座位
task_4_8	What Norman Saw	诺曼的线索
task_5_1	A Truce	暂时停战
task_5_2	Olivia and Her Dad	奥利维亚与父亲
task_5_3	Officer Mark's Visit	马克警官
task_5_4	The Hiding Spot	秘密隔间
task_5_5	Sam the Handyman	杂工山姆
task_5_6	Sam's Crush	山姆的悸动
task_5_7	Lovestruck Sam	痴情的山姆
task_5_8	The Model Rocket	火箭模型
task_6_1	The Morning's Catch	清晨渔获
task_6_2	That's Awkward	尴尬局面
task_6_3	A Chat with Harrison	两位渣男
task_6_4	Norman's Friend	诺曼的朋友
task_6_5	Querying Quinn	奎因的疑问
task_6_6	A Bit of Flair	地精争论
task_6_7	Sincere Sorries	诚挚理解
task_7_1	Quinn's Confusion	奎因的困惑
task_7_2	Olivia Meets Amala	老师好
task_7_3	Lori's Visit	罗莉来访
task_7_4	Fixing the Pool	修理泳池
task_7_5	Pool Decor	泳池装饰
task_7_6	Sam's Confession	山姆的忏悔
task_7_7	Cole's Box	科尔的秘密
task_7_8	Silent Misery	无法诉说的痛苦
task_7_9	One Door Closes	审判结果
task_8_1	A Room with a Stove	厨房探秘
task_8_2	The Blocked Number	匿名来电
task_8_3	The Threat	不惧威胁
task_8_4	The DIY Star	DIY明星
task_8_5	A New Lead	一个新线索
task_8_6	Norman's Arrival	诺曼来访
task_8_7	Norman's Advice	诺曼的建议
task_8_8	Quinn's Sidekick	侦探与助手
task_8_9	Sam's Back	山姆回来了
task_8_10	The Drifter	流浪汉
task_9_1	A Coffee To-Go	咖啡打包带走
task_9_2	A Family Portrait	家庭画像
task_9_3	Carmen's Gnome	卡门的地精
task_9_4	The Bitter Gnomes	愤怒地精
task_9_5	A New Counter	新的柜台
task_9_6	Out With the Stove	更换炉子
task_9_7	Mark's Surprise	马克的消息
task_9_8	The Report Says…	报告称——
task_9_9	A New Player Enters	新嫌疑人
task_9_10	The Cook's Station	厨师的舞台
task_10_1	Santa Sam	圣诞老人山姆
task_10_2	Carmen's Visit	卡门来访
task_10_3	Carmen's Worries	卡门的担忧
task_10_4	Talking to Sam	与山姆交谈
task_10_5	Olivia's Surprise	奥利维亚的惊喜
task_10_6	Quinn's Knight	奎因的骑士
task_10_7	The Valiant Cole	英勇的科尔
task_10_8	Family Memories	家庭回忆
task_10_9	Cole's  Suit	穿西装的科尔
task_10_10	A Fresh Bouquet	阿玛拉的礼物
task_10_11	Finally, Girl Talk	女孩密语
task_11_1	A Gift From Cole	来自科尔顿的礼物
task_11_2	Olivia's Question	奥利维亚的问题
task_11_3	Quinn's Phone Call	奎因的电话
task_11_4	A New Carpet	新地毯
task_11_5	Questioning Lori	质问罗莉
task_11_6	Spilling the Beans	秘密
task_11_7	An Old Boss	旧老板
task_11_8	Lori in Love 	罗莉的恋爱故事
task_11_9	Shelving Theories	搁置疑问
task_11_10	Final Touches	最后的修饰
task_12_1	The Front Lawn	草坪
task_12_2	A Bitter Surprise	愤怒地精
task_12_3	From THEM	来自“地精”
task_12_4	What is Troost?	什么是“信仁”？
task_12_5	Secret Debts	秘密债务
task_12_6	Jack of All Trades	杂工山姆
task_12_7	Golf Course Punks	高尔夫朋克乐队
task_12_8	An Old Fan	一个忠实粉丝
task_12_9	Cranky Carmen	奇怪的卡门
task_12_10	A Taste for Space	太空品味
task_12_11	Awesome Gig	完美演出
task_13_1	The Hot Seat	调查计划
task_13_2	Lying Low	逃避
task_13_3	Waiting For You	痴心等待
task_13_4	A Fishy Smell	海的味道
task_13_5	Expectations	期待
task_13_6	Play It Right	嫌疑解除
task_13_7	Lovebirds	“小情侣”
task_13_8	Jazz Show	演出
task_13_9	It's Complicated	这很复杂
task_13_10	Our Gazebo	我们的凉亭
task_14_1	Clearing the Air	澄清事实
task_14_2	A Stranger Call	陌生来电
task_14_3	Apologies	道歉与表白
task_14_4	The Babysitter	保姆
task_14_5	Carmen's Alibi	卡门的不在场证明
task_14_6	Old Dreams	旧日梦想
task_14_7	A shrubbery!	灌木丛!
task_14_8	Space VS Ocean	太空VS海洋
task_14_9	New Management	“海吞”
task_14_10	Alone Again	约会邀请
task_15_1	The Fish Man	鱼人
task_15_2	Double Trouble	一对活宝
task_15_3	Secret Surprise	秘密惊喜
task_15_4	Space Cat, Diver Cat	太空猫，潜水猫
task_15_5	Moonbase	月球基地
task_15_6	Humble Beginnings	开始的地方
task_15_7	The Game Show	相亲节目
task_15_8	Dreamy Date	梦幻般的约会
task_15_9	The Perfect Spot	完美的地点
task_15_10	Next Time	下一次约会
task_15_11	The First Date	第一次约会
task_16_1	Refreshed	精神焕发
task_16_2	Book Tour	签售会
task_16_3	The Hunter	怪物猎人
task_16_4	Action Shot	动作捕捉
task_16_5	The Witness	目击者
task_16_6	See You Soon, Liar	待会见，骗子
task_16_7	The Fish-man	鱼人
task_16_8	Lies Uncovered	揭穿谎言
task_16_9	Held in a Lie	谎话连篇
task_16_10	Betrayal	背叛
task_16_11	Surprise! He's Back	惊喜! 他回来了
special_order_desc_2	Olivia has a new toy, Let's help her put it together!	奥利维亚有一个新玩具，让我们帮她组装起来吧！
sign_out_confirm_desc	Currently signed in as:	当前登录账号：
task_17_1	Topsy-turvy	都乱套了
task_17_2	The Last Straw	最后一根稻草
task_17_3	Besties	好闺蜜
task_17_4	Back Again	再度回归
task_17_5	Spaceships AND Boats	宇宙飞船和船艇
task_17_6	Scandal	绯闻
task_17_7	Who’s YOUR Mark? 	谁是你的马克？
task_17_8	Macho Moment	大男子主义
task_17_9	Cole's Chance	科尔的机会
task_18_1	Breakfast Time	早餐时间
task_18_2	When the Doctor Calls	兽医来电
task_18_3	The Last Suspect	最后的嫌疑人
task_18_4	Meddling Friends	爱管闲事的朋友
task_18_5	Borrowing Coconut	借走小椰子
task_18_6	A Big Mistake	因祸得福
task_18_7	Sam's Shot	山姆的机会
task_18_8	Carmen's Return	卡门归来
task_18_9	Losing Hope	一个打击
task_19_1	The Perfect Room	完美的房间
task_19_2	Found Fragments	发现碎片
task_19_3	A Gnomish Agent	一个地精特工
task_19_4	Touché, Castillo	感动，卡斯蒂略
task_19_5	A Talented Agent	很棒的侦探
task_19_6	Starting Over	重新开始
task_19_7	Distraction!	转移注意力！
task_19_8	R.M.	R.M.
task_19_9	Prime Suspect	主要嫌疑犯
task_20_1	Paper Cranes	纸鹤
task_20_2	Off The Hook	尘埃落定
task_20_3	Harold	哈里德
task_20_4	Their Money	他们的钱
task_20_5	Tool Babies	宝贝工具
task_20_6	Happy Family	幸福的家庭
task_20_7	Release	重获自由
task_20_8	In The Dark	在黑暗之中
task_20_9	Cupid's Arrow	寻爱之旅
task_20_10	Not Your Island	我的地盘
task_20_11	Spa Night	温泉之夜
settings_language	Language	语言
language_setting_title	Choose Language	选择语言
language_change_confirm_window_title	Choose Language	选择语言
language_change_confirm_button_yes	OK	确定
language_change_confirm_button_no	Cancel	取消
language_en_button	English	English
language_ru_button	Pусский	Pусский
language_de_button	Deutsch	Deutsch
language_jp_button	日本語	日本語
language_fr_button	Français	Français
language_ko_button	한국어	한국어
language_es_button	Español	Español
language_it_button	Italiano	Italiano
language_pt_button	Português	Português
language_tw_button	繁體中文	繁體中文
language_cn_button	简体中文	简体中文
language_change_confirm_desc	The game will restart for this change to take effect.	游戏将重新启动以更改语言。
init_download	{0:N2}/{1:N2}{2}	{0:N2}/{1:N2}{2}
initialize_init_desc	Initializing…({0}/{1})	初始化……({0}/{1})
initialize_init_finish	Initialization Complete…	初始化完成……
task_21_1	Vance Pierce	万斯・皮尔斯
task_21_2	Sam Comes Back	山姆回来了
task_21_3	Vance's Friend	万斯的朋友
task_21_4	A New Door	一扇新门
task_21_5	A Little Help	举手之劳
task_21_6	Breaking News	爆炸性新闻
task_21_7	A Disagreement	意见分歧
task_21_8	Fresh Floors	翻新地板
task_21_9	Mark's Visit	马克的来访
task_21_10	More About Vance	了解万斯
task_21_11	Colton's Back	科尔顿的回归
task_21_12	Up the Stairs	修复楼梯
task_22_1	Vance Returns	万斯回来了
task_22_2	Vance Chit-Chat	与万斯闲聊
task_22_3	Making Up	弥补
task_22_4	Mysterious Sounds	神秘之声
task_22_5	Carmen Visits	卡门来访
task_22_6	Tabletop Talk	开诚布公
task_22_7	The Tension Rises	气氛紧张
task_22_8	Juggling Jobs	兼职红娘
task_22_9	Another Suspect	另一个嫌疑人
task_22_10	Dash of Pizzazz	罗莉的追求者
task_23_1	The Gang's Here	黑帮来了
task_23_2	Fair Grounds	和平相处
task_23_3	Quinn and Cole	奎因和科尔
task_23_4	The Triangle	三角恋
task_23_5	News from Mark	来自马克的消息
task_23_6	Lost in Thought	陷入沉思
task_23_7	The Movie Date	电影约会
task_23_8	Another Visitor	另一位访客
task_23_9	Thinking Caps	头脑风暴
settings_games_btn	More Games	更多游戏
cross_promotion_title	More Games	更多游戏
cross_promotion_button	Play Now	去玩玩
cross_promotion_task_title	New Game	新游戏
cross_promotion_task_main_button	Play Now	去玩玩
cross_promotion_task_desc	Play our new game and get extra reward!	尝鲜新游戏，赢取丰富奖励！
cross_promotion_task_find_button	Find	寻找
cross_promotion_task_claim_button	Claim	领取
cross_promotion_reward	Reward:	奖励：
cross_promotion_task_enter_desc	Enter the game	进入游戏
cross_promotion_task_castle_desc	Create first building	建造第一个建筑
cross_promotion_task_character_desc	Unlock first character	解锁第一个角色
cross_promotion_task_level_desc	Upgrade level	游戏等级
cross_promotion_coming	Coming Soon…	敬请期待
event_common_time_remain	Event ends in:	活动结束倒计时：
common_reward_desc	Reward:	奖励:
show_ad_failed_window_title	Error	错误
show_ad_failed_window_desc	Something went wrong. Please try again.	广告播放失败，请稍后再试。
show_ad_failed_window_btn	OK	好的
sign_out_success_apple_desc	Signed out from Apple!	从 Apple账号登出！
sign_in_success_apple_desc	Signed in with Apple!	使用Apple账号登录！
login_disconnect_apple_desc	Your Apple account is signed in another device and disconnected from your current device.	您的 Apple 帐户已在另一台设备上登录，并与您当前的设备断开连接。
task_24_1	Morning Visit	早晨访客
task_24_2	Customer Complaint	客人的投诉
task_24_3	A Little Spark	小小的火花
task_24_4	A Novel Idea	新的小说
task_24_5	Not a Fan	不受欢迎的人
task_24_6	The Big Crush	浓情蜜意
task_24_7	What the Heart Wants	心之所向
task_24_8	Muscle Show	肌肉秀
task_24_9	The Boss	幕后老板
task_24_10	Sophia's Warning	索菲娅的警告
task_24_11	The Necklace	项链
task_24_12	An Inside Scoop	内幕消息
task_25_1	Vance's Motives	万斯的动机
task_25_2	Harrison Returns	哈里森回归
task_25_3	Something Fishy	烧烤架
task_25_4	To Cole's Surprise	惊讶的科尔
task_25_5	Green with Envy	吃醋
task_25_6	Sophia's  Motive	索菲娅的动机
task_25_7	Breaking Point	离开
task_25_8	A Family Promise	家庭的承诺
task_25_9	Amala's Report	阿玛拉的调查
task_25_10	Lighting the Way	照亮道路
task_26_1	Vance the Flex	骄傲的万斯
task_26_2	Vance's Excuse	万斯的借口
task_26_3	A Refurbished Boat	翻新快艇
task_26_4	Calling the Enemy	打给敌人的电话
task_26_5	Olivia's Boat	奥利维亚的船
task_26_6	Talk of the Town	小有名气
task_26_7	Back for More	索菲娅来访
task_26_8	Fighting for Family	为家庭而战
task_26_9	A Shaky Foundation	隔阂
task_26_10	Quinn's Suspects	奎因的嫌疑人
task_26_11	Bad Lighting	索菲娅的证明
task_27_1	A Little Stalking	小小的调查
task_27_2	Just a Scratch	划伤而已
task_27_3	Sam's Secret	山姆的秘密
task_27_4	A New Clue	新的线索
task_27_5	Accusing Cole	询问科尔
task_27_6	Cole's Alibi	科尔的不在场证明
task_27_7	Quinn's Apology	奎因的道歉
task_27_8	The Counselor Calls	辅导员来电
task_27_9	Quinn's Plan	奎因的计划
task_27_10	Hot Tea	热茶
task_28_1	Ziva's Arrival	姬瓦来访
task_28_2	Talking Business	谈生意
task_28_3	Best Acting Award	最佳女演员
task_28_4	Waiting for Time	给自己一些时间
task_28_5	Friendly Advice	友好建议
task_28_6	Frenemies	亦敌亦友
task_28_7	Lori's Offer	罗莉的提议
task_28_8	Some New Light	好的品味
task_28_9	Not a Match	不合适
task_28_10	The Old Saying	俗话说
Bakeout_offline_button	Try Again	再试一次
Bakeout_offline_title	No Connection	网络错误
setting_window_copy_success	ID copied	id已复制
setting_profile_window_title	Profile Picture	头像
no_task_pretip	You completed all of the tasks!\nThe next update will be on:\n{0}.	你完成了所有的任务!\n下一次更新时间为：\n{0}。
Bakeout_title	<size=45>Review Rivalry</size>\nCook-Off	<size=45>餐厅评选之争</size>\n巅峰厨神
Bakeout_subtitle_new	New Event	新的活动
Bakeout_description	Outdo others to become\n<size=120><color=#ffd132>Best in Brimwave</color></size>\nand earn rewards!	参加评选并竞争\n<size=120><color=#ffd132>浪尾岛第一</color></size>\n同时获取丰厚奖励！
Bakeout_startrade_title	Star\nSwap	星星\n交易
Bakeout_startrade_description	There's no limit to how many stars you can swap!	比赛结束前，你可以随时兑换星星。
Bakeout_startrade_rank	Current Rank	当前排名
Bakeout_button	Start Cooking	开始烹饪
Bakeout_information	Well done! You're up-to-date with Quinn's story. but one obstacle still remains: the competition!\n\nLet’s host a community cook-off! The whole town's invited, so it's time to step up! Help Quinn build up the reputation of the restaurant by earning top reviews from the townsfolk.\n\nCompete against other players,  earn stars and win cool rewards!	干得好! 不过，奎因的故事并没有结束，现在让我们专注于眼前：竞赛！\n\n现在可以参加餐厅评选，竞争巅峰厨神！全镇的人都被邀请了，你还在犹豫什么呢？快来帮助奎因建立起餐厅的声誉，赢得大家的好评！\n\n与其他玩家竞争，获得积分并赢得酷炫的奖励！
Bakeout_result	<color=#1c8ee6>{2}</color>,You ranked <size=45><color=#1c8ee6>{0}</color></size> out of {1} restaurants.	<color=#1c8ee6>{2}</color>，你在{1}家餐厅中取得了第<size=45><color=#1c8ee6>{0}</color></size>的名次！
Bakeout_subtitle_end	Event Ended	活动结束
Bakeout_clearing	We're still adding up the stars! Come back later for the results.	我们仍在统计星星的数量，稍后即可查看比赛结果！
bakeout_rank_1	<size=65>{0}</size><size=55>st</size>	<size=65>{0}</size><size=55>st</size>
bakeout_rank_2	<size=65>{0}</size><size=55>nd</size>	<size=65>{0}</size><size=55>nd</size>
bakeout_rank_3	<size=65>{0}</size><size=55>rd</size>	<size=65>{0}</size><size=55>rd</size>
bakeout_rank_4	<size=65>{0}</size><size=55>th</size>	<size=65>{0}</size><size=55>th</size>
Bakeout_subtitle_info	Event Info	活动详情
Bakeout_collect_button	Collect	收集
Bakeout_check_button	Leaderboard	排行榜
new_task_tip	New tasks are available now! Earn coins to complete them!	新的内容已经更新！继续赚取金币来体验新内容！
new_task_title	New Tasks Available	更新提示
Bakeout_offline_tip	An internet connection is required to participate in the event.	你需要连接网络才能参加活动。
Bakeout_collectfail_tip	Network connection failed, please try again later.	网络连接失败，请稍后重试。
Bakeout_collectfail_retip	You have already claimed the reward, please do not claim it again.	你已经领取过奖励，请勿重复领取。
Bakeout_collectfail_title	Connection Error	连接失败
tutorial_bakeout_1	Build the restaurant's reputation by delivering star-worthy food!	为顾客提供美味的食物来获取他们的好评和星星！
tutorial_bakeout_2	The more stars you earn, the better the rewards. Let's go!	你获得的星星越多，最后的奖励就越丰厚！现在开始！
tutorial_bakeout_3	Different customers will give you different numbers of stars.	订单不同，你能获得的星星数量也不同。
tutorial_bakeout_startrade1	Need more stars? There are some tips and tricks.	星星不够？试试这个。
tutorial_bakeout_startrade2	Tap here to swap your coins for stars.	点击这里可以兑换星星。
tutorial_bakeout_startrade3	This first one's free. Take a look!	第一次是免费的！试试吧！
tutorial_nameandportrait1	Tap the Settings button to see your name and profile.	点击设置按钮查看你的昵称和头像。
tutorial_nameandportrait2	You can change your profile picture in Settings.	点击设置页面的头像，可以选择更换。
tutorial_nameandportrait3	You can change your name in Settings.	点击设置页面的昵称，可以修改昵称。
Bakeout_clearing_title	Calculating	结算中
setting_window_change_fail	Name change failed; please make sure you haven't used any unsupported characters.	昵称修改失败，请检查是否有非法字符。
setting_window_change_success	Successfully changed.	修改成功
notification_off_hint	Full energy notification is turned off.	体力回满通知已关闭
notification_on_hint	Full energy notification is turned on.	体力回满通知已开启
merge_hint_off_hint	Merge hint is turned off.	合成提示功能已关闭
merge_hint_on_hint	Merge hint is turned on.	合成提示功能已开启
clearAll_window_title	Delete Account	注销账号
clearAll_window_desc	If you delete your account, you will lose all game data (including Task Progress, Gems and Coins). You will be unable to continue your current game on any device.\nAre you sure you want to delete your account?	如果注销账号，您将丢失该账号的所有游戏数据（包括任务进度、钻石、金币等），无法在本设备或其他设备上继续当前游戏，请谨慎操作。\n您确定要注销账号吗？
clearAll_window_yes_btn	Yes	确定
clearAll_verify_title	Delete Verification	注销验证
clearAll_verify_desc	You will be unable to retrieve all game data (including Task Progress, Gems and Coins) after deleting account.\nPlease input the code {0} below and click "Yes".	注销后您将彻底丢失该账号的所有游戏数据（包括任务进度、钻石、金币等），且无法找回。\n请在下方输入数字{0}，然后点击确定。
clearAll_verify_yes_btn	Yes	确定
clearAll_confirm_title	Delete Confirm	注销确认
clearAll_confirm_desc	The delete operation is irreversible. You will lose all game data (including Task Progress, Gems and Coins). You will be unable to continue your current game on any device, and the game will restart.	注销后不可撤销，您将彻底丢失该账号的所有游戏数据（包括任务进度、钻石、金币等），无法在本设备或其他设备上继续当前游戏，游戏将重新开始。
clearAll_confirm_yes_btn	Confirm	确认
clearAll_success_title	Delete Complete	注销成功
clearAll_success_desc	This account has been deleted. If you want to play again, please restart the game.	当前账户已注销。\n如果您想再次玩游戏，请重新启动游戏。
clearAll_success_quit_btn	Quit	退出
clearAll_success_restart_btn	Restart	重启
clearAll_fail_title	Delete Failed	注销失败
clearAll_fail_desc	Failed to delete data!\nPlease try again later.	服务器异常，注销失败。\n请稍后再试。
clearAll_fail_btn	OK	好的
clearAll_remind_title	Account has been deleted	账号已被注销
clearAll_remind_desc	This account (id:{0}) has been deleted on {1}.\nYou can restart the game or login other account, If you have any questions, please contact us.	当前账户（id:{0}）已于{1}注销。\n您可以重新开始游戏，或登录其他账号。如有疑问，请联系客服申诉。
clearAll_remind_contact_btn	Contact	联系客服
clearAll_remind_ok_btn	Restart	重启
clearAll_repeat_remind_desc	This account (id:{0}) has been deleted on other device.\nYou can restart the game or login other account, If you have any questions, please contact us.	当前账户{0}已在另一设备上注销。\n您可以重新开始游戏，或登录其他账号。如有疑问，请联系客服申诉。
privacy_setting_delete	Delete Account	注销账号
privacy_setting_ad	Ad personalization	个性化广告设置
privacy_setting_show_data	Show My Data	获取我的数据
ad_personalization_title	Ad personalization	个性化广告设置
ad_personalization_android	You can go to Settings > Privacy > Advanced, and turn off Personalize using app data (differs depending on your device or system).	您可以在  设置 > Google 账户 > [隐私]> 关闭[将应用程序数据用于个人化服务] （具体取决于您的设备或系统版本）
ad_personalization_ios	You can go to Settings  > Privacy >  Tracking > Gossip Harbor, and turn off Allow Gossip Harbor to Request to Track.	您可以在前往「设定」 >「隐私权」>「Apple 广告」，然后开启或关闭「个人化广告」。
show_data_title	Show My Data	获取我的数据
show_data_desc_1	Please enter your email address below to view your data.	请在下方输入您的电子邮箱地址，以获取数据。
show_data_desc_2	The email address you entered is:\n{0}\nTo protect your privacy, please enter the email address again to confirm.	您输入的电子邮箱地址是：\n{0}\n为了保护您的隐私安全，请在下方再次输入您的电子邮件地址以确认。
show_data_error_1	The e-mail you entered is inconsistent with the one you entered for the first time. Please check and re-enter it.	您输入的邮箱与首次输入的不一致，请再次确认后重新输入
show_data_success_title	Success	获取成功
show_data_success_desc	A copy of your data will sent to your email address soon, Please wait patiently.	我们会尽快将您的数据备份发送到您的邮箱，请耐心等待。
show_data_error_2	Email address format error	邮箱地址格式错误
sync_ver_error_title	Connection Error	连接错误
sync_ver_error_desc	Your current progress cannot be saved to the cloud. Please update to the latest game version to use your current progress. (Please exit the game and restart it)	您的游戏版本过低，数据无法保存至云端。要使用您的游戏数据，请先更新至最新的版本。（请关闭进程后重启游戏）
general_ui_enter_text	Enter code here...	点击输入...
ad_compensate_window_title	Reward compensation	广告奖励补偿
mail_window_title	Inbox	收件箱
mail_window_empty_list	Inbox is empty.	收件箱暂时是空的。
mail_window_empty_content	You have no new messages.	暂无新邮件。
mail_window_end_time	Expires in <color=red>{0}</color>	离过期还有 <color=red>{0}</color>
mail_window_get_reward_button	Claim	领取
mail_window_jump_button	Go	查看
mail_window_timeout_reward	This mail has expired.	该邮件已过期。
mail_window_timeout_reward_button	Expired	已过期
mail_window_no_reward_button	Claimed	已领取
mail_window_no_reward	The reward from this mail has been claimed!	该邮件的奖励已经领取过啦！
cheat_warn_title	Cheating Warning	作弊警告
cheat_warn_desc	Unfortunately, your in-game behavior has been marked as suspected cheating by the system and you are now temporarily suspended from the game. \nPlease contact our customer service if you would like to dispute this.	很遗憾，您在游戏内的行为被系统标记为疑似作弊，所以暂时无法进入游戏。\n如果您认为存在误判，请您联系客服反映。
Bakeout_waitingplayers_desc	We are still waiting for other players.	正在等待其它玩家加入竞赛。
task_29_1	Just like the Book	诸如此书
task_29_2	Two and Two Together	大同小异
task_29_3	Norman's Return	诺曼回归
task_29_4	Relationship Goals	维持热恋
task_29_5	Unlucky in Love	恋爱中的厄运
task_29_6	Quinn's Postcard	奎因的明信片
task_29_7	Just a Push	推波助澜
task_29_8	A Dip in the Pool	掉入水池
task_29_9	Sophia the Actor	“演员”索菲娅
task_29_10	Quinn's Patient	忍无可忍的奎因
task_30_1	The Pool Deck	泳池甲板
task_30_2	Carmen's Support	卡门的支持
task_30_3	A Hidden Talent	隐秘的才能
task_30_4	The Criminal Concerto	犯罪协奏曲
task_30_5	A Stage is Born	舞台的诞生
task_30_6	Tongue Tied	语无伦次
task_30_7	Snoopy Sophia	超人索菲娅
task_30_8	Colton's Fight	科尔顿的攻略计划
task_30_9	Pressing Pause	短暂分别
task_30_10	Clearing Harrison	排除哈里森
task_30_11	Aye-Aye Cap'n	收到，队长
task_31_1	One Man's Trash	处理垃圾的男人
task_31_2	Setting the Bar	布置吧台
task_31_3	A Celebrity Visit	名人来访
task_31_4	Ziva's #1 Fan	姬瓦的头号铁粉
task_31_5	Igniting the Flame	点燃斗志
task_31_6	The Restaurant's Heart	餐厅的心脏
task_31_7	Patience Wearing Thin	急不可耐
task_31_8	Talking Suspects	讨论嫌疑人
task_31_9	Mark's Check-Up	马克的身体检查
task_31_10	Carmen's Evidence	卡门的证言
task_31_11	The Super Fan	超级粉丝
task_32_1	A Morning Caller	清晨来访者
task_32_2	Just a Little Something	小惊喜
task_32_3	Cole's Send-Off	送别科尔
task_32_4	Lori's Pawn	罗莉的傀儡
task_32_5	Some Light Work	手到擒来
task_32_6	Sharing More Tea	八卦大会
task_32_7	What's Your Type	理想型
task_32_8	A Man on the Inside	蒙在鼓里
task_32_9	News Update	新绯闻
task_32_10	The Cunnigham Rebel	坎宁安家族的叛逆者
task_33_1	Lightening the Load	如释重负
task_33_2	The Slip Up	口误
task_33_3	Tangled Thoughts	心乱如麻
task_33_4	The Truth Is...	坦白真相……
task_33_5	An Early Lunch	早午餐
task_33_6	A Bright Star	抚慰人心的小星星
task_33_7	A Heavy Conscience	沉重的交流
task_33_8	Plucking the Heart Strings	敞开心扉
task_33_9	Jumping Too Far	一个惊喜
task_33_10	Carmen's New Shine	星光闪耀的卡门
task_33_11	Encore! Encore!	引人入胜
energy_pack_title	Power-Up Pack 	超多能量!
bundle_normal_1	Daily Specials	每日特价
bundle_normal_1_pack1	Pack of Gems	钻石礼包
bundle_normal_1_pack2	Pack of Riches	豪华礼包
bundle_normal_1_pack3	Pack of Luxuries 	奢华礼包
most_popular_tag	MOST\n POPULAR	最畅销!
best_value_tag	BEST\n VALUE	最实惠!
value_tag	{0}%\nVALUE	{0}%\n价值
off_tag	{0}%\nOFF!	{0}%\n折扣!
item_info_produced_by_desc	Generated by:	产自：
bundle_normal_2	Daily Specials	每日特价
bundle_normal_2_pack1	Pack of Gems	钻石礼包
bundle_normal_2_pack2	Pack of Riches	豪华礼包
bundle_normal_2_pack3	Pack of Luxuries 	奢华礼包
bundle_normal_3	Perfect Packs	限时特卖!
bundle_normal_3_pack1	Starter Set	入门礼包
bundle_normal_3_pack2	Classic Collection	经典礼包
bundle_normal_3_pack3	Bougie Bundle	奢华礼包
ad_compensate_window_desc	Oops! The advertisement failed to play. Here is your compensation reward.	抱歉，广告播放失败，这是您的补偿奖励。
great_deal_tag	Great\n Deal! 	超值!
bonus_tag	{0}%\nBONUS	{0}%\n附赠
bundle_buy_fail_tips	Oops, there is something wrong with this bundle! Please purchase a different bundle.	哎呀，该礼包已失效，请尝试购买其它礼包。
event_picnic_decorations_desc	Finish orders to earn event points! Use the event points to buy all the picnic decorations!	完成订单以获取活动积分！使用积分兑换所有的野餐装饰！
event_general_extend_title	Event ended!	活动已结束!
event_general_extend_ask	Want to extend the event?	想要延长活动时间？
event_general_extend_left	0 days left	剩余0天
event_general_extend_add	+ 2 days	+ 2 天
event_general_extend_expire_desc	Offer expires in {0}.	机会即将消失：{0}
event_general_extend_no_btn	No, thanks	不，谢谢
event_general_extend_yes_btn	Extend	继续
event_general_extend_success_title	Successfully Extended	购买成功
event_general_extend_success_extra_days	+ 2 days	+ 2 天
event_general_extend_success_ok	Great!	太棒了!
item_booster_activate_btn	Activate	激活
item_6706_desc_a	This Item can double the recharging speed of surrounding items for 2 hours.	这个物品会将周围棋子的冷却时间缩短一半。
item_6706_desc_activated_a	You have activated it. The recharge speed for surrounding items is doubled.	已激活。该棋子周围棋子的冷却时间将会缩短一半。
event_picnic_decoration_name_1	Mushroom Campsite	蘑菇帐篷
event_picnic_decoration_name_2	Picnic Lounge	野餐区域
event_picnic_decoration_name_3	Retro Camper	复古露营车
event_picnic_decoration_name_4	Swell Mango Tree	丰收的芒果树
event_picnic_decoration_name_5	Reading Chair	阅读椅
event_picnic_decoration_name_6	Grill Station	烧烤桌
event_picnic_decoration_name_7	Quench Station	清凉水吧
event_picnic_decoration_name_8	Berry Arch	野莓拱门
event_picnic_decoration_name_9	Picnic Lanterns	户外提灯
event_picnic_decoration_name_12	Earthy Dirt Path	野外小径
event_picnic_decoration_name_11	Honeysuckle Shrubs	金银花灌木
event_picnic_decoration_name_10	Floral Lawn	花卉草坪
event_picnic_decoration_name_13	Mushroom Lights	蘑菇地灯
event_general_prediction_countdown	Event starts in:	活动开启倒计时：
event_general_prediction_ok	Awesome!	期待!
event_general_start_desc	New event ready!	新活动已就绪！
event_general_start_btn	Let's go!	开始吧!
event_general_decorations_play	Play	开始
event_general_note_title	How the Event Works	活动规则
event_general_note_desc1	Finish Event Orders	完成活动订单
event_general_note_desc2	Earn Event Points	赚取活动积分
event_general_note_desc3	Buy Event Decorations	兑换活动装饰
event_general_note_ok_btn	Great	太棒了
event_general_end_title	Event ended!	活动已结束!
event_general_points_reclaim_desc	Your remaining Event Points have been converted into Coins.	剩余的活动积分已自动帮你兑换成金币：
event_general_points_reclaim_btn	Collect	领取
event_general_end_btn	Sweet	确定
event_general_tutorial_start_1	Finally! The event is ready. Tap the event icon to get started.	终于！庆祝活动就要开始了。点击活动图标来进行查看。
event_general_tutorial_start_2	You can exchange your points to decorate the event space!  	你可以使用活动积分兑换装饰来装扮活动区域！
event_general_tutorial_start_3	To see the event items, tap the special decoration icon.	点击这里来预览所有的装饰物效果。
event_general_tutorial_start_4	Wow! It looks fantastic with all the decorations! 	哇哦！这些装饰集齐的效果看起来真棒呢！
event_general_tutorial_start_5	Now let's go back to the decoration shop!	现在让我们返回装饰兑换界面吧！
event_general_tutorial_start_6	To begin the merging festivities, tap the play button!	点击开始按钮来进入活动棋盘界面！
task_34_1	The First Breadcrumb	残存的线索
task_34_2	Carmen’s Lesson	演出后的卡门
task_34_3	Seeing the Magic	音乐即是魔法
task_34_4	An Invitation	一个邀约
task_34_5	Dating Goals	双向奔赴
task_34_6	Suspicious Specks	可疑的借口
task_34_7	Follow the Signs	遵循内心
task_34_8	Sam’s Old Crowd	山姆的旧圈子
task_34_9	Doggy Bag	打包带回来
task_34_10	A New Partner	新的合作伙伴
task_35_1	A Piece of Luck	吉祥物
task_35_2	Singing Praises	由衷的赞美
task_35_3	Speaking of School	该上学了
task_35_4	Big Kid Chair	大童椅
task_35_5	Back on the Case	回到案件上
task_35_6	Fruit Punch	水果篮冲击
task_35_7	Smooth Operator	油嘴滑舌
task_35_8	Retracing Steps	重溯步骤
task_35_9	Building Paranoia	诡异的声音
task_35_10	The Hunter	猎人
task_36_1	Calling Vance	给万斯打电话
task_36_2	Caught in the Muck	谎言陷阱
task_36_3	Vance in Deep Water	窒息的万斯
task_36_4	An Off-Putting Vibe	尴尬的气氛
task_36_5	A House Call	房间外打来的电话
task_36_6	Ziva’s Motive	姬瓦的目的
task_36_7	Behind the Author	作家背后的故事
task_36_8	A Writer’s Tip	作家的提示
task_36_9	Ziva TV	电视中的姬瓦
task_36_10	Olivia’s Moon	奥利维亚的月亮
task_36_11	A Cosmic Idea	一个关于宇宙的灵感
task_37_1	A Strange Character	一个奇怪的人
task_37_2	Found Footage	监控发现
task_37_3	Missing Piece	最后一块拼图
task_37_4	A Way In	一个绝妙的计划
task_37_5	Certified Bad Boy	公认的坏男孩
task_37_6	Stung	被套路的万斯
task_37_7	Girl Power!	女孩的力量！
task_37_8	Amala M.I.A.	阿玛拉的事情
task_37_9	Return of the Gnomes	地精归来
task_37_10	Pool Party!	泳池派对！
no_purchase_need_restore	There is no record available to restore right now.	没有可恢复的购买记录。
restore_purchases_btn	Restore Purchases	恢复购买
setting_login_first_desc	Login to gain <size=60><sprite="icon_property" name="icon_gem">{0}</size> and save your progress to the cloud!	登录即可获得<size=60><sprite="icon_property" name="icon_gem">{0}</size>个，并将游戏进度保存至云端以防丢失。
login_fail_ver_desc	You are using an outdated game version. To synchronize game progress, please update the game.	您当前的游戏版本较旧，需要更新至新版本才能同步进度哦！
storytutorial_branch_swallow_item_1_1	This is a chicken coop! It'll produce chickens!	这是一个鸡舍，它会产生小鸡。
storytutorial_branch_swallow_item_2_1	Tap the Chicken Coop when the requried Chicken Feed is ready. Tap again to produce Chickens.	当需求的鸡饲料就绪时，点击鸡舍来喂养小鸡。之后再次点击来产生小鸡。
storytutorial_branch_swallow_item_3_1	I wanna try! Mama, can I try?	我想试试！可以吗，妈妈？
item_8201_name	Old Post	枯树枝
item_8202_name	Tattered Hat	破旧草帽
item_8203_name	Patched-up Overalls	缝补过的裤子
item_8204_name	Raincoat & Neckerchief	穿旧的上衣
item_8205_name	Basic Scarecrow	简易稻草人
item_8206_name	Fancy Scarecrow	完整稻草人
item_8301_name	Sparrow	麻雀
item_8302_name	Goldcrest	戴菊
item_8303_name	Blue Tit	蓝山雀
item_8304_name	Common Kingfisher	翠鸟
item_8305_name	Cardinal	北美红雀
item_8306_name	Blue Jay	冠蓝鸦
item_8307_name	Green Woodpecker	啄木鸟
item_8308_name	Parakeet	鹦鹉
item_8309_name	Barn Owl	谷仓猫头鹰
item_8310_name	Red-crested Turaco	红冠蕉鹃
item_8311_name	Colorful Toucan	彩虹巨嘴鸟
item_8312_name	Dancing Flamingo	跳舞的火烈鸟
item_8313_name	Fabulous Peacock	华丽的孔雀
item_8401_name	Barn Foundation	谷仓框架
item_8402_name	Basic Barn	简易谷仓
item_8403_name	Fancy Barn	完整谷仓
item_8404_name	Double-Decker Barn	双层谷仓
item_8501_name	Hay Cart	干草车
event_order_empty_hint	All event orders completed, Congratulations!	所有活动订单都已完成，祝贺你！
item_9501_name	A Little Gift	小礼盒
item_9601_name	Surprise Present	惊喜礼盒
item_9701_name	Surprise Present	惊喜礼盒
item_truckbox_1_name	Surprise Present	惊喜礼盒
item_truckbox_2_name	Surprise Present	惊喜礼盒
item_truckbox_3_name	Surprise Present	惊喜礼盒
google_sign_in_btn	Sign in with Google	登录Google
sign_out_success_google_desc	Sign out from Google	登出
sign_in_success_Google_desc	Signed in with Google!	使用Google账号登录！
login_disconnect_google_desc	Your Google account is signed in another device and disconnected from your current device.	您的 Google 帐户已在另一台设备上登录，并与您当前的设备断开连接。
event_undersea_merge_mermaid_1	WOW! Mama, she’s real pretty!	哇哦！妈妈，她可真漂亮！
event_undersea_merge_mermaid_2	I think she’s the mermaid queen.	我想她应该是美人鱼女王。
event_undersea_merge_pearl_1	What are these, Mama?	妈妈这些是什么？
event_undersea_merge_pearl_2	Pearls. They come from different shells.	这些是珍珠。他们出自不同的贝壳。
event_undersea_merge_pearl_3	Whoa! That’s cool.  	哇！这可真酷！
event_undersea_merge_turtle_1	That turtle swims real fast!	那只乌龟游得可真快！
event_undersea_merge_turtle_2	I know, right? It’s a special turtle.	是的，那是一只特殊的乌龟。
event_undersea_merge_turtle_3	It can double the recharging speed of surrounding items.	它可以使附近物品冷却时间缩短一半。
event_undersea_merge_tiara_1	Are you ready to be an ocean princess? 	你准备好变成一个海洋公主了吗？
event_undersea_merge_tiara_2	Isn’t it too big for me?	这对我来说是不是有点大？
event_undersea_merge_tiara_3	No, Starlight. I think it’ll fit just right.	不，小星星。这对你来说刚好合适。
event_undersea_merge_map_1	Kiddo! Are you ready to look for some treasure!? 	小朋友！你们准备好去寻宝了吗？
event_undersea_merge_map_2	Pirates don’t say kiddo.	小朋友不像是海盗常用的称呼……
event_undersea_merge_map_3	Aye we do! Now where’s that gold!?	好的船长！现在让我们看看金子在哪儿！
event_undersea_merge_key_1	I think this is the key to the treasure chest!	我想这是开启宝箱的钥匙！
event_undersea_merge_key_2	Quick, Mama! Open it up! I wanna see!	快，妈妈！打开它，我想看看！
activity_Lollipop_name	Olivia's Lollipop Hunt	寻找奥利维亚的棒棒糖
activity_Lollipop_coming_soon	COMING SOON	即将开始
activity_Lollipop_desc	Olivia has a sweet-tooth, and she can't be stopped! Help her find the tasty lollipops!	奥利维亚非常爱吃甜食，帮助她找到那些美味的棒棒糖吧！
activity_Lollipop_Olivia_countdown	I know where my mom hides all the sweets! Promise not to tell her, We can share! 	我们一起去找妈妈藏起来的棒棒糖吧！但你要帮我保密哦！
activity_Lollipop_countdown_title	Event begins in:	活动即将开始：
activity_Lollipop_ready_desc	HUNT WITH US!	开始寻找！
activity_Lollipop_start_btn	Ready, Go!	预备，开始!
activity_Lollipop_complete	<color=#fff947>TARGETS\nACHIEVED!</color>	<color=#fff947>目标完成!</color>
activity_Lollipop_Olivia_ready	Ready, set, go! Let's go find all the lollipops!	准备好了吗！我们去找棒棒糖吧！
activity_Lollipop_collected_title	LOLLIPOPS FOUND	已收集棒棒糖
activity_Lollipop_Olivia_happy_1	I promise you can have one soon!	你等会儿就可以吃到糖了！
activity_Lollipop_Olivia_happy_2	Okay, you can have the next one.	下一颗糖就轮到你吃了哦！
activity_Lollipop_Olivia_happy_3	I can't wait to find more…	我都等不及了！
activity_Lollipop_Olivia_happy_4	Mama never lets me have this many at once…	妈妈从来不让我一次吃这么多糖……
activity_Lollipop_Olivia_happy_5	Taffy? Ew, no! More lollipops!	我不爱吃太妃糖！我们还是继续找棒棒糖吧！
activity_Lollipop_Olivia_surprised_1	Yay! We found one! But that's not enough!	耶！我们找到了一颗！但这远远不够！
activity_Lollipop_Olivia_surprised_2	Another! Woo!	哇哦！我们又找到了一颗！
activity_Lollipop_Olivia_surprised_3	Uh-oh…I think that one was for you…but I ate it.	啊哦……我不小心把你的棒棒糖吃了……
activity_Lollipop_Olivia_surprised_4	We've found lots so far! Let's find more.	我们已经找到了好几颗！继续加油！
activity_Lollipop_Olivia_surprised_5	This one's mine…you get the next one.	这颗我吃，下一个给你！
activity_Lollipop_Olivia_excited_1	Mhmm. These are my favorite!	哇！这些是我最爱吃的！
activity_Lollipop_Olivia_excited_2	My head feels funny…	我现在觉得超级开心！
activity_Lollipop_Olivia_excited_3	I've forgotten how many I've eaten…	我都数不清我吃了多少颗了！
activity_Lollipop_Olivia_excited_4	My head feels funny…	我现在觉得超级开心！
activity_Lollipop_Olivia_excited_5	More! More! More!	我还想吃更多！
activity_Lollipop_get_reward	Collect Rewards	收集奖励
activity_Lollipop_serve_button	Done	完成
activity_Lollipop_recover_reward	You didn't claim your prize! Don't worry, it's still here for you.	你忘记领奖了！别担心，我们为你保留了奖励。
activity_Lollipop_recover_receive	Receive	领取
push_activity_Lollipop_open_title	Olivia's Lollipop Hunt	寻找奥利维亚的棒棒糖
push_activity_Lollipop_open_desc	New event, live now! Help Olivia find hidden lollipops and win prizes!	新活动开始了！帮助奥利维亚找到奎因藏起来的棒棒糖并赢取奖励！
push_activity_Lollipop_end_title	Olivia's Lollipop Hunt	寻找奥利维亚的棒棒糖
push_activity_Lollipop_end_desc	Find those lollipops before Quinn gets home! Event ends in 5 hours.	在奎因回家之前找到更多的棒棒糖！活动即将在5小时后结束。
item_12801_name	Lollipop	棒棒糖
item_12802_name	Lollipops	棒棒糖
item_12803_name	Lollipops	棒棒糖
item_12804_name	Bundle of Lollipops	一束棒棒糖
item_12805_name	Hamper of Lollipops	棒棒糖花束
item_12801_desc	Merge to reach the next level. Tap to collect <color=#1c8ee6>1</color> lollipop.	合并以达到下一个级别。点击收集<color=#1c8ee6>1</color>个棒棒糖。
item_12802_desc	Merge to reach the next level. Tap to collect <color=#1c8ee6>3</color> lollipops.	合并以达到下一个级别。点击收集<color=#1c8ee6>3</color>个棒棒糖。
item_12803_desc	Merge to reach the next level. Tap to collect <color=#1c8ee6>7</color> lollipops.	合并以达到下一个级别。点击收集<color=#1c8ee6>7</color>个棒棒糖。
item_12804_desc	Merge to reach the next level. Tap to collect <color=#1c8ee6>15</color> lollipops.	合并以达到下一个级别。点击收集<color=#1c8ee6>15</color>个棒棒糖。
item_12805_desc	Tap to collect <color=#1c8ee6>31</color> lollipops. This item is at its max level.	点击收集<color=#1c8ee6>31</color>个棒棒糖。该棋子处于最高等级。
item_12701_name	A Little Gift	小礼盒
item_12901_name	 	惊喜礼盒
item_13001_name	Surprise Present	惊喜礼盒
activity_Lollipop_tutorial_1	Hey, you! Will you help me find the lollipops mama has hidden? Tap here to start!	嗨！你能帮我把妈妈藏起来的棒棒糖找出来吗？点击这里开始！
activity_Lollipop_tutorial_2	You serve the customers, and I'll find the lollipops! Maybe we'll find some other rewards, too!	每次你完成一名顾客的订单，我就能找到棒棒糖！我们也许还能获得一些其他的奖励！
activity_Lollipop_tutorial_4	Look! We found one! So tasty...	看！我们找到了一颗！看起来就很美味……
activity_Lollipop_tutorial_5	Tap here for all the info about the lollipop!	点击这里查看棒棒糖的详细信息。
activity_Lollipop_tutorial_6	If we merge the lollipops, we can find more! Tap them to collect whenever you like.	把棒棒糖合并到一起，我们就能得到更多棒棒糖！你也可以随时点击收集它。
item_duration_left_desc	Time left:	剩余时间：
activity_Lollipop_Olivia_win	Wow! We did it! We better eat them all before mama gets back!	耶！我们成功了！在妈妈回来之前我们最好把它们全部吃光光！
activity_Lollipop_end	HUNT ENDED!	活动结束
activity_Lollipop_Olivia_lose	Aww. But I wanted more! We'll try again next time mama goes out.	唔……我还没吃够呢！下次妈妈不在的时候我们再试试吧！
speed_cooking_title	Poppy's Cooking Test	波比的厨艺挑战
speed_cooking_pre_bubble	How are your cookings skills? Hopefully they're fast enough!	你的厨艺怎么样？够不够快？
speed_cooking_ready_bubble	Ah, looks like you're ready for the test.	哈，看来你已经做好准备了。
speed_cooking_reveal_bubble	Tap to see the challenges I've prepped for you.	点击来查看需要完成哪些菜品。
speed_cooking_started_bubble	Tap an item to plate once its ready to serve. 	当菜品准备就绪时，点击它来完成上菜。
speed_cooking_round_desc	Level {0}/{1}	挑战 {0}/{1}
speed_cooking_reveal_hint	Tap to show all the challenge orders.	点击来显示所有的挑战菜品。
speed_cooking_reveal_btn	Show	显示
speed_cooking_hint_row	Lines	直线
speed_cooking_hint_diagonal	Diagonals	对角线
speed_cooking_hint_all	All	全部
speed_cooking_extra_reward_title	Extra Rewards	额外奖励
speed_cooking_extra_reward_desc	Finish this pattern to earn extra rewards!	完成的订单连成以下图形时还可以获得额外奖励！
speed_cooking_order_rewards	Rewards	奖励
speed_cooking_order_requirement	Requirements:	需要：
speed_cooking_order_turn_in	Turn in	交付
speed_cooking_next_bubble	Not bad. Ready for a next level challenge?	还不错。准备好开始下一轮挑战了吗？
speed_cooking_level_completed	Level Completed!	挑战完成！
speed_cooking_next_level_hint	Start New Level	开始新挑战
speed_cooking_all_finish_bubble	Well done! You've completed all the levels!	非常精彩！你完成了所有的挑战！
speed_cooking_all_finish_hint	All levels cleared!	全部挑战已完成
speed_cooking_all_finish_btn	Cool!	真棒!
item_ml_undersea_pearl_1_name	Prime Pearl	一颗珍珠
item_ml_undersea_pearl_2_name	Displayed Pearls	珍珠展品
item_ml_undersea_pearl_3_name	Tin of Pearls	罐装珍珠
item_ml_undersea_pearl_4_name	Pod of Pearls	珍珠之匣
item_ml_undersea_pearl_5_name	Posh Pearls	珍珠项链
item_ml_undersea_mermaid_1_name	Princess Mermaid	美人鱼公主
item_10901_name	Golden Fish	金鱼
item_10901_desc	Tap the Golden Fish to produce Baby Bubbles OR merge it to level it up.	点击金鱼可获得小泡泡，合并金鱼可升级。
item_10902_name	Tropical Fish	热带鱼
item_10903_name	Groovy Fish	嬉皮鱼
item_10904_name	Young Mermaid	小美人鱼
item_10905_desc_before	Wait for Princess Mermaid to find you a key.	等待美人鱼公主帮你找到宝箱钥匙。
item_10905_desc	Tap Princess Mermaid to collect the key.	点击美人鱼公主以获得宝箱钥匙。
item_11001_name	Baby Bubble	小泡泡
item_11002_name	Bubbly Fish	泡泡中的鱼
item_11003_name	Bagged Fish	打包好的鱼
item_11004_name	Basic Fish Bowl	普通鱼缸
item_11005_name	Whale of a Bowl	生态鱼缸
item_11006_name	Stellar Fish Bowl	豪华鱼缸
item_11101_name	Monarch Key	王族钥匙
item_11102_name	Trident Key	三叉戟钥匙
item_11103_name	Poseidon's Key	海神之匙
item_11201_name	Leftover Shell	蛋壳
item_11202_name	Nestled Egg	海龟蛋
item_11203_name	Chipped Egg	破壳的海龟
item_11204_name	Newborn Turtle	海龟宝宝
item_11205_name	Wee Hatchling	幼年海龟
item_11206_name	Sailing Sea Turtle	航海龟
item_11206_desc	The sea turtle can double the recharging speed of surrounding items for 2 hours.	海龟可以使周围物品的冷却时间缩短一半!
item_11206_desc_activated	You have activated it. The recharge speed for surrounding items is doubled.	已激活。该棋子周围棋子的冷却时间将会缩短一半。
item_11301_name	Explorer's Sub	探索者号
item_11401_name	Lonely Coral	单个珊瑚
item_11402_name	Sunset Coral	落日珊瑚
item_11403_name	Lemony Coral	霸气珊瑚
item_11404_name	Reef Turf	珊瑚礁草坪
item_11405_name	Regional Reef	大片珊瑚礁
item_11501_name	Sea Scallop	海扇贝
item_11502_name	Lil Lilac Clam	丁香花蛤
item_11503_name	Sleepy Clam	沉睡的蛤蜊
item_11504_name	Cluster of Clams	蛤蜊家族
item_11505_name	Star-Studded Clam 	闪光蛤蜊
item_11506_name	Pearly Clam	珍珠蚌
item_11601_name	Piece of Eight	藏宝图碎片
item_11602_name	Torn Map	破碎藏宝图
item_11603_name	Taped Treasure Map	粘起来的藏宝图
item_11604_name	Navigation Charts	航海路线图
item_11605_name	Sealed Map	密封藏宝图
item_11606_name	Unraveled Map	未解地图
item_11607_name	X Marks the Spot	解密后的地图
item_11701_name	Locked Treasure	被锁住的宝藏
item_11701_desc	Use the treasure map and key to unlock the chest.	使用藏宝图和钥匙来打开箱子。
item_11702_name	Neptune's Treasure	神秘的宝藏
item_11702_desc_before	Wait to see the hidden treasure inside.	等着看里面隐藏的宝藏吧。
item_11702_desc	Tap the chest to get the treasure!	点击箱子来获得宝藏。
item_11801_name	Golden Circlet	黄金皇冠
item_11802_name	Adorned Tiara	镶钻皇冠
item_11803_name	Regal Crystal Crown	豪华水晶皇冠
item_11804_name	Emerald Diadem	祖母绿皇冠
item_11805_name	The Queen's Crown	女王之冠
item_11901_name	Ring of the Reef	珊瑚戒指
item_11902_name	Coral Earrings	珊瑚耳坠
item_11903_name	Coral Bangle	珊瑚手环
item_11904_name	Great Barrier Band	珊瑚项链
item_12001_name	Calcite Ring	水晶戒指
item_12002_name	Crystal Earrings	水晶耳坠
item_12003_name	Crystal Choker	水晶吊坠
item_12004_name	Amethyst Necklace 	水晶项链
item_12101_name	Scallop Ring	贝壳戒指
item_12102_name	Seashell Studs	贝壳耳钉
item_12103_name	Splashy Jewels	绚丽的项链
item_12104_name	Radiant Necklace	璀璨的项链
item_12201_name	Coral Castle	珊瑚城堡
item_12201_desc	The castle is complete! Send a mermaid in!	城堡已经完成了! 快送美人鱼回家吧！
item_12202_name	Coral Castle	珊瑚城堡
item_12202_desc_before	Wait for the mermaid to give you the jeweled gift.	等待美人鱼给你送上珠宝作为礼物。
item_12202_desc	Tap the castle to get jewelry.	点击城堡获得珠宝。
item_12301_name	Crystal Castle	水晶城堡
item_12301_desc	The castle is complete! Send a mermaid in!	城堡已经完成了! 快送美人鱼回家吧！
item_12302_name	Crystal Castle	水晶城堡
item_12302_desc_before	Wait for the mermaid to give you the jeweled gift.	等待美人鱼给你送上珠宝作为礼物。
item_12302_desc	Tap the castle to get jewelry.	点击城堡获得珠宝。
item_12401_name	Seashell Castle	贝壳城堡
item_12401_desc	The castle is complete! Send a mermaid in!	城堡已经完成了! 快送美人鱼回家吧！
item_12402_name	Seashell Castle	贝壳城堡
item_12402_desc_before	Wait for the mermaid to give you the jeweled gift.	等待美人鱼给你送上珠宝作为礼物。
item_12402_desc	Tap the castle to get jewelry.	点击城堡获得珠宝。
item_12501_name	Bucket of the Sea	海洋生物桶
item_13101_name	Bucket of the Sea	海洋生物桶
item_12601_name	Seaweed Blade	单株海草
item_12602_name	Seaweed Blade	单株海草
item_12603_name	Seaweed Trio	海藻三兄弟
item_12604_name	Seaweed Bush	海藻丛
item_12605_name	Seaweed Thicket	茂密的海藻丛
item_12606_name	Kelp Forest	海藻森林
item_12606_desc	Find the sea turtle in the kelp forest!	在海藻林中寻找海龟吧！
event_undersea_bundle_1	Big Jewelry Pack	大型珠宝礼包
event_undersea_bundle_2	Fish Bowl Pack	鱼缸礼包
event_undersea_bundle_3	Big Fish Pack	大型鱼类礼包
event_undersea_bundle_4	Small Fish Pack	小型鱼类礼包
event_undersea_bundle_5	Big Pearl Pack	大型珍珠礼包
event_undersea_bundle_6	Small Pearl Pack	小型珍珠礼包
event_undersea_bundle_7	Turtle Pack	海龟礼包
event_undersea_bundle_8	Key Pack	钥匙礼包
event_undersea_bundle_9	Small Map Pack	小型藏宝图礼包
event_undersea_bundle_10	Big Map Pack	大型藏宝图礼包
event_undersea_bundle_11	Seashell Pack	贝壳礼包
event_undersea_bundle_12	Coral Pack	珊瑚礼包
event_undersea_bundle_13	Fish Pack	鱼类礼包
event_undersea_bundle_14	Ocean Pack	海洋礼包
event_undersea_bundle_15	Starter Pack	启动礼包
event_undersea_bundle_16	Big Jewelry Pack	大型珠宝礼包
event_undersea_bundle_17	Big Jewelry Pack	大型珠宝礼包
event_undersea_tutorial_level_1	This is the event board! Let's finish the orders to get points! 	这里是活动棋盘! 让我们完成订单来获得积分! 
event_undersea_tutorial_level_2	We will find a lot of marine life here!	我们会在这里发现很多海洋生物！
event_undersea_tutorial_level_3	Help us finish the orders and decorate the area!	帮助我们完成订单并装饰餐厅!
event_undersea_castle_tutorial_1	Oh no! We have to help the mermaid get home!	哦，不！我们必须帮助美人鱼回家。
event_undersea_castle_tutorial_2	Tap the Castle to help mermaid get home and collect seashell for her, and she will give you jewelry back! 	点击城堡帮助美人鱼回家，并且帮她收集贝壳，她就会送你一些珠宝！
event_undersea_castle_tutorial_3	Let's give it a whirl!	让我们大展身手吧!
event_undersea_treasurebox_tutorial_1	We have the keys and treasure map. Now let's find the treasure chest!	现在我们有钥匙和藏宝图。接下来让我们去寻找宝箱吧!
event_undersea_treasurebox_tutorial_2	Tap the Locked Treasure to use key and treasure map to unlock it, and wait to see the jewelry in it!	点击宝箱来使用钥匙和藏宝图，等待一段时间后看看宝箱里都有什么吧！
event_undersea_treasurebox_tutorial_3	Let's give it a try!	让我们试一试吧!
event_undersea_mermaid1_tutorial_1	Mommy, look! This goldfish can spit bubbles!	妈妈快看！这条鱼会吐泡泡！
event_undersea_mermaid1_tutorial_2	Tap the Golden Fish to produce Baby Bubbles.	点击金鱼可获得小泡泡。
event_undersea_mermaid1_tutorial_3	Merge those bubbles and you'll find more goldfish!	合并泡泡你就能找到更多的金鱼！
event_undersea_mermaid5_tutorial_1	Hello strange travelers. If you‘re seeking the treasure’s key, follow me!	你好啊旅行者，你也在找神秘的钥匙吗？跟着我！
event_undersea_mermaid5_tutorial_2	Wait for Princess Mermaid to find you a key.	等待美人鱼公主帮你找到宝箱钥匙。
event_undersea_mermaid5_tutorial_3	These keys may be useful later!	这些钥匙说不定可以用在其他的地方……
item_10701_name	Chef's Basket	大厨的篮子
item_10701_desc	Tap to produce a random ingredient to finish Poppy's order.	点击来随机产生一个食物。该食物可以完成一个厨艺挑战订单。
cooking_test_tutorial_1	The Cooking Test is ready! Hope your cooking skills are sharp!	厨艺挑战已经开始！希望你能有好的厨艺表现。
cooking_test_tutorial_2	Don't worry. We can start with the easier recipes.	不过也不用太担心。我们可以从一些简单的订单开始。
cooking_test_tutorial_3	Tap the Show button to see all the test orders.	点击下方的显示按钮来查看所有的挑战订单。
cooking_test_tutorial_4	I kindly prepped a chef basket for you. It can help you finish these orders.	贴心的我还为你准备了一个食品篮，它可以帮助你完成这些挑战订单。
new_space_text	New Space\nUnlocked	开启新区域！
task_38_1	The Next Big Thing	下一件大事
task_38_2	Ready to Floor	高尔夫朋克乐队
task_38_3	Dating Disasters	糟糕的桃花运
task_38_4	Amala's Blues	悲伤的阿玛拉
task_38_5	A Little Aide	小小援助
task_38_6	On Leave	休假的马克
task_38_7	Girl Time	女孩时间
task_38_8	Green Thumbs	马克的神秘天赋
task_38_9	The Mark Mystery	隐瞒之事
task_38_10	Sleepover Fun	深夜趣谈
task_38_11	The Old Bike	老旧自行车
task_39_1	Bright And Early	清澈而明亮
task_39_2	The Set Up	分配任务
task_39_3	Yeah...Yeah	早起的鸟儿有虫吃
task_39_4	Calling for Help	寻求帮助
task_39_5	The Peanut Gallery	闲聊时光
task_39_6	Heart2Heart	《心电心》
task_39_7	A Friendly Tip	友情提示
task_39_8	Quite a Display	完美展示
task_39_9	A New Profile	发现新世界
task_39_10	Seal of Approval	来自奎因的认可
task_40_1	Quinn's Coffee Break	惬意咖啡时光
task_40_2	Antsy Sam	焦虑的山姆
task_40_3	A Romantic Spot	浪漫之地
task_40_4	Perfect Partners	完美搭档
task_40_5	Filling in Shoes	马克的顾虑
task_40_6	Date Night Jitters	紧张的约会前夕
task_40_7	Advice from the Boys	来自男孩的建议
task_40_8	Opposites Attract	互补也是合适
task_40_9	Mystery of Mark	马克的秘密
task_40_10	Best Seat in the House	全场最佳座位
hint_desc_in_bubble_delete	Buy the bubble to get the items inside! You can also wait for the bubble to pop on its own or remove it to get free coins!	购买泡泡获得其中的棋子！您也可以等待泡泡消失或移除泡泡以获得免费金币！
task_41_1	The Adventurer	回避事实
task_41_2	Sam the Florist	花艺大师山姆
task_41_3	Glam Team	造型团队
task_41_4	Bachelor Number One	一号单身汉
task_41_5	Harmless Prying	偷听
task_41_6	Bad Date	糟糕的约会
task_41_7	Push and Shove 	推波助澜
task_41_8	Under the Spotlight	挑选灯牌
task_41_9	The Fast Paced Life	快节奏的生活
task_41_10	Flower Power	爱操心的奎因
task_42_1	Morning Briefing	晨间简报
task_42_2	A Bundle of Nerves	紧紧的束缚
task_42_3	Confidential Information	马克的秘密
task_42_4	Muddled Affairs	搞破坏的山姆
task_42_5	Stylist in Training	小小造型师
task_42_6	For Your Entertainment	找乐子
task_42_7	Bachelor Number Two	二号单身汉
task_42_8	The Myth, The Legend	神级匠人
task_42_9	The Other Guy	约会结束
task_42_10	Words Unsaid	未说之话
task_43_1	Some Morning Juice	晨间果汁
task_43_2	Digging for Dirt	疑点重重
task_43_3	The Powerhouse	地精的权力
task_43_4	Back in the Loop	回到原点
task_43_5	Watering the Pond	灌满池塘
task_43_6	The Peacemaker	和事佬
task_43_7	Struck by Cupid	丘比特的雕塑
task_43_8	A Rocky Start	突然造访
task_43_9	Out From the Mud	摆脱困扰
task_43_10	The Inseparables 	无法分离
task_43_11	An Empty Vase	马克的离别礼物
item_info_tutorialBoard	How it works...	玩法演示
item_bundle_bread	Bread Bundle	面包礼包
item_bundle_coffee	Coffee Bundle	咖啡礼包
item_bundle_seafood	Seafood Bundle	海鲜礼包
item_bundle_swimming	Swimming Bundle	泳圈礼包
item_bundle_dive	Scuba Bundle	潜水礼包
item_bundle_seashell	Seashell Bundle	贝壳礼包
speical_order_receive_title	Order Accepted!	接受订单!
speical_order_receive_btn	Let's go!	开始!
special_order_rewards_title	Order Rewards	订单奖励
special_order_rewards_desc_1	Sam wants to adopt a dog! Help him find the perfect dog and get rewards:	山姆打算领养一只宠物狗。帮他找到心仪的狗狗并获取奖励：
special_order_rewards_desc_2	Olivia has a new toy! Help her put it together and get rewards: 	奥利维亚有了一个新玩具，帮助她组装起来，并获得奖励。
special_order_rewards_desc_3	Harrison has a new pottery wheel! Help him with his new hobby and get rewards:	哈里森获得了一个陶器轮！帮助他制作陶器并获得奖励。
special_order_desc_3	Quinn and Olivia got a gift for Harrison. Let's see what it is.	奎因为哈里森准备了一份礼物，让我们看看这是什么。
special_order_complete_rewards_title	Order Completed!	完成订单!
special_order_complete_rewards_desc_1	Well done! Sam adopted his new dog! Here are your rewards:	太棒了！山姆找到了他喜欢的宠物狗。这是给你的奖励：
special_order_complete_rewards_desc_2	Congratulations! Olivia's spaceship is finished! Here are your rewards:	恭喜你！奥利维亚的宇宙飞船组装好了！这是你的奖励：
special_order_complete_rewards_desc_3	Wow! You helped Harrison finish his pottery pieces! Here are your rewards:	哇哦！你帮助哈里森做出了漂亮的陶器！这是你的奖励：
bp_decor_title_Panda	The Bamboo Garden	竹园挑战季
bp_decor_title_flower	Floral Season	百花赛季
bp_decor_title_mother	Mother's Day Celebration	母亲节欢庆季
bp_decor_themeTitle_Panda	The Spring is coming!	春天来了!
bp_decor_themeDesc_Panda	Make a bamboo garden and welcome the pandas with Quinn!	和奎因一起打造竹园并迎接大熊猫！
battlepass_subtitle	New Season!	新活动!
battlepass_rewardDesc	For a limited time only, earn special prizes!	在有限的时间内尽可能获得更多的奖励！
battlepass_checkButton	Enter Now	开始
battlepass_goldenTicket	VIP PASS	VIP 通行证
battlepass_goldenTicket_Panda	Green Pass	园艺通行证
battlepass_goldenTicket_flower	VIP PASS	VIP通行证
bp_decor_newstory	New story!	新故事！
bp_decor_newdecoration	New decoration!	新装饰！
battlepass_collectButton	Claim	领取
battlepass_taskTitle_cus	Help {0} Customers	服务{0}个顾客
battlepass_taskTitle_cyMerge	Merge {0} times	合并{0}次
battlepass_taskTitle_mergeItem	Merge {0} {1}	合成{0}个{1}
battlepass_taskTitle_coin	Earn {0} coins	赚取{0}金币
battlepass_taskTitle_gem	Spend {0} gems	花费{0}钻石
battlepass_taskTitle_energy	Expend {0} energy	消耗 {0} 能量
battlepass_taskTitle_wait	Wait for more missions:	等待任务刷新：
battlepass_newtaskTitle	Bonus Mission!	新的挑战!
battlepass_newtaskDesc	Complete bonus missions to earn even more points!	完成额外挑战赢得更高的积分！
battlepass_newtaskLocked	Complete today's time-limited missions to unlock a bonus mission with even more points!	完成今天的限时任务，解锁更高积分的奖励任务！
battlepass_newTask_1	New Missions	新任务
battlepass_newTask_2	Unlocked!	已解锁！
battlepass_taskComplete_1	Missions	任务
battlepass_taskComplete_2	Complete!	完成！
battlepass_questReward	Mission Prizes	任务奖励
battlepass_milestone	Target Achieved!	阶段奖励！
battlepass_vipDesc	Fabulous Prizes!	豪华奖励！
battlepass_learnButton	Discover more	查看详情
battlepass_shopDesc	Energy charges faster!	体力恢复速度加快！
battlepass_mergeRewards	Game prizes	游戏奖励
battlepass_unlockRewards	Unlock special prizes!	解锁精美奖励！
battlepass_itemActivated	VIP Access Initiated!	VIP通行证已解锁！
battlepass_itemActivated_Panda	Green Pass Unlocked!	园艺通行证已解锁！
battlepass_itemActivated_Flower	VIP Pass Unlocked!	VIP通行证解锁！
battlepass_redesc_claimed	This reward has already been claimed.	你已经领取过该奖励。
battlepass_redesc_locked	Complete more missions to upgrade and get this reward!	完成任务并升级以获得该奖励！
battlepass_redesc_locked_unpay	Upgrade to this level and activate the VIP Pass to get this reward!	升级并激活VIP通行证以获得该奖励！
bp_decor_redesc_locked_unpay_Panda	Upgrade to this level and activate the Green Pass to get this reward!	升级并激活园艺通行证以获得奖励！
bp_decor_redesc_locked_unpay_Flower	Upgrade to this level and activate the VIP Pass to get this reward!	升级并激活VIP通行证以获得奖励！
battlepass_rewardsUnlocked	Prizes Unlocked!	奖励解锁！
battlepass_freeTicket	FREE	免费
item_BPsp_gift_1_name	Pass Gift	通行证礼包
item_BPsp_gift_2_name	Pass Gift	通行证礼包
item_BPsp_gift_3_name	Pass Gift	通行证礼包
item_BPOB_gift_1_name	Pass Gift	通行证礼包
item_BPOB_gift_2_name	Pass Gift	通行证礼包
item_BPOB_gift_3_name	Pass Gift	通行证礼包
battlepass_waitTask	The missions will be refreshed later on: {0}	任务将在稍后刷新：{0}
battlepass_taskComplete	You have completed all the tasks of Shopping Passs, congratulations!	你已经完成购物季的所有任务，恭喜你！
battlepass_taskComplete_Panda	You have completed all the tasks of The Bamboo Garden, congratulations!	你已经完成了竹园挑战季的所有任务，恭喜！
battlepass_taskComplete_Flower	You've completed all the Floral Season tasks! Congratulations!	您已经完成了百花赛季的所有任务！恭喜！
battlepass_taskComplete_mother	You have completed all the tasks of Mother's Day Season, congratulations!	你已经完成了母亲节欢庆季的所有任务，恭喜！
battlepass_taskComplete_pirate	You have completed all the tasks of Pirate Season, congratulations!	你已经完成了海盗季的所有任务，恭喜！
battlepass_taskComplete_pet	You've completed all the tasks for the Pet Season – congratulations!	你已经完成了宠物季的所有任务，恭喜！
battlepass_finalPurchase	Purchasing VIP PASS now, you will get:	现在购买VIP通行证，你将获得：
battlepass_finalPurchase_Panda	Purchasing Green Pass now, you will get:	现在购买园艺通行证，你将获得：
battlepass_finalPurchase_Flower	Purchasing VIP Pass now, you will get:	现在购买 VIP 通行证，你将获得：
bp_decor_golden_description	The Green Pass unlocks extra perks and prizes.	园艺通行证会提供丰厚的额外奖励！
battlepass_lastChance	Last chance! Are you sure you want to give up?	最后的机会！你确定要放弃吗？
battlepass_buyButton	Rethink	再想想
battlepass_noButton	Give up	放弃
battlepass_activateButton	Unlock	解锁
battlepass_endTitle	Event Ended	活动结束
battlepass_endDesc	Shopping Pass is ended, Please wait for next season and even more great rewards!	购物季已结束，下一季活动更精彩！敬请期待！
battlepass_endDesc_Panda	The Bamboo Garden is ended, Please wait for next season and even more great rewards!	竹园挑战季已结束，一起期待更精彩的下一季活动吧！
battlepass_endDesc_Flower	The Floral Season is over! Come back next season for more rewards!	百花赛季已结束，一起期待更精彩的下一季活动吧！
bp_decor_startDesc_mother	For a limited time, collect <color=#fff558>Mother's Day decorations</color> and earn special prizes! 	在有限的时间内，收集<color=#fff558>母亲节装饰物</color>，并领取丰厚的奖励！
bp_decor_endDesc_mother	The Mother's Day season is over! Thanks for playing; see you next time!	母亲节欢庆季结束了！感谢您的参与，下次见！
battlepass_endDesc_pirate	Pirate Season is ended, Please wait for next season and even more great rewards!	海盗季已结束，一起期待更精彩的下一季活动吧！
battlepass_endDesc_pet	This season is over! Come back next time for even more great rewards!	活动已结束，一起期待更精彩的下一季活动吧！
battlepass_greatButton	Great	太棒了
battlepass_receiveButton	Receive	领取
battlepass_tutorial_extraTask	You have completed today's time-limited missions! There's an even more challenging mission waiting for you! 	恭喜你完成了今天的限时任务，现在有一个更具有挑战的任务等着你！
battlepass_tutorial_1	Shopping Pass is ready! Tap here to see detailed information.	购物季已经开始！点击这里查看详细信息。
battlepass_tutorial_2	To advance on the Shopping Pass you'll need to score points!	你需要获得积分来得到购物季的奖励！
battlepass_tutorial_3	Complete Missions to score points!	完成任务并获得积分！
battlepass_tutorial_4	The VIP Ticket unlocks <color=#1c8ee6>extra perks and prizes.</color>	VIP通行证会提供<color=#1c8ee6>丰厚的额外奖励！</color>
battlepass_tutorial_5	Tap here to see more about <color=#1c8ee6>the extra perks!</color>	点击这里查看有关<color=#1c8ee6>额外奖励</color>的详细信息！
bp_decor_tutorial_1_Circus2	The Travelling Circus is coming! Level up to get rewards and cool circus decorations!	马戏团狂欢季开始了！升级以获得丰厚的奖品和马戏团装饰！
bp_decor_tutorial_2_Circus2	Tap here to see all the circus decorations. 	点击这里预览所有的马戏团装饰。
bp_decor_tutorial_3_Circus2	Complete Missions to score points and upgrade!	完成任务以获取积分并升级。
bp_decor_tutorial_4_Circus2	The VIP Pass unlocks <color=#1c8ee6>extra perks and prizes.</color>	VIP通行证会提供<color=#1c8ee6>丰厚的额外奖励！</color>
bp_decor_tutorial_5_Circus2	Tap here to see more about <color=#1c8ee6>the extra perks!</color>	点击这里查看有关<color=#1c8ee6>额外奖励</color>的详细信息！
bp_decor_tutorial_2	To see the event items, tap the special decoration icon.	点击这里来预览所有的装饰物效果。
bp_decor_tutorial_3	Complete Missions to score points and upgrade!	完成任务以获取积分并升级。
bp_decor_tutorial_4	The VIP Pass unlocks <color=#1c8ee6>extra perks and prizes.</color>	VIP通行证会提供<color=#1c8ee6>丰厚的额外奖励！</color>
bp_decor_tutorial_5	Tap here to see more about <color=#1c8ee6>the extra perks!</color>	点击这里查看有关<color=#1c8ee6>额外奖励</color>的详细信息！
battlepass_tutorial_2_Panda	To advance on the The Bamboo Garden you'll need to score points!	你需要获得积分来得到竹园挑战季的奖励！
battlepass_tutorial_3_Panda	Complete Missions to score points and upgrade!	完成任务以获取积分并升级。
battlepass_tutorial_4_Panda	The Green Pass unlocks <color=#1c8ee6>extra perks and prizes.</color>	园艺通行证会提供<color=#1c8ee6>丰厚的额外奖励！</color>
battlepass_tutorial_5_Panda	Tap here to see more about <color=#1c8ee6>the extra perks!</color>	点击这里查看有关<color=#1c8ee6>额外奖励</color>的详细信息！
bp_decor_tutorial_1_Panda	The Bamboo Garden is coming! Level up to get rewards and cool garden decorations!	竹园挑战季开始了！升级以获得丰厚的奖品和竹园装饰！
bp_decor_tutorial_2_Panda	Tap here to see all the garden decorations. 	点击这里预览所有的竹园装饰。
bp_decor_tutorial_3_Panda	Complete Missions to score points and upgrade!	完成任务以获取积分并升级。
bp_decor_tutorial_4_Panda	The Green Pass unlocks <color=#1c8ee6>extra perks and prizes.</color>	园艺通行证会提供<color=#1c8ee6>丰厚的额外奖励！</color>
bp_decor_tutorial_5_Panda	Tap here to see more about <color=#1c8ee6>the extra perks!</color>	点击这里查看有关<color=#1c8ee6>额外奖励</color>的详细信息！
battlepass_tutorial_2_Flower	To advance your progress toward new rewards, you'll need to score points!	在百花赛季中升级来获取奖励！
battlepass_tutorial_3_Flower	Complete Missions to score points and upgrade!	完成任务以获取积分并升级。
battlepass_tutorial_4_Flower	The VIP Pass unlocks <color=#1c8ee6>extra perks and prizes.</color>	VIP通行证会提供<color=#1c8ee6>丰厚的额外奖励！</color>
battlepass_tutorial_5_Flower	Tap here to see more about <color=#1c8ee6>the extra perks!</color>	点击这里查看有关<color=#1c8ee6>额外奖励</color>的详细信息！
battlepass_goldenticket_desc	The VIP Pass unlocks extra perks and prizes.	VIP通行证会提供丰厚的额外奖励！
bp_decor_tutorial_1_mother	Mother's Day Season is coming! Level up to get rewards and cool decorations!	母亲节欢庆季开始了！升级以获得丰厚的奖品和装饰！
battlepass_tutorial_2_pirate	To advance on the Pirate Season you'll need to score points!	你需要获得积分来赢取海盗季的奖励！
battlepass_tutorial_2_pet	To advance on the Pet Season you'll need to score points!	你需要获得积分来赢取宠物季的奖励！
battlepass_recover_reward	You didn't claim your prize! Don't worry, it's still here for you.	你忘记领奖了！别担心，我们为你保留了奖励。
resource_download_check_desc	Checking for Updates	检查资源更新
resource_download_start_desc	Start Downloading Updates	开始下载资源
buy_energy_discount_title	Surprise Savings!	幸运折扣!
buy_energy_discount_desc	Don't miss out on this great deal!	幸运折扣，不容错过！
battlepass_continueButton	Continue	继续
item_sp3_1_1_name	A Potter's Wheel	陶艺机
item_sp3_2_1_name	Potter's Cup	陶杯
item_sp3_2_2_name	Defective Bowl	陶碗
item_sp3_2_3_name	Fresh Kiln Brew	简易茶壶
item_sp3_2_4_name	Pretty Tableware	漂亮茶具
item_sp3_2_5_name	Ornate Tea Jar	精美茶叶罐
item_sp3_2_6_name	Fancy Teapot	精致茶壶
item_sp3_2_7_name	Home for Flowers	普通花瓶
item_sp3_2_8_name	Decorative Ceramic	装饰花瓶
item_sp3_2_9_name	Museum Inspired	博物馆珍藏
item_sp3_2_10_name	Ceramic Masterpiece	陶艺杰作
item_sp3_3_1_name	Fragile Bird	易碎小鸟
item_sp3_3_2_name	Arctic Bunny	北极兔
item_sp3_3_3_name	Snoozing Fox	睡觉的狐狸
item_sp3_3_4_name	Splendid Pup	警觉的小狗
item_sp3_3_5_name	Lucky Cat	招财猫
item_sp3_3_6_name	The Perfect Panda	完美的熊猫
item_md_hw_gift_1_name	Surprise Present	惊喜礼盒
item_md_hw_gift_2_name	Surprise Present	惊喜礼盒
task_44_1	A Little R & R	新想法
task_44_2	Workaholics	工作狂
task_44_3	Spa Visions	水疗愿景
task_44_4	The Other Line	科尔来电
task_44_5	Bestie Senses	闺蜜的陪伴
task_44_6	Loose Knots	重操旧业
task_44_7	A New Case	新案件
task_44_8	Good Taste	好品味
task_44_9	The New Assistant	新助理
task_44_10	Rub a Dub Dub	新浴缸
task_45_1	Beach Day	冲浪比赛
task_45_2	Hook, Line and Sinker	又来一个助理
task_45_3	The Talent Show	才艺表演
task_45_4	Best of Both Worlds	两全其美
task_45_5	Not in the Know 	毫无头绪
task_45_6	The Ideal Brimwave	理想中的浪尾岛
task_45_7	Not the First	还有其他人
task_45_8	New Trust	建立信任
task_45_9	Staying Behind	留下的阿玛拉
task_45_10	Now Online	网恋
task_46_1	High Life Rush	时代静修
task_46_2	Opposing Sides	引起冲突
task_46_3	Avoiding the Question	回避问题
task_46_4	Cushioning the Blow	发泄
task_46_5	Call in the Expert	破案专家
task_46_6	The Fave Customer	可爱的顾客
task_46_7	Sam-asaurous	复古的山姆
task_46_8	A Study Break	捋清思绪
task_46_9	The Pinky Promise	拉钩协议
task_46_10	The Specialist	最后的线索
task_47_1	Simpler Times	最简单的方式
task_47_2	Over and Done	关系结束
task_47_3	Hold On a Sec	稍等片刻
task_47_4	Out of the Loop	状况之外
task_47_5	Napping Norman	午睡的诺曼
task_47_6	Be Kind Rewind	回溯历史
task_47_7	A New Scoop	一个新发现
task_47_8	Fata Morgana	谜底揭露
task_47_9	Good Friend	好朋友
task_47_10	Sam the Wise	善解人意的山姆
task_47_11	Not That Bad	没有那么糟糕
battlepass_get_reward	Collect Rewards	收集奖励
casinio_task_1_1	We're DIVORCED!	我们离婚了！
casinio_task_1_2	Something Fishy	疑点
casinio_task_1_7	Only You Can Save Me	只有你能救我
casinio_task_2_7	Single Lady	单身女士
event_general_extend_time	Event over!	已结束
sell_confirm_title	Are you sure?	确定吗？
sell_confirm_desc_sell	The item you're selling is hard to get. Are you sure you want to do this?	你正在出售的物品比较难获得，确定要这么做吗？
sell_confirm_desc_remove	The item you're removing is hard to get. Are you sure you want to do this?	你正在删除的物品比较难获得，确定要这么做吗？
btn_remove	Remove	删除
activity_coconut_tutorial_1	Coconut is ready to take flight! Help Coconut gather balloons and he'll get rewards for you! Tap here to see more details!	小椰子已经准备起飞！帮助小椰子收集气球，他会为你获取奖励！点击此处查看详情。
activity_coconut_tutorial_2	Merge items to collect Balloons for Coconut! Soar higher for more rewards!	合并物品即可为小椰子收集气球！争取飞得更高，获得更多奖励！
activity_coconut_tutorial_3	Coconut will wait for you here during the event. Tap on Coconut to check your progress of his journey again.	活动期间小椰子会在这里等你。点击小椰子可以再次查看活动进度。
activity_coconut_tutorial_4	A balloon appears next to your last merge!	上次合并还额外生成了一个气球！
activity_coconut_tutorial_5	Tap the info button to get details on the Balloons.	点击信息按钮查看气球的详情。
activity_coconut_tutorial_6	You can merge Balloons together to make a bigger cluster or you can tap to collect them anytime.	你可以合并气球来制作更大的气球串，也可以随时点击收集它们。
item_ma_balloon_1_name	Coconut's Balloon	一只气球
item_ma_balloon_2_name	Breezy Buddies	两只气球
item_ma_balloon_3_name	A School of Balloons	三只气球
item_ma_balloon_4_name	Balloons Take Flight	一串气球
activity_coconut_name	Coconut's Sky Journey	小椰子的天空之旅
activity_coconut_pre_countdown	Event begins in...	活动将开始于…
activity_coconut_ready_desc	Coconut is ready to fly!	小椰子已经准备起飞！
activity_coconut_countdown	Collect balloons to finish!	收集气球，完成活动！
activity_coconut_start_btn	Go to Kitchen	去厨房
activity_coconut_end	Bravo! You got to the top!	太棒了！你到达了顶端！
activity_coconut_end_desc	Event Ended	活动结束
activity_coconut_lose	Oh no! You didn't make it!	真遗憾！你没能登顶！
activity_coconut_lose_desc	Event Ended	活动结束
push_event_coconut_open_title	Coconut's Sky Journey	小椰子的天空之旅
push_event_coconut_open_desc	Live now! Complete Coconut's Sky Journey event for great prizes!	活动开始！完成椰子的天空之旅活动以获得丰厚的奖品！
push_event_coconut_end_title	Coconut's Sky Journey	小椰子的天空之旅
push_event_coconut_end_desc	Hurry! Coconut's Sky Journey ends in 5 hours!	抓紧时间！椰子的天空之旅将在 5 小时后结束！
item_sp4_1_1_name	Vanity Desk	梳妆台
item_sp4_2_1_name	Ring Box	戒指盒
item_sp4_2_2_name	Jewelry Box	珠宝盒
item_sp4_2_3_name	Travel Jewelry Box	多层首饰盒
item_sp4_2_4_name	Glitzy Jewelry Box	精致首饰盒
item_sp4_3_1_name	Perfect Pearl	珍珠
item_sp4_3_2_name	Pearl Ring	珍珠戒指
item_sp4_3_3_name	Chic Pearl Ring	别致的珍珠戒指
item_sp4_3_4_name	Leafy Pearl Earrings	珍珠耳钉
item_sp4_3_5_name	Jazzy Pearl Earrings	珍珠耳环
item_sp4_3_6_name	Cool Pearl Bracelet	珍珠手镯
item_sp4_3_7_name	Pearl Drop Bracelet	珍珠吊坠手链
item_sp4_3_8_name	Gala Pearl Necklace	珍珠项链
item_sp4_3_9_name	Delicate Pearl Necklace	精致珍珠项链
item_sp4_3_10_name	Pearl Tiara	珍珠头饰
special_order_rewards_desc_4	Carmen has her first solo concerto! Help her get dolled up for her special event and get rewards:	卡门有她第一首协奏曲独奏！帮助她为她的特殊活动打扮并获得奖励：
special_order_desc_4	Quinn got a gift for Carmen. Let's see what it is!	奎因为卡门准备了一份礼物。让我们看看它是什么！
special_order_complete_rewards_desc_4	Wow! You helped Carmen and she looks beautiful! Here are your rewards:	哇！ 你帮助了卡门，她看起来很漂亮！ 以下是你的奖励：
activity_coconut_pre_btn	OK	好的
activity_coconut_ready_btn	OK	好的
event_thanksgiving_decoration_name_1	Turkey Fountain	火鸡喷泉
event_thanksgiving_decoration_name_2	Open-Air Dining Area	户外餐区
event_thanksgiving_decoration_name_3	Grateful Feast Spread	感恩大餐
event_thanksgiving_decoration_name_4	Festive Windmill	节日风车
event_thanksgiving_decoration_name_5	Season's Harvest Wagon	丰收马车
event_thanksgiving_decoration_name_6	Gala Apple Tree	加力果树
event_thanksgiving_decoration_name_7	Thanksgiving Goods	感恩大丰收
event_thanksgiving_decoration_name_8	Golden Leaf Arch	秋叶拱门
event_thanksgiving_decoration_name_9	Thankful Fencing	感恩栅栏
event_thanksgiving_decoration_name_10	Illuminated Acrons	橡果路灯
event_thanksgiving_decoration_name_11	Stone Walkway	石板小路
event_thanksgiving_decoration_name_12	Garden Lamp	花园地灯
event_thanksgiving_decoration_name_13	Sun-baked Grass	金秋草地
item_ma_balloon_1_desc	Merge to reach the next level. Tap to collect <color=#1c8ee6>1</color> balloon.	合并以达到下一个级别。点击收集<color=#1c8ee6>1</color>个气球。
item_ma_balloon_2_desc	Merge to reach the next level. Tap to collect <color=#1c8ee6>3</color> balloons.	合并以达到下一个级别。点击收集<color=#1c8ee6>3</color>个气球。
item_ma_balloon_3_desc	Merge to reach the next level. Tap to collect <color=#1c8ee6>7</color> balloons.	合并以达到下一个级别。点击收集<color=#1c8ee6>7</color>个气球。
item_ma_balloon_4_desc	Tap to collect <color=#1c8ee6>15</color> balloons. This item is at its max level.	点击收集<color=#1c8ee6>15</color>个气球。该棋子处于最高等级。
task_48_1	Castillos Together	家人团聚
task_48_2	A Changed Man	他变了
task_48_3	Family Gym	家庭健身房
task_48_4	Big City Life	大城市生活
task_48_5	Find the Comedy	开玩笑
task_48_6	New Hair?	新发型？
task_48_7	Delicious, Nutritious	美味还是健康？
task_48_8	Big and Strong	高大又强壮
task_48_9	Quinn's Legacy	奥利维亚的天赋
task_48_10	Missing Fish	失踪的鱼
task_48_11	Tension Tamer	坐立不安的奎因
task_48_12	Kitchen Territory	厨房领地
task_48_13	Five Star Dinner	健康的晚餐
task_49_1	The Early Bird	早起的鸟儿
task_49_2	Matching Prints	脚印吻合
task_49_3	Junior Officer	“小小警员”
task_49_4	Back at it Again	脱口而出
task_49_5	The New Coach	教练
task_49_6	The Right Fit	合适
task_49_7	Intern Mayhem	实习生的慌乱
task_49_8	Sound Advice	完美的建议
task_49_9	Takeout Salad	外卖沙拉
task_49_10	Olivia's Taste	奥利维亚的晚餐
task_50_1	A Tasty Empire	完美餐厅
task_50_2	Sam Strong-Man	大力士山姆
task_50_3	Local Support	支持本地人
task_50_4	Emergency Fish	应急的鱼
task_50_5	The Big Job	干大事儿
task_50_6	Lighting the Fuse	爱情的火花
task_50_7	Loss of Words	尴尬
task_50_8	The Pier	建议修建码头
task_50_9	Fishy Debts	债务问题
task_50_10	Cheat Day	欺骗餐
task_51_1	Tiny Discovery 	小小的发现 
task_51_2	Rat Tales	可能是老鼠
task_51_3	Best for Last	最好的结局
task_51_4	Another Run	鱼又不见了
task_51_5	A Gut Feeling	不祥的预感
task_51_6	Out of Pocket	忘带信用卡
task_51_7	Payback	弥补
task_51_8	An Alternate Path	接吻
task_51_9	Bad Time	来的不是时候
task_51_10	Right on Time	来的正好
task_51_11	Family Support	家人的支持
task_52_1	Peace and Quiet	安静又和平
task_52_2	Two Sides	调停人
task_52_3	Happy Hearts	配对成功
task_52_4	The Big Catch	信息量巨大
task_52_5	Ready to Launch	准备起飞
task_52_6	Sneaky Treat	偷偷吃冰淇淋
task_52_7	A Sighting	怪物
task_52_8	Haunted Freezer	诡异的冰柜
task_52_9	Meow, Meow	喵呜，喵呜
task_52_10	An Old Spark	出去约会
task_52_11	Lady and Lord	女士和主人
bundle_thanksgiving	Harvest Specials	丰收特惠
bundle_thanksgiving_pack1	Pack of Fruits	果蔬礼包
bundle_thanksgiving_pack2	Pack of Turkey	火鸡礼包
bundle_thanksgiving_pack3	Pack of Pies	馅饼礼包
bundle_blackfriday	Black Friday Sale!	黑色星期五特卖！
bundle_blackfriday_pack1	Pack of Gems	钻石礼包
bundle_blackfriday_pack2	Pack of Riches	豪华礼包
bundle_blackfriday_pack3	Pack of Luxuries 	奢华礼包
Tony_name	Tony	托尼
urgencyActivity_fire_start_btn	Start	开始
urgencyActivity_window_reward	Rewards	奖励
urgencyActivity_collect_btn	Collect	领取
urgencyActivity_great_btn	Great	太棒了
urgencyActivity_fire_subtitle_end	Event Ended!	活动结束!
question_title	Questionnaire	问卷调查
question_button	Go	填写问卷
question_next_button	Next	下一题
question_end_button	Finish	完成
question_error_tips	Please complete the current question	请先完成当前问题
question_input_tips	Please enter your answer	请输入您的答案
question_claim_tips	The rewards from this questionnaire has been claimed!	该问卷的奖励已经领取过啦！
server_maintenance_title	Server Maintenance	服务器维护
server_maintenance_time_desc	The server is under maintenance, please come back at:{0}.	服务器正在维护中，预计结束时间：{0}。
server_maintenance_general_desc	The server is under maintenance, please try again later.	服务器正在维护中，请稍后再试。
question_multiple_min_tip	Choose at least {0} option	至少需要选择{0}项
question_multiple_max_tip	Choose {0} options at most	最多只能选择{0}项
coin_race_main_title	Ziva's Goldrush {0}	姬瓦的餐厅大赛 {0}
coin_race_main_desc	Earn <sprite="icon_property" name="icon_gold"> <color=#ffe54a>{0}</color> before others to win a reward from Ziva!	率先赚到<sprite="icon_property" name="icon_gold"> <color=#ffe54a>{0}</color>，赢得姬瓦的奖励！
coin_race_comingsoon_desc	Ziva is giving out a grant to the top-earning restaurants! Join to compete and win a bonus!	姬瓦即将举办一场餐厅经营大赛！加入竞赛，赢得奖励！
coin_race_comingsoon_countdown	Event starts in:	活动开启倒计时：
coin_race_comingsoon_desc2	COMING SOON!	即将开启！
coin_race_title	Ziva's Goldrush	姬瓦的餐厅大赛
coin_race_start_desc	In this event, you compete against other players, so be prepared to fight hard to win!	这是一场激烈的竞争，准备好为胜利而战了吗？
coin_race_start_botton	GO!	开始!
coin_race_more_round_desc	Well done! You won the last round, so you're on to the next! Ready for a bigger challenge?	干得漂亮！你赢得了上一轮比赛！准备好参与新一轮比拼了吗？
coin_race_more_round_botton	GO!	开始!
coin_race_end_desc1	CONTEST\n<color=#ffd132>CLOSED</color>	比赛\n<color=#ffd132>结束</color>
coin_race_desc2	Here's how well you placed in the race:	这是你在比赛中赢得的名次：
coin_race_desc3	Event Ended	活动结束
coin_race_start_tutorial_1	I have very high standards, you know. But I'm sure you'll impress!	我对餐厅的要求非常高，但我相信你会满足我的期待！
coin_race_start_tutorial_2	Are you ready? Yes? Good! Let's get started, then!	准备好了吗？不错！让我们开始吧！
coin_race_main_tutorial_1	This is where you can track your progress in the event.	这里，就是你们的舞台！
coin_race_main_tutorial_2	Here's the race track! Here, you can compare how many points you have versus your opponents!	这里是你们的舞台！你可以看到你和对手的积分。
coin_race_main_tutorial_3	It's quite simple, really. The first person to reach the goal-line wins the race! Good luck!	规则很简单，第一个到达终点线的人将赢得比赛！祝你好运！
coin_race_round2_tutorial_3	You're on to the next round! Take a look at the new finish lines. This race won't be as easy as the last!	新一轮比赛开始！看看新的终点线，这次增加难度了哦！
coin_race_reward_title	CONGRATULATIONS!	恭喜!
coin_race_reward_desc	You placed {0} place, and earned Ziva's favor. Well done!	恭喜你赢得了第{0}名！这是姬瓦为你准备的奖励！
coin_race_start_desc2	New Contest Ready!	新的比赛准备好了！
coin_race_entry_fail	Matching Failed	匹配失败
coin_race_main_you	YOU	您
bundle_christmas	Snowflake Sales!	雪花特卖！
bundle_christmas_pack1	Snowflake Pack	雪花礼包
bundle_christmas_pack2	Snowball Pack	雪球礼包
bundle_christmas_pack3	Snowman Pack	雪人礼包
christmas_upcoming_title	Olivia & Colton's Christmas Bash	奥利维亚的圣诞狂欢
christmas_upcoming_desc	Please reach level 5 to play the Christmas Event.	到达5级，即可游玩圣诞节活动！
upcoming_button	Great!	太好了
item_shopnewchest_1_name	Simple Pack	普通宝箱
item_shopnewchest_2_name	Fancy Pack	时尚宝箱
item_shopnewchest_3_name	Deluxe Pack	豪华宝箱
item_daily_task_chestA_1_name	Deluxe Pack	豪华宝箱
item_daily_task_chestB_1_name	Deluxe Pack	豪华宝箱
item_daily_task_chestC_1_name	Deluxe Pack	豪华宝箱
task_53_1	Bump In The Night	黑夜中的事儿
task_53_2	Tough Kid	胆大的孩子
task_53_3	A Full Plate	黑历史
task_53_4	Ghost Stories	鬼故事
task_53_5	PR Crisis	翻新旧码头
task_53_6	Ghost Whale	鬼鲸
task_53_7	Smooth Talker	心直口快
task_53_8	Chopped Meat	完美牛排
task_53_9	Spooky Hour	天黑会闹鬼
task_53_10	Basic Science	相信科学
task_53_11	In and Out	爱情事业双丰收
task_53_12	A Good Story	一个好故事
task_53_13	So Many Zeroes	超大金额支票
task_54_1	Bad Uncle	坏叔叔
task_54_2	The Reigning Champ	失眠的奥利维亚
task_54_3	I Scream, You Scream	鬼魂不喜欢冰淇淋
task_54_4	No Loitering	禁止传播谣言
task_54_5	Sirens!	海妖！
task_54_6	A Bigger Bite	大大的摩天轮
task_54_7	Memory Lane	回忆之路
task_54_8	Balderdash!	胡说八道！
task_54_9	Scare Tactics	吓唬人的伎俩
task_54_10	Quittin' Time	帮助鬼鲸
task_55_1	Family Fort	枕头城堡
task_55_2	A New Theory	新猜测
task_55_3	Talk of the Marina	码头八卦
task_55_4	Nap Time	午睡时间
task_55_5	A Calming Wave	平静下来
task_55_6	Worry Free	摇摆不定
task_55_7	A Cool Dude	超酷的摩托艇
task_55_8	Big Spender	挥金如土
task_55_9	Captain Cole	科尔船长
task_55_10	Joy Ride	敷衍回答
task_56_1	Verses in a Bottle	一张歌词
task_56_2	Lost at Sea	谁的歌词
task_56_3	A Few Points	一些建议
task_56_4	Hasty Bates	自说自话的姬瓦
task_56_5	The Decoder	分析歌词
task_56_6	Gotta Jet	有关摩托艇的对话
task_56_7	Lyrical Riddle	浪漫隐喻
task_56_8	Decaf Please	久违的马克
task_56_9	Steak Dinner	带上完美牛排
task_56_10	A Secret Mission	秘密任务
task_57_1	Catching Hysteria	烹饪很治愈
task_57_2	Party Member	成员加一
task_57_3	Operation Snacks	零食行动
task_57_4	Unmatched Hearts	一场乌龙
task_57_5	Swiping Woes	消除误会
task_57_6	Piled High	全副武装
task_57_7	Conflicting Theories	各抒己见
task_57_8	Sam With Plans	忙碌的山姆
task_57_9	Team Huddle	齐心协力
task_57_10	A Spare Chair	备用椅子
task_57_11	The Stake Out	准备盯梢
task_58_1	Pier Ponders	破案了？
task_58_2	The Frontman	闹鬼竟是乌龙事件
task_58_3	Out of Practice	山姆惊觉自己是“鬼”
task_58_4	The Rehearsal	半夜练歌
task_58_5	Rise and Rock	驻场乐队
task_58_6	Naps All Round	小睡一会儿
task_58_7	Mail Call	他的来信
task_58_8	A Good Shoulder	坚实的肩膀
task_58_9	Drum and Drama	“沙滩女妖”乐队
task_58_10	Genre of Choice	乐队风格
task_58_11	Showtime	表演时间
task_59_1	Raffle Prizes	抽奖活动的奖品
task_59_2	Through the Ages	新时代
task_59_3	A-List Guest	市长要来？
task_59_4	Delegation Station	罗莉的帮助
task_59_5	Do the Honors	抽奖嘉宾
task_59_6	Gnome Worries	担心地精捣乱
task_59_7	Mentor's Advice	情绪导师
task_59_8	Mellowed Out	要放轻松
task_59_9	Sass Control	控制某人的脾气
task_59_10	Reserved Seating	预留座位
task_59_11	Spooky Sailing	幽灵船
task_59_12	First Arrivals	人员到齐
task_59_13	The Grand Prize	特等奖
item_sp5_1_1_name	Splashy Fish Tank	飞溅鱼缸
item_sp5_2_1_name	Neon Tetra	霓虹灯鱼
item_sp5_2_2_name	Zebra Fish	斑马鱼
item_sp5_2_3_name	Algae Eater	金苔鼠
item_sp5_2_4_name	Angelfish	神仙鱼
item_sp5_2_5_name	Clown Fish	小丑鱼
item_sp5_2_6_name	Yellow Butterfly Fish	黄网蝴蝶鱼
item_sp5_2_7_name	Blue Tang	蓝刺尾鱼
item_sp5_2_8_name	Lionfish	狮子鱼
item_sp5_2_9_name	Betta Fish	泰国斗鱼
item_sp5_2_10_name	Whitespotted Ray	燕子鳐
special_order_rewards_desc_5	Olivia wants to see a whitespotted ray! Finish the order to help her and gain rewards!	奥利维亚想看燕子鳐！帮助她寻觅它并获得奖励：
special_order_desc_5	Harrison and Quinn have a special surprise for Olivia! Let's see what it is.	哈里森和奎因为奥利维亚准备了一份礼物，让我们看看是什么。
special_order_complete_rewards_desc_5	Fin-tastic! Olivia saw the rare whitespotted ray! Here are your rewards:	太棒了！ 奥利维亚看到了稀有的白斑鳐！ 以下是您的奖励：
event_christmas_decoration_name_1	The Big Christmas Tree	超大圣诞树
event_christmas_decoration_name_2	Minature Railway	快乐小镇
event_christmas_decoration_name_3	Santa's Sled Statue	麋鹿雪橇
event_christmas_decoration_name_4	Gingerbread House	姜饼屋
event_christmas_decoration_name_5	Chestnut Roasters	请勿靠近
event_christmas_decoration_name_6	The Grand Fireplace	温暖的壁炉
event_christmas_decoration_name_7	Gingerbread Workers	忙碌的姜饼人
event_christmas_decoration_name_8	Giftgiving Gate	礼盒拱门
event_christmas_decoration_name_9	Festive Fence	节日树篱
event_christmas_decoration_name_10	Candy-cane Lamps	糖果路灯
event_christmas_decoration_name_11	Tessellated Tundra Tiles	冰格小路
event_christmas_decoration_name_12	Star Lamps	星星地灯
event_christmas_decoration_name_13	Snowy Surfaces	冰天雪地
event_general_md_tutorial_1	Finally! The event is ready. Tap the event icon to get started.	终于！庆祝活动就要开始了。点击活动图标来进行查看。
event_general_md_tutorial_2	You can exchange your points to decorate the event space!  	你可以使用活动积分兑换装饰来装扮活动区域！
event_general_md_tutorial_3	To see the event items, tap the special decoration icon.	点击这里来预览所有的装饰物效果。
event_general_md_tutorial_4	Wow! It looks fantastic with all the decorations! 	哇哦！这些装饰集齐的效果看起来真棒呢！
event_general_md_tutorial_5	Now let's go back to the decoration shop!	现在让我们返回装饰兑换界面吧！
event_general_md_tutorial_6	Now I'll show you how to get event points.	现在我来教你如何获得活动积分。
event_general_md_tutorial_level_1	During the event, complete any customers orders to earn event points.	活动期间，完成任意顾客订单都可以获得活动积分。
event_general_md_tutorial_level_2	You can always check your progress and decorations here.	点击这里来随时查看活动装饰和你的积分进度。
remove_bubble_confirm_desc	You will break the bubble and gain a coin. This action cannot be undone. Are you sure you want to do this?	你将打破泡泡，并获得1个金币。此操作不可撤销，确定要这么做吗？
remove_bubble_confirm_btn	Break	打破
remove_bubble_confirm_title	Are you sure?	确定吗？
settings_music_off	Music is turned off.	音乐已关闭
settings_music_on	Music is turned on.	音乐已开启
settings_music_effect_off	Sound effect is turned off.	音效已关闭
settings_music_effect_on	Sound effect is turned on.	音效已开启
chain_gift_title_chain_christmas	Holiday Treasure Fest	假日宝藏
chain_gift_desc_chain_christmas	Claim an offer to unlock free rewards!	购买礼包以解锁免费奖励！
chain_gift_button_free	FREE	免费
event_level_title	Event Level Rewards	活动等级奖励
event_level_desc	Finish the event orders to level up and gain rewards!	完成活动订单来升级并获得奖励！
character_intimacy_tutorial_start_1	Oh, hi! I probably should've done this already, but let me introduce you to the residents of Brimwave!	啊，你好！我应该早点这样做的，让我向你介绍下浪尾岛的居民吧！
character_intimacy_tutorial_start_2	Tap here to enter the Brimwave community tab.	点击此处进入浪尾岛社区。
character_intimacy_tutorial_start_3	Here you can see a list of everyone in town. Some of them you'll already know!	在这里你可以看到镇上的居民列表。其中一些居民你已经认识啦。
character_intimacy_tutorial_start_4	Let's pay Olivia a visit and see what's she doing.	现在让我们去拜访奥利维亚，看看她在做什么。
character_intimacy_tutorial_start_5	I think she's happy to see you!	我觉得奥利维亚见到你很开心！
character_intimacy_tutorial_start_6	If you like, you can give her a gift. In return, she'll like you more, and maybe even give something back.	你可以送一些礼物给她。她会更喜欢你，也许还会回赠一些东西给你。
character_intimacy_tutorial_start_7	Tap here to give Olivia a gift.	点击此处来将礼物赠送给她。
character_intimacy_tutorial_start_8	Cool! I'll leave it to you now. Don't be shy! You can use gifts to cheer anyone up.	很不错！剩下的就都交给你了。不要害羞！试试给大家都送上礼物吧。
character_intimacy_tutorial_customer_1	Wow! You're lucky. This customer prepared a gift for you.	哇！你很幸运。这位顾客为你准备了一份礼物。
character_intimacy_tutorial_customer_2	To get the extra gift, you need to finish the order before the timer runs out.	要获得这份礼物，你需要在倒计时结束之前完成订单。
character_intimacy_tutorial_customer_3	Tap the gift icon to see what items are inside.	点击礼盒图标来查看里面有什么物品。
gift_flower_name	Flower	鲜花
gift_flower_desc	A beautiful flower with a lovely fragrance. Adds <color=#F8FDBE>{0}</color> relationship points.	一朵美丽的鲜花。闻起来很香。增加 <color=#F8FDBE>{0}</color> 好感度。
gift_chocolate_name	Chocolate	巧克力
gift_chocolate_desc	A sweet treat that no one can refuse. Adds <color=#F8FDBE>{0}</color> relationship points.	让人无法拒绝的甜蜜。增加 <color=#F8FDBE>{0}</color> 好感度。
gift_book_name	Book	书
gift_book_desc	Nothing beats a good book! Maybe this will be a new favorite. Adds <color=#F8FDBE>{0}</color> relationship points.	没有什么比一本好书更让人受益了。增加 <color=#F8FDBE>{0}</color> 好感度。
gift_watch_name	Watch	手表
gift_watch_desc	A finely-crafted watch with an elegant strap. Good for telling the time! Adds <color=#F8FDBE>{0}</color> relationship points.	一块精美的手表，皮质的表带尤其漂亮。增加 <color=#F8FDBE>{0}</color> 好感度。
character_intimacy_title	Brimwave Community	浪尾岛社区
character_intimacy_prefer	Prefers:	偏好：
character_intimacy_unlock_condition	Unlock Conditions:	解锁条件：
character_intimacy_unlock_condition_day	Complete day {0}	完成第{0}天
character_intimacy_unlock_condition_intimacy	{0}'s relationship level reaches {1}	{0}的好感度达到{1}级
character_intimacy_coming_soon	Coming soon!	即将推出！
character_intimacy_gift_obtain_hint	Complete orders to earn more gifts!	完成订单来赚取更多礼物！
character_intimacy_name	Relationship	好感度
character_intimacy_gift_btn	Gift	赠送
character_intimacy_gift_hint	Select and gift items to {0} to improve your relationship and earn rewards.	选择礼物并将其赠送给{0}来提升好感并获得奖励。
character_intimacy_reward_story	Vignette	番外
character_intimacy_reward_memory	Moment	时刻
character_intimacy_profile_title	Profile	简介
character_intimacy_profile_job	Job: 	工作：
character_intimacy_profile_relationship	Relationships: 	关系：
character_intimacy_profile_like	Likes: 	喜欢：
character_intimacy_profile_dislike	Dislikes: 	不喜欢：
character_intimacy_level_up_title	Relationship Improved!	好感等级提升!
character_intimacy_level_up_rewards	Rewards Unlocked:	解锁奖励：
character_story_quinn_1_name	Turning Points I	转折点（一）
character_story_quinn_1_scene	Quinn's Restaurant	奎因的餐厅
character_story_quinn_1_intro	Even working at the counter, Quinn can't escape the drama…	即使是在柜台工作的时候，奎因也避免不了被八卦……
character_story_quinn_2_name	Turning Points II	转折点（二）
character_story_quinn_2_scene	Quinn's Restaurant	奎因的餐厅
character_story_quinn_2_intro	Chatting with Lori, Quinn is asked a question about her early romance with Colton…	在和罗莉的聊天中，奎因被问及她和科尔顿早年的恋情……
character_story_quinn_3_name	Turning Points III	转折点（三）
character_story_quinn_3_scene	Quinn's Restaurant	奎因的餐厅
character_story_quinn_3_intro	With Lori hooked, Quinn continues the story her early romance with Colton…	罗莉越听越入迷，奎因继续讲述她和科尔顿的早年恋情……
character_story_quinn_4_name	The Pocketwatch I	怀表（一）
character_story_quinn_4_scene	Quinn's Restaurant	奎因的餐厅
character_story_quinn_4_intro	On a slow Sunday afternoon, Quinn receives a special delivery…	在一个悠闲的周日下午，奎因收到了一个特别的快递……
character_story_quinn_5_name	The Pocketwatch II	怀表（二）
character_story_quinn_5_scene	Quinn's Restaurant	奎因的餐厅
character_story_quinn_5_intro	Seeing her mom's pocket watch, Quinn reflects on a reminder of her past…	看着妈妈的怀表，奎因回忆起了一些陈年旧事……
character_story_olivia_1_name	Olivia's Playtime I	游戏时间（一）
character_story_olivia_1_scene	Olivia's Bedroom	奥利维亚的卧室
character_story_olivia_1_intro	Olivia's always loves playing games with her dad. This time, she plans a new one…	奥利维亚很喜欢和她爸爸一起玩游戏。这一次，她想到了一个新游戏……
character_story_olivia_2_name	Olivia's Playtime II	游戏时间（二）
character_story_olivia_2_scene	Olivia's Bedroom	奥利维亚的卧室
character_story_olivia_2_intro	Continuing their game, Colton and Olivia begin their adventure...	游戏继续，奥利维亚和科尔顿开始了他们的太空冒险……
character_story_olivia_3_name	Olivia's Playtime III	游戏时间（三）
character_story_olivia_3_scene	Olivia's Bedroom	奥利维亚的卧室
character_story_olivia_3_intro	While on their space adventure, Olivia and Colton find a surprise...	在游戏的冒险途中，奥利维亚和科尔顿找到了一个宝藏……
character_story_olivia_4_name	Planetarium Trip I	天文馆之旅（一）
character_story_olivia_4_scene	The Planetarium	天文馆
character_story_olivia_4_intro	Knowing Quinn has a busy day, Amala offers to take Olivia on her first planetarium visit…	这一天奎因很忙，阿玛拉带着奥利维亚开启了她的第一次天文馆之旅……
character_story_olivia_5_name	Planetarium Trip II	天文馆之旅 （二）
character_story_olivia_5_scene	The Planetarium	天文馆
character_story_olivia_5_intro	Looking up at the stars, Amala's story about Pluto intrigues Olivia…	在挂满行星的展厅中，阿玛拉讲述的冥王星的故事引起了奥利维亚的好奇……
character_story_harrison_1_name	Wild Workdays I	狂野的工作日（一）
character_story_harrison_1_scene	Olga's Café	奥尔加的咖啡馆
character_story_harrison_1_intro	Taking a break from work, the Three Musketeers make time for lunch…	上午的忙碌过后，浪尾岛三剑客聚到了一起吃午餐……
character_story_harrison_2_name	Wild Workdays II	狂野的工作日（二）
character_story_harrison_2_scene	Olga's Café	奥尔加的咖啡馆
character_story_harrison_2_intro	At lunch with his friends, Harrison tells a tall tale…	和朋友共进午餐时，哈里森讲述了一个离奇的故事……
character_story_harrison_3_name	A Good Cliché I	青涩往事（一）
character_story_harrison_3_scene	Brimwave Docks	浪尾岛码头
character_story_harrison_3_intro	Needing an extra pair of hands, Harrison has asked Sam to join him at work…	工作上遇到了麻烦，哈里森邀请山姆前来帮忙……
character_story_harrison_4_name	A Good Cliché II	青涩往事（二）
character_story_harrison_4_scene	Brimwave Docks	浪尾岛码头
character_story_harrison_4_intro	Trading stories as they work, Harrison prepares to explain how he and Quinn met…	一边工作一边聊天，哈里森准备好讲述他和奎因的相识过程……
character_story_harrison_5_name	A Good Cliché III	青涩往事（三）
character_story_harrison_5_scene	Brimwave Docks	浪尾岛码头
character_story_harrison_5_intro	Hauling crates at the dock, Sam continues to press Harrison about his past with Quinn…	帮忙搬运板条箱时，山姆继续追问哈里森和奎因的过往……
character_olivia_moment_1_name	Daddy & Daughter Alien	老爸和外星人女儿
character_olivia_moment_1_desc	Olivia loves to scare her dad when they're playing space adventures.	奥利维亚喜欢在玩太空冒险游戏时突然吓她爸爸一跳。
character_olivia_moment_2_name	Olivia's Pluto Drawing	奥利维亚的冥王星手绘
character_olivia_moment_2_desc	Olivia feels bad for lonely Pluto, and thinks about it often.	冥王星的孤独令奥利维亚感到难过。她经常会想起这件事。
character_quinn_moment_1_name	Colton's Hero Moment	科尔顿的英雄时刻
character_quinn_moment_1_desc	The early days of Quinn and Colton's relationship were just as chaotic, but sickly sweet.	奎因和科尔顿早期的感情争执不断，但甜蜜的时刻同样令人难以忘怀。
character_quinn_moment_2_name	Ramona's Love	蕾蒙娜的爱
character_quinn_moment_2_desc	Quinn often misses her mother, but most of all she misses someone to care for her after a long day.	奎因经常会想念她的母亲。但更多时候，她想念的是在漫长的一天过后，一处能够依靠的温暖。
character_harrison_moment_1_name	Teenage Timidity	少年情怯
character_harrison_moment_1_desc	Back at school, Harrison often nervously struggled to find the words to tell Quinn that he liked her.	在学校时，哈里森对奎因的感情常常令他手足无措，他始终没有将这份感情表达出来。
character_intimacy_olivia_desc	Quinn's ever-curious and adorable daughter.	奎因可爱而又永远充满好奇的女儿。
character_intimacy_profile_olivia_job	Astronaut, one day	宇航员（未来的某一天）
character_intimacy_profile_olivia_relationship	Daughter of Quinn and Colton	奎因和科尔顿的女儿
character_intimacy_profile_olivia_like	Space travel, lollipops	太空、棒棒糖、睡前故事
character_intimacy_profile_olivia_dislike	Girly-girl stuff, plain clothes	牙医，朴素的服装，蔬菜
character_intimacy_profile_olivia_story	Since she was very young, Olivia has been high-spirited and full of curiosity. Her obsession with space travel is just the latest in a long line of interests, including plushies, video games and coloring. Despite the conflict between her parents, she's full of optimism about the future, and one day hopes to explore the galaxy.	奥利维亚从很小的时候就活力满满，充满好奇。她对太空旅行的痴迷只是她对毛绒玩具、电子游戏和填色游戏等众多兴趣中最新的一个。尽管父母之间存在矛盾，但她对未来充满乐观，希望有一天能够探索银河系。
character_intimacy_quinn_desc	Brimwave's favorite amateur investigator & restaurateur.	浪尾岛最受欢迎的业余侦探和餐厅老板。
character_intimacy_profile_quinn_job	Restaurant owner & operator	餐厅老板和经营者
character_intimacy_profile_quinn_relationship	Mother of Olivia, ex-wife of Colton, friend to many	奥利维亚的母亲，科尔顿的前妻，许多人的朋友
character_intimacy_profile_quinn_like	Cooking, investigating	烹饪、调查、咖啡
character_intimacy_profile_quinn_dislike	Spiders, The Bitter Gnomes	蜘蛛、肥皂剧、愤怒地精
character_intimacy_profile_quinn_story	As Brimwave's preeminent local sleuth, Quinn has found herself at the centre of many mysteries over the years, but at heart, she's a passionate chef. A few years ago, with help from her family friend, Carmen, and her then-husband Colton, she started her dream restaurant. But like all dreams, it had to end eventually.	作为浪尾岛杰出的本地侦探，近些年来，奎因发现自己被卷入了许多谜团的中心。不过在她内心深处她一直都想做一名厨师。几年前，在朋友卡门和前夫科尔顿的帮助下，她开了一家梦想中的餐厅。但就像所有的梦想一样，结束的一天总会到来 。
character_intimacy_harrison_desc	Quinn's reliable old friend, who's always had a secret crush on her.	奎因的可靠老朋友，一直暗恋着奎因。
character_intimacy_profile_harrison_job	Local fisherman & fishmonger	当地渔民和鱼贩
character_intimacy_profile_harrison_relationship	Best friend to Quinn and Amala	奎因和阿玛拉最好的朋友
character_intimacy_profile_harrison_like	The sea, his boat, his family	大海，船，还有家人
character_intimacy_profile_harrison_dislike	Bad puns, woodworking	双关语，木工活，鳄鱼
character_intimacy_profile_harrison_story	As a capable, dutiful young man that happily inherited his family trade from his father, Harrison is dedicated to his family, and to his friends. While his ambitions never took him beyond the island, he's poured a lot of his energy into the community in recent years, and supplies fish to a dozen restaurants around the beachfront. But in truth, he'd almost always prefer to be at sea.	作为一个能干、有责任心的年轻人，哈里森从父亲那里继承了家族产业，并且非常重视家庭和朋友。虽然他的雄心壮志从未使他走出过岛屿，但近年来他将大量的精力投入到本地社区，并为海滨附近的十几家餐馆供应鱼类。不过事实是，他其实更享受在海上的时光。
character_intimacy_olivia_idle_1	Hey! How many stars are there in the galaxy?	嘿！银河系中有多少颗星星？
character_intimacy_olivia_idle_2	Have you met our cat, Coconut?	你见过我们的猫——小椰子了吗？
character_intimacy_olivia_idle_3	One day I'm going to visit ALL of the planets!	总有一天我要去拜访所有的星星！
character_intimacy_olivia_idle_4	Have you ever seen a shooting star?	你见过流星吗？
character_intimacy_olivia_idle_5	Maybe one day I'll be super big!	也许有一天我会长得超级大！
character_intimacy_olivia_idle_6	Hmm, what planet are you from?	呃，你来自哪个星球？
character_intimacy_olivia_hello_midnight_1	Shh, don't tell my mama I'm up so late!	嘘，别告诉妈妈我现在还没睡！
character_intimacy_olivia_hello_midnight_2	Hey! Do you want a midnight snack too?	嘿！你也想吃宵夜吗？
character_intimacy_olivia_hello_midnight_3	Hi. It's really late. But look at the stars!	你好。现在真的很晚了。不过星星好美呀！
character_intimacy_olivia_hello_morning_1	Good morning! Do you want some juice?	早上好！你想来杯果汁吗？
character_intimacy_olivia_hello_morning_2	Morning! Mama made pancakes!	早呀！妈妈给我做了个煎饼！
character_intimacy_olivia_hello_morning_3	Hey! What do you want for breakfast?	嘿！你早餐想吃些什么？
character_intimacy_olivia_hello_afternoon_1	It's time for my afternoon nap.	我现在应该去睡午觉了。
character_intimacy_olivia_hello_afternoon_2	Hey, it's lunchtime. Uncle Sam made sandwiches.	嘿，要吃午饭了。山姆叔叔做了三明治。
character_intimacy_olivia_hello_afternoon_3	I love the afternoon! It's playtime!	我喜欢中午！吃完饭就可以玩游戏了！
character_intimacy_olivia_hello_evening_1	I wonder what we're having for dinner...	不知道晚上我们会吃些什么...
character_intimacy_olivia_hello_evening_2	Do you think aliens have dinnertime?	你觉得外星人也会吃晚餐吗？
character_intimacy_olivia_hello_evening_3	Hi! What are you eating for dinner?	你好！你晚餐吃了什么？
character_intimacy_olivia_hello_night_1	Aw, it's almost bedtime.	啊，快到睡觉时间了。
character_intimacy_olivia_hello_night_2	Do you know any good bedtime stories?	你知道什么有趣的睡前故事吗？
character_intimacy_olivia_hello_night_3	Hey! Who's going to tuck you into bed?	嘿！晚上会有人哄你睡觉吗？
character_intimacy_olivia_gift_1	Wow! I love presents!	哇！我喜欢礼物！
character_intimacy_olivia_gift_2	Thanks a lot! This is so cool!	非常感谢！这太酷了！
character_intimacy_olivia_gift_3	This is really cool! Thanks!	这真的很棒！谢谢！
character_intimacy_olivia_gift_4	What! A present!? Thanks a lot!	什么！礼物！？非常感谢！
character_intimacy_olivia_gift_5	A present for me!? You're really nice!	给我的礼物！？你真的很好！
character_intimacy_olivia_gift_6	Thanks for the present! 	谢谢你的礼物！
character_intimacy_olivia_gift_special_1	Whoa! This is my favorite!	哇！这是我最喜欢的！
character_intimacy_olivia_gift_special_2	This is SO SO cool! Thanks a lot!	这太酷了！非常感谢！
character_intimacy_olivia_gift_special_3	I told papa I wanted this!	我跟爸爸说过我想要这个！
character_intimacy_olivia_gift_special_4	Wow! I've always wanted this! Thanks!	哇！我一直都想要这个！谢谢！
character_intimacy_olivia_gift_special_5	This is the best day ever! I got the best present EVER!	这是最美好的一天！我得到了最好的礼物！
character_intimacy_olivia_level_up_1	You're really nice. Do you want to be my friend?	你真的很好。你愿意做我的朋友吗？
character_intimacy_olivia_level_up_2	Guess what! You're almost my best friend.	你猜怎么着！你快是我最好的朋友啦。
character_intimacy_olivia_level_up_3	Since you're my friend. What color do you like?	你已经是我的朋友了。告诉我你喜欢什么颜色？
character_intimacy_olivia_level_up_4	I like you, you're a good friend.	我喜欢你，你是个好朋友。
character_intimacy_olivia_level_up_5	You're my new best friend! Don't tell Uncle Sam.	你是我新交的最好的朋友！不要让山姆叔叔知道哦。
character_intimacy_quinn_idle_1	Here's some cooking advice: always have a good pan.	我这儿有一些烹饪建议：准备一口好锅。
character_intimacy_quinn_idle_2	Don't you love the warm weather? 	你喜欢温暖的天气吗？
character_intimacy_quinn_idle_3	Oh no, did I leave something in the oven!?	哦，糟糕。我在烤箱里放了什么东西吗！？
character_intimacy_quinn_idle_4	Haha, Brimwave is never a dull island.	哈哈，浪尾岛从来都不是一个沉闷的岛屿。
character_intimacy_quinn_idle_5	Hmm, do you think I should change my hair color?	呃，你觉得我应该换一个发色吗？
character_intimacy_quinn_idle_6	Which do you think is better? Beach life or city life?	你觉得哪种生活更好？海滩生活还是城市生活？
character_intimacy_quinn_hello_midnight_1	You're up late! I can make you some herbal tea.	你还不睡呢！我可以给你泡些花草茶。
character_intimacy_quinn_hello_midnight_2	Uh-oh. Did you have a late coffee too?	呃哦。你晚上也喝咖啡了吗？
character_intimacy_quinn_hello_midnight_3	Hey, aren't you up past your bedtime?	嘿，你是不是应该去睡觉了？
character_intimacy_quinn_hello_morning_1	Oh, good morning! Have a good sleep?	哦，早上好！睡得好吗？
character_intimacy_quinn_hello_morning_2	Morning! I'm making a fresh pot of coffee.	早呀！我正在煮一壶新鲜的咖啡。
character_intimacy_quinn_hello_morning_3	Oh, hi! I wasn't expecting you this early. 	啊，你好！没想到你起这么早。
character_intimacy_quinn_hello_afternoon_1	Hey! Did you come here for lunch?	嘿！你是来这里吃午饭的吗？
character_intimacy_quinn_hello_afternoon_2	Finally, it's break time! Want to grab a bite to eat?	终于到了休息时间！想吃点东西吗？
character_intimacy_quinn_hello_afternoon_3	Hey, we should take a break and play a game.	嘿，我们应该休息一下，玩个游戏。
character_intimacy_quinn_hello_evening_1	Good evening! I see you're back again.	晚上好！咱们又见面了。
character_intimacy_quinn_hello_evening_2	Hey there! I'm just about to get dinner ready. 	嘿！我正要准备晚饭。
character_intimacy_quinn_hello_evening_3	Evening! I'm happy it's almost closing time.	晚上好！我很高兴就要打烊了。
character_intimacy_quinn_hello_night_1	Oh, I'm getting sleepy. But it's good to see you.	哦，我有点困了。不过很高兴见到你。
character_intimacy_quinn_hello_night_2	Back again, I see. Don't stay up too late.	你又来啦。不要熬夜到太晚。
character_intimacy_quinn_hello_night_3	Hope you had a good day. I know I was busy!	希望你今天过得不错。我反正是挺忙的！
character_intimacy_quinn_gift_1	Wow! For me? Thank you!	哇！给我的？谢谢！
character_intimacy_quinn_gift_2	I wasn't expecting a gift. Thanks!	我没想到会收到礼物。谢谢！
character_intimacy_quinn_gift_3	What? For me!? 	什么？送给我的吗！？
character_intimacy_quinn_gift_4	I didn't know we were exchanging gifts!	我们什么时候开始交换礼物的？
character_intimacy_quinn_gift_5	But I didn't get you anything. I'll get you a gift next time.	但我什么都没送给过你。下次我也准备个礼物。
character_intimacy_quinn_gift_6	Another gift!? Wait, is it my birthday!?	又一个礼物！？等等，今天是我的生日吗！？
character_intimacy_quinn_gift_special_1	Aww, shucks! This means a lot, thank you.	哇，乖乖！这对我意义重大，谢谢。
character_intimacy_quinn_gift_special_2	How'd you know!? I've been looking for this! Thanks!	你怎么知道的！？我一直在找这个！谢谢！
character_intimacy_quinn_gift_special_3	I didn't know they still made these! Thank you!	没想到还能找到这个！谢谢！
character_intimacy_quinn_gift_special_4	This made my day. What a surprise, thank you.	这件事情让我感到很快乐。真是个惊喜，谢谢。
character_intimacy_quinn_gift_special_5	Whoa. I had a dream about this! Thanks!	哇。我昨晚还梦到它了呢！谢谢！
character_intimacy_quinn_level_up_1	You know, you're a good friend.	你知道吗，你是个很好的朋友。
character_intimacy_quinn_level_up_2	After I close up, we should hang out!	下班后我们应该一起出去玩！
character_intimacy_quinn_level_up_3	There's nothing like a good chat among close friends.	没有什么比好朋友之间的愉快聊天更美妙的了。
character_intimacy_quinn_level_up_4	You have to join me and Amala for brunch!	下次我和阿玛拉吃饭时一定要喊上你！
character_intimacy_quinn_level_up_5	Maybe I'll tell you one of my secret recipies.	也许我会跟你分享我的一个秘密菜谱。
character_intimacy_harrison_idle_1	Hey! What's up?	嘿！发生什么事情了？
character_intimacy_harrison_idle_2	How's it going, friend? Up to much?	怎么样，朋友？一切都顺利吗？
character_intimacy_harrison_idle_3	You should've seen the mackerel I caught the other day.	你应该看看我前几天抓到的那条鲭鱼。
character_intimacy_harrison_idle_4	My dad says you're always at home in good company.	我爸爸说你身边总是有好朋友相伴。
character_intimacy_harrison_idle_5	Hey. What's new with you? Heard anything new?	嘿。你最近怎样？有听到什么新消息吗？
character_intimacy_harrison_idle_6	I had something to say to you, but forgot what it was…	我有话要对你说，但现在想不起来了……
character_intimacy_harrison_hello_midnight_1	Ugh…is it morning yet?	呃……已经天亮了吗？
character_intimacy_harrison_hello_midnight_2	I better get down to the Marina soon…	我最好赶快去码头……
character_intimacy_harrison_hello_midnight_3	Oh hey! You're awake too?	噢！嗨！你也还没睡呢？
character_intimacy_harrison_hello_morning_1	Hey! Find me after my deliveries. We should hang!	嘿！等我送完货后来找我。咱们一起去逛逛！
character_intimacy_harrison_hello_morning_2	Don't tell me you just woke up. I've been awake hours!	别告诉我你刚睡醒。我都醒了好几个小时了！
character_intimacy_harrison_hello_morning_3	Morning! I had a great haul today.	早呀！我今天捕了好多鱼。
character_intimacy_harrison_hello_afternoon_1	Phew. Deliveries done for today. Want to get lunch?	呼。今天的货发完了。想一起吃午饭吗？
character_intimacy_harrison_hello_afternoon_2	We're in for good weather tomorrow, I hear.	我听说明天天气超好。
character_intimacy_harrison_hello_afternoon_3	The marina's super busy today. Lloyd said to say hi.	今天码头上超级忙。劳埃德说帮他打个招呼。
character_intimacy_harrison_hello_evening_1	Hey there bud, out for an evening swim?	嘿伙计，晚上一起去游泳？
character_intimacy_harrison_hello_evening_2	Man, what a day I've had.	伙计，今天可真够充实的。
character_intimacy_harrison_hello_evening_3	You got any tips for relaxing?	你有什么放松的秘诀吗？
character_intimacy_harrison_hello_night_1	Heya, it's a bit late. How about we share some stories?	嗨，已经到晚上了。我们分享一些故事怎么样？
character_intimacy_harrison_hello_night_2	I better head to bed soon. I gotta be up early.	我最好赶快去睡觉。明天我还得早起呢。
character_intimacy_harrison_hello_night_3	Clear skys tonight. Might be able to see the stars.	今晚晴空万里。也许还能看到星星呢。
character_intimacy_harrison_gift_1	Oh wow, thanks!	哇哦，谢谢！
character_intimacy_harrison_gift_2	I really appreciate that. I'll return the favor!	非常感谢。我会记着的！
character_intimacy_harrison_gift_3	A gift? For me? That's so nice!	一个礼物？送给我的？太好了！
character_intimacy_harrison_gift_4	Hey, catch me later, I'll buy you something in return.	嘿，等会儿来找我，我也给你买些东西。
character_intimacy_harrison_gift_5	Thanks! This is so cool.	谢谢！这太酷了。
character_intimacy_harrison_gift_6	Aw! You didn't have to!	啊！用不着这样！
character_intimacy_harrison_gift_special_1	Whoa, thanks! You're the best! 	哇，谢谢！你是最好的！
character_intimacy_harrison_gift_special_2	How did you know? This is awesome.	你怎么知道的？这太棒了。
character_intimacy_harrison_gift_special_3	Oh heck yeah. I've been looking for one of these.	哇哦。我一直在找这东西呢。
character_intimacy_harrison_gift_special_4	I LOVE those. Thanks!	我非常喜欢。谢谢！
character_intimacy_harrison_gift_special_5	If you find any more of these, let me know, yeah?	如果你之后找到了更多，请跟我说，好不好？
character_intimacy_harrison_level_up_1	I hope I'm half as good a friend to you as you are to me.	希望在你心中，我也是一个好朋友。
character_intimacy_harrison_level_up_2	It's so cool hanging out with you.	和你做朋友真是太酷了。
character_intimacy_harrison_level_up_3	You should come have dinner at my place some time.	你应该找个时间来我家吃晚饭。
character_intimacy_harrison_level_up_4	That's it, I'm telling Quinn and Amala you're my best friend.	就是这样，我要告诉奎因和阿玛拉你是我最好的朋友。
character_intimacy_harrison_level_up_5	Woah, did we just become really good friends!?	哇哦，我们真的成了好朋友了吗！？
character_intimacy_limited_order_title	Exclusive Bonus	限时奖励
character_intimacy_limited_order_desc	Complete this order before the time runs out to get your prize:	倒计时结束前完成订单来获得以下奖励：
chain_gift_unlock_note	Claim previous offer to unlock it	领取前面的礼包后解锁
item_infi_ene_1_name	Infinite Energy	无限能量
item_infi_ene_2_name	Infinite Energy	无限能量
item_infi_ene_3_name	Infinite Energy	无限能量
item_infi_ene_4_name	Infinite Energy	无限能量
item_infi_ene_5_name	Infinite Energy	无限能量
item_infi_ene_1_desc	After use, producing items will not cost energy. Lasts <color=#1c8ee6>1</color> minute. Tap to use.	使用后，产生物品不会消耗任何能量，持续<color=#1c8ee6>1</color>分钟。点击来使用。
item_infi_ene_2_desc	After use, producing items will not cost energy. Lasts <color=#1c8ee6>2</color> minutes. Tap to use.	使用后，产生物品不会消耗任何能量，持续<color=#1c8ee6>2</color>分钟。点击来使用。
item_infi_ene_3_desc	After use, producing items will not cost energy. Lasts <color=#1c8ee6>4</color> minutes. Tap to use.	使用后，产生物品不会消耗任何能量，持续<color=#1c8ee6>4</color>分钟。点击来使用。
item_infi_ene_4_desc	After use, producing items will not cost energy. Lasts <color=#1c8ee6>8</color> minutes. Tap to use.	使用后，产生物品不会消耗任何能量，持续<color=#1c8ee6>8</color>分钟。点击来使用。
item_infi_ene_5_desc	After use, producing items will not cost energy. Lasts <color=#1c8ee6>16</color> minutes. Tap to use.	使用后，产生物品不会消耗任何能量，持续<color=#1c8ee6>16</color>分钟。点击来使用。
item_infi_ene_1_detaildesc	This item will provide you a time-based boost! For 1 minute, tapping on item generators will not cost any energy!	使用这个物品后，你将进入1分钟的无限能量状态。
item_infi_ene_2_detaildesc	This item will provide you a time-based boost! For 2 minutes, tapping on item generators will not cost any energy!	使用这个物品后，你将进入2分钟的无限能量状态。
item_infi_ene_3_detaildesc	This item will provide you a time-based boost! For 4 minutes, tapping on item generators will not cost any energy!	使用这个物品后，你将进入4分钟的无限能量状态。
item_infi_ene_4_detaildesc	This item will provide you a time-based boost! For 8 minutes, tapping on item generators will not cost any energy!	使用这个物品后，你将进入8分钟的无限能量状态。
item_infi_ene_5_detaildesc	This item will provide you a time-based boost! For 16 minutes, tapping on item generators will not cost any energy!	使用这个物品后，你将进入16分钟的无限能量状态。
item_level_up_piece_1_name	Rainbow Gem	万能宝石
item_level_up_piece_1_desc	Drag the Rainbow Gem onto an item to upgrade it by 1 level! Cannot be used on generators.	拖拽万能宝石到另一个物品上来使该物品的等级提升1级。无法作用在母体棋子上。
item_level_down_piece_1_name	Scissors	剪刀
item_level_down_piece_1_desc	With these special scissors, you can cut an item into two lower-level items! Merge to increase the number of uses.	拖拽到其它物品上来将它们剪成两个低等级的物品。合并来增加使用次数。
item_level_down_piece_1_desc2	Uses Left:	使用次数：
hint_not_upgrade	Cannot be used on this type of item!	不可用于此类物品！
hint_not_split	Cannot be used on this type of item.	不可用于此类物品。
hint_board_is_full	There's not enough space on the board.	棋盘上没有足够的空间。
rainbow_item_use_confirm	Are you sure you want to upgrade this item?	你确定要升级该物品吗？
scissor_item_use_confirm	Are you sure you want to split this item?	你确定要将这个物品拆分吗？
item_time_skip_1_name	Hourglass	沙漏
item_time_skip_2_name	Hourglass	沙漏
item_time_skip_3_name	Hourglass	沙漏
item_time_skip_4_name	Hourglass	沙漏
item_time_skip_5_name	Hourglass	沙漏
item_time_skip_1_desc	A useful tool for managing time! Tap to reduce the cooldown timer on all items by <color=#1c8ee6>10</color> minutes.	管理时间的有用道具。点击来使棋盘上所有物品的冷却时间加快<color=#1c8ee6>10</color>分钟。
item_time_skip_2_desc	A useful tool for managing time! Tap to reduce the cooldown timer on all items by <color=#1c8ee6>20</color> minutes.	管理时间的有用道具。点击来使棋盘上所有物品的冷却时间加快<color=#1c8ee6>20</color>分钟。
item_time_skip_3_desc	A useful tool for managing time! Tap to reduce the cooldown timer on all items by <color=#1c8ee6>40</color> minutes.	管理时间的有用道具。点击来使棋盘上所有物品的冷却时间加快<color=#1c8ee6>40</color>分钟。
item_time_skip_4_desc	A useful tool for managing time! Tap to reduce the cooldown timer on all items by <color=#1c8ee6>1</color> hour <color=#1c8ee6>20</color> minutes.	管理时间的有用道具。点击来使棋盘上所有物品的冷却时间加快<color=#1c8ee6>1</color>小时<color=#1c8ee6>20</color>分钟。
item_time_skip_5_desc	A useful tool for managing time! Tap to reduce the cooldown timer on all items by <color=#1c8ee6>2</color> hour <color=#1c8ee6>40</color> minutes.	管理时间的有用道具。点击来使棋盘上所有物品的冷却时间加快<color=#1c8ee6>2</color>小时<color=#1c8ee6>40</color>分钟。
name_OliviaBirthday_1_Amala	New story!	新故事！
name_OliviaBirthday_2_Norman	New story!	新故事！
name_OliviaBirthday_3_Mark	New story!	新故事！
name_OliviaBirthday_4_Lori	New story!	新故事！
name_OliviaBirthday_5_Carmen	New story!	新故事！
name_OliviaBirthday_6_Harrison	New story!	新故事！
description_OliviaBirthday_1_Amala	Talk with Amala about Olivia's interest.	和阿玛拉讨论奥利维亚的兴趣爱好。
description_OliviaBirthday_2_Norman	Norman seems to love to party.	诺曼似乎很喜欢派对。
description_OliviaBirthday_3_Mark	Will Mark come to the party?	马克会来参加派对吗？
description_OliviaBirthday_4_Lori	Lori seems interested to the party.	罗莉似乎很感兴趣。
description_OliviaBirthday_5_Carmen	Invite Carmen to the party.	邀请卡门来参加派对。
description_OliviaBirthday_6_Harrison	Harrison…nevermind.	哈里森……没事了。
event_general_md_tutorial_level_3	Look! We've got some special orders! If we finish them, we can win double event points!	看! 我们收到了新的特殊订单! 完成它们可以赢得双倍的活动积分!
event_general_md_tutorial_level_4	Let's get the customers in the spirit of things!	让我们把顾客的情绪调动起来!
event_general_md_tutorial_level_5	Oh! And here is a little gift for you!	对了！这是给你的小礼物！
event_spring_decoration_name_1	The Great Dragon	新春舞龙
event_spring_decoration_name_2	Dancing Lions	春节舞狮
event_spring_decoration_name_3	Peaceful Pavillion	宁静的凉亭
event_spring_decoration_name_4	Ancient Tree	许愿树
event_spring_decoration_name_5	Pondside House	池边小筑
event_spring_decoration_name_6	Celebration Stall	年货摊
event_spring_decoration_name_7	Rabbit Pyromancers	生肖兔
event_spring_decoration_name_8	New Years' Arch	新年拱门
event_spring_decoration_name_9	New Years' Fences	新年栅栏
event_spring_decoration_name_10	Hanging Lantern	灯笼
event_spring_decoration_name_11	New Years' Path	新年之路
event_spring_decoration_name_12	Ground Lantern	地面宫灯
event_spring_decoration_name_13	New Years' Lawn	新年地板
chain_gift_title_chain_spring	Spring Treasure Fest	春节宝藏
chain_gift_desc_chain_spring	Claim an offer to unlock free rewards!	购买礼包以解锁免费奖励！
growthfund_goods_window_title	Growth Fund	成长基金
growthfund_goods_window_desc1	<color=#ffea48>{0}%</color> Value!	<color=#ffea48>{0}%</color> 的奖励！
growthfund_goods_window_desc2	Super affordable, don't miss it!	超值优惠，不容错过！
growthfund_goods_window_need_tip1	Advance to level {0}	游戏等级达到 {0} 级
growthfund_goods_window_need_tip2	Insufficient level	等级不足
growthfund_goods_window_activated	Activated	已开通
task_60_1	After the Storm	风暴过后
task_60_2	Rusty Riches	惊现鲸鱼
task_60_3	Ocean Week	海洋周
task_60_4	Giant Frights	过度担心
task_60_5	Bigger on the Inside	有超能力的阿玛拉
task_60_6	The Missing Guest	初次见面
task_60_7	Distant Dom	若无其事的多姆
task_60_8	Castillo Clash	父女争吵
task_60_9	A Real Ghost (Whale)	真正的鲸鱼
task_60_10	Never Alone	从不孤单
task_60_11	Fishy Sitter	鱼人保姆
task_61_1	Whale Play	什么是“无染”？
task_61_2	A quick question	短暂思考
task_61_3	Need more clues	需要更多线索
task_61_4	Whale Deux	神秘包裹
task_61_5	A Piece of Poetry	一首诗
task_61_6	Colossus Content	参观巨物
task_61_7	Tacky Tactics	俗气的噱头
task_61_8	Tourist Trap	旅游陷阱
task_61_9	Harry Merman	人鱼哈里
task_61_10	Arts and Crafts	工艺品
task_61_11	As If!	争吵
task_61_12	Ms. Trouble	麻烦的女士
task_61_13	You-Know-Who	“那个人”
task_61_14	Lyric Lodge	闲聊时光
task_62_1	Stumped Puzzle	令人费解的谜题
task_62_2	An Empty Seat	翻旧账的科尔
task_62_3	Made Attempt	要有礼貌
task_62_4	Whale of the Lake	湖中鲸
task_62_5	The Mishras	阿玛拉的家事
task_62_6	Traveling Dom	喜欢旅行的多姆
task_62_7	The Lost Goodbye	不愿回忆的过去
task_62_8	Dom's Lead	多姆的领导
task_62_9	Dom's Old Friend	多姆的老朋友
task_62_10	Forgotten Souvenirs	被搁置的纪念品
task_62_11	For How Long?	为时过早
task_63_1	Quizzical Quinn	古怪的奎因
task_63_2	Foggy Memory	模糊的记忆
task_63_3	Sweet Sails	浪漫的船
task_63_4	An Honorable Dom	热心肠的多姆
task_63_5	Just Normal Men	男人做的事儿
task_63_6	A Good View	女婿人选
task_63_7	Moral Compass	心结宜解
task_63_8	Crowned Jewel	鲸鱼雕塑的渊源
task_63_9	Brimwave Aquarium	浪尾岛水族馆
task_63_10	Time Tells	时间会说话
task_63_11	Another Look	新线索
task_64_1	A Rest Day	休息日
task_64_2	New Campgrounds	马克警官介入
task_64_3	The Cold Case	悬案
task_64_4	All Tied Up	忙碌的诺曼
task_64_5	Nice Meme	反差萌
task_64_6	No. 1 BBQ Prince	烧烤的艺术
task_64_7	Good to Go	准备着
task_64_8	Lobster Lunch	龙虾午餐
task_64_9	Neighbor Nostalgia	老邻居洽谈
task_64_10	Home Sweet Motorhome	可爱的老房车
task_64_11	A New Leaf	崭新的开始
task_64_12	No.1 BBQ King	烧烤王
task_64_13	It's Time	是时候了
task_64_14	Dinner with Dom	小鲸鱼的玄机
task_65_1	Trust in Cole	好的老板
task_65_2	Confidential Chat	秘密谈话
task_65_3	Whale Thieves	偷走鲸鱼的人
task_65_4	A Gnomish Schism	地精决裂
task_65_5	Glass Half Full	冒牌货
task_65_6	The Warning	解开谜题
task_65_7	Brimwave Treasure	浪尾岛的秘密
task_65_8	Tale of Two Whales	鲸鱼雕塑的巧合
task_65_9	And This Too	“也”？
task_65_10	Wait!	等一下！
task_65_11	Well Do You?	你愿意吗？
gift_shop_title	Gift Shop	礼物商城
character_intimacy_level_up_hint	You can level up your relationships!	好感度等级可以提升了！
hint_coin_not_enough	Not Enough Coins	金币不足
load_error_window_desc	The game needs to be restarted to complete the update, please click the button below to restart the game.	您需要重启游戏才能完成更新，请点击下方按钮以重启游戏。
load_error_window_title	Restart	重新启动
character_story_olivia_8_name	The Other Olivia I	另一个奥利维亚（一）
character_story_olivia_8_scene	Olivia's Bedroom	奥利维亚的卧室
character_story_olivia_8_intro	Olivia has a little identity crisis…	奥利维亚对于自己的身份产生了一些困惑……
character_story_olivia_9_name	The Other Olivia II	另一个奥利维亚（二）
character_story_olivia_9_scene	Olivia's Bedroom	奥利维亚的卧室
character_story_olivia_9_intro	Olivia is excited to hear a story about her grandmother…	奥利维亚很乐意听奎因讲述她祖母的故事……
character_story_olivia_6_name	To the Rescue I	救援（一）
character_story_olivia_6_scene	Brimwave Town	浪尾镇
character_story_olivia_6_intro	On a trip to the beach with Harrison, Olivia finds a new creature…	在和哈里森一起去海滩玩耍的路上，奥利维亚发现了一个新生物……
character_story_olivia_7_name	To the Rescue II	救援（二）
character_story_olivia_7_scene	Brimwave Town	浪尾镇
character_story_olivia_7_intro	Olivia and Harrison team up to help Mr. Hermit…	奥利维亚和哈里森齐心协力帮助寄居蟹先生……
character_olivia_moment_3_name	Olivia the Shell Hunter	赶海的小姑娘
character_olivia_moment_3_desc	Olivia loves combing the beach for new surprises from the ocean.	奥利维亚很喜欢在海滩上搜寻来自大海的新发现。
ma_save_coconut_title	Save Coconut	拯救小椰子!
ma_save_coconut_ready_desc	The event has started!	活动开始！
activity_save_coconut_ready_btn	Let's Go	前往
ma_save_coconut_desc	Save Coconut from the bees and get buzzing rewards!	让小椰子逃离蜜蜂的追击并获得丰厚奖励！
ma_save_coconut_start_btn	Start	开始
ma_save_coconut_start_desc	Next free chip in:	下次免费挑战：
ma_save_coconut_start_free_desc	A free chip is ready!	本次挑战免费
ma_save_coconut_buy_title	Get more chips	获取更多挑战币
ma_save_coconut_buy_desc	Finish orders or use gems to get more chips	完成订单或使用钻石以获取更多挑战币
ma_save_coconut_buy_kitchen_btn	Go to kitchen	去厨房
ma_save_coconut_kitchen_desc	Finish customer orders to get more chips.	完成订单以获得更多挑战币
ma_save_coconut_win_title	Well Done!	干得漂亮!
ma_save_coconut_win_button	OK	好的
ma_save_coconut_lose_title	You Lose	你失败了
ma_save_coconut_lose_retry_button	Retry	重试
save_coconut_tutorial_1	Oh no! Coconut is in trouble! Let's help him 	小椰子好像有麻烦了，我们去帮帮它！
save_coconut_tutorial_2	Finished orders charge the progress bar.	完成订单可以为进度条充能。
save_coconut_tutorial_3	Each time the progress bar is full, you get a chip!	每次进度条涨满，你都可以获得一个挑战币。
save_coconut_tutorial_4	You can check the event progress here.	点击这里随时查看活动进度
ma_save_coconut_level_title	Level {0}	关卡 {0}
bp_decoration_preview_desc	Raise your Pass Level to get all of the decorations!	升级你的通行证等级来获得所有装饰物！
save_coconut_complete_success_title	Great job! \nYou saved Coconut!	干得好！\n你成功拯救了小椰子！
save_coconut_complete_fail_title	Oh no, you didn't \nsave Coconut.	哦不，你没能\n拯救小椰子
name_circus_door	Circus Threshold	马戏团大门
description_circus_door	Roll up, roll up! Come one, come all!	嗨起来！嗨起来！一起来玩吧！
name_circus_shop	Food Carts	小吃车
description_circus_shop	Fancy a snack before the main event?	想在看表演前吃点东西吗？
name_circus_light	Fancy Hedgerows	花式灌木丛
description_circus_light	Always on the move, the circus decorates as it goes!	马戏团总是走到哪，装扮到哪。
name_circus_master	The Ringmaster	团长
description_circus_master	A professional master of ceremonies.	专业的马戏团团长。
name_circus_vent	The Big Top	马戏团大篷
description_circus_vent	The place where the magic happens.	见证奇迹的地方。
name_Circus_1_Colton	New story!	新故事！
name_Circus_2_Norman	New story!	新故事！
name_Circus_3_Mark	New story!	新故事！
name_Circus_4_Lori	New story!	新故事！
name_Circus_5_Carmen	New story!	新故事！
name_Circus_6_Harrison	New story!	新故事！
description_Circus_1_Colton	The circus is coming HERE.	马戏团来了。
description_Circus_2_Norman	A secret of Windom.	温顿的秘密。
description_Circus_3_Mark	We need extra patrols.	我们需要额外的安保措施。
description_Circus_4_Lori	Lori just don't like circuses?	罗莉好像不喜欢马戏团？
description_Circus_5_Carmen	Welsh's Wild and Wonderful Wandering Circus.	狂野而奇妙的威尔士巡回马戏团。
description_Circus_6_Harrison	A fantastic clown.	最棒的小丑。
chain_gift_desc_chain	Claim an offer to unlock free rewards!	购买礼包以解锁免费奖励！
tutorial_order_item_info_1	This customer needs an iced lemon tea!	这位顾客需要一杯冰柠檬茶!
tutorial_order_item_info_2	Tap on the icon of iced lemon tea to see how to get it!	点击冰柠檬茶的图标，看看如何得到它!
item_ml_valentine_2_1_name	A Single Rose	一朵玫瑰
item_ml_valentine_2_2_name	Long Stemmed Roses	两朵玫瑰
item_ml_valentine_2_3_name	Valentine Roses	情人节玫瑰
item_ml_valentine_2_4_name	Heart of Roses	礼盒玫瑰
item_ml_valentine_2_5_name	GALentine Bouquet	情人节花束
item_ml_valentine_1_1_name	Picnic Roses	野餐玫瑰
item_ml_valentine_2_1_desc	Merge roses to fulfill the customer’s Valentine’s Day order.	合成玫瑰，以完成顾客在情人节期间的订单。
item_ml_valentine_2_2_desc	Merge roses to fulfill the customer’s Valentine’s Day order.	合成玫瑰，以完成顾客在情人节期间的订单。
item_ml_valentine_2_3_desc	Merge roses to fulfill the customer’s Valentine’s Day order.	合成玫瑰，以完成顾客在情人节期间的订单。
item_ml_valentine_2_4_desc	Merge roses to fulfill the customer’s Valentine’s Day order.	合成玫瑰，以完成顾客在情人节期间的订单。
item_ml_valentine_2_5_desc	A bouquet of roses to fulfill the customer’s Valentine’s Day order.	一大束玫瑰，可以用来完成顾客在情人节期间的订单。
item_ml_valentine_1_1_desc	Tap the flower basket to produce roses for customers’ order.	点击玫瑰花篮，以生成玫瑰完成顾客订单。
chain_gift_title_chain_valentine	Lovey-Dovey Treasure Fest	浪漫宝藏
character_intimacy_return_gift_hint	Someone sent you a free gift!	有人给你送了份儿礼物！
character_intimacy_olivia_gift_ready_1	Look I got you a present! Open it!	看，我给你准备了个礼物！快打开吧！
character_intimacy_olivia_gift_ready_2	Surprise! My mama helped me get it. 	惊喜！妈妈帮我给你准备了个礼物。
character_intimacy_olivia_gift_ready_3	I love getting presents so I got you one too! 	我很喜欢礼物，所以我给你也准备了一个！
olivia_intimacy_return_gift_title	Olivia's Galactic Gift Box	奥利维亚的太空礼盒
olivia_intimacy_return_gift_desc	Maybe there are moon rocks inside...Tap to open. Gifts get better with a higher relationship level!	也许里面包着一个火箭……点击来打开。好感度等级越高，礼物也会越好。
character_intimacy_olivia_gift_opened_1	Did you like it!? I really hope you did!	你喜欢吗？希望你会喜欢！
character_intimacy_olivia_gift_opened_2	See! I'm the best gift giver!	看！我给的礼物最棒了！
character_intimacy_olivia_gift_opened_3	Yay! I knew you'd like it! 	耶！就知道你会喜欢！
character_intimacy_quinn_gift_ready_1	Since you help me so much, here's a little present for you.	感谢你帮了我这么多。我给你准备了个小礼物。
character_intimacy_quinn_gift_ready_2	It's nothing lavish, but I thought of you when I saw it.	不是什么贵重的东西，不过看到它时我就想到了你。
character_intimacy_quinn_gift_ready_3	I got you a little mystery box. Here's a clue, there's a gift inside.	送给你一个神秘的盒子。提示1：里面有礼物。
quinn_intimacy_return_gift_title	Quinn's Gift	奎因的礼物
quinn_intimacy_return_gift_desc	A serving tray of one of Quinn's tasty treats. Tap to open. Gifts get better with a higher relationship level!	奎因用来上菜的托盘。点击来打开。好感度等级越高，礼物也会越好。
character_intimacy_quinn_gift_opened_1	That's the face of someone who got a great gift. You're welcome.	看表情就知道你很喜欢。不用客气啦！
character_intimacy_quinn_gift_opened_2	Really, it's no big deal. It's the least I could do for you.	的确不是什么贵重的东西。算是我的一点心意吧。
character_intimacy_quinn_gift_opened_3	I'm happy I got to brighten your day, enjoy your gift.	很高兴你能喜欢。它是你的了。
character_intimacy_harrison_gift_ready_1	Special delivery! I just wanted to get you something nice.	特别配送！我给你准备了点好东西。
character_intimacy_harrison_gift_ready_2	Don't worry, the gift isn't fish or anything like that. 	别担心，箱子里装的不是鱼之类的东西。
character_intimacy_harrison_gift_ready_3	Wasn't expecting this now were you? Go on, open it up.	没想到我给你准备了礼物吧？打开看看吧。
harrison_intimacy_return_gift_title	Harrison's Gift	哈里森的礼物
harrison_intimacy_return_gift_desc	A crate Harrison uses at the dock. Tap to open. Gifts get better with a higher relationship level!	哈里森在港口使用过的一个板条箱。点击来打开。好感度等级越高，礼物也会越好。
character_intimacy_harrison_gift_opened_1	You were expecting fish weren't you? Hah, fooled you!	你以为里面装的是鱼，对不对？哈哈，骗你的！
character_intimacy_harrison_gift_opened_2	Ah, don't worry about it. You deserved a little present.	啊，不用客气。是该给你送些什么了。
character_intimacy_harrison_gift_opened_3	Great! Glad you like it, I thought you needed a little pick me up.	你能喜欢真是太好了！就猜到你会需要这些。
item_sp6_1_1_name	The Toy Box	玩具箱
item_sp6_2_1_name	Rolling Teaser	猫玩具球
item_sp6_2_2_name	Fishy Catnip	玩具鱼
item_sp6_2_3_name	Fish and Tease 	小鱼逗猫棒
item_sp6_2_4_name	Scratch Mat	猫抓板
item_sp6_2_5_name	Lil' Cat Tree	小猫咪树
item_sp6_2_6_name	Orbital Cat Tower	旋转式猫咪塔
item_sp6_2_7_name	Double Scratch Pad	双层猫爬架
item_sp6_2_8_name	The Cat Tube 	猫咪隧道
item_sp6_2_9_name	Cosmic Cat Suite	宇宙猫套房
item_sp6_2_10_name	Galactic Cat Condo	银河猫咪公寓
special_order_rewards_desc_6	Help Olivia, Quinn and Sam find the perfect toy for Coconut. Finish the order and get these rewards: 	帮助奥利维亚，奎因和山姆为椰子找到完美的玩具。完成订单并获得这些奖励：
special_order_desc_6	Poor Coconut is bored! Finish the order so he can get new toys and gain rewards!	小椰子最近觉得很无聊！完成订单帮助他得到新的玩具，并获得奖励！
special_order_complete_rewards_desc_6	Purr-fect! You did it, Coconut has new toys to play with! Here are your rewards:	太棒了喵！小椰子很喜欢他的新玩具！这里是给你的奖励：
chain_gift_title_chain_thewizard	Emerald City Treasure Fest	翡翠城宝藏
break_egg_title	Cryptid Conundrum	金蛋难题
break_egg_norman_begin1	Ah, hello there. Ready for a game?	你好，准备玩一个游戏吗？
break_egg_norman_begin2	I know there's somethin' in those eggs!	我知道那些蛋里有好东西！
break_egg_prize	Jackpot	大奖
break_egg_rule1	Crack the correct cryptid egg to increase your winnings!	打破正确的金蛋以积累奖励！
break_egg_rule2	BOOM! If you get a bomb, you'll lose alll of your prizes!	嘭！如果你得到炸弹，你将失去所有奖品！
break_egg_rule3	Eliminate all the false alarms to find Norman's cryptid and win a big reward!	避开所有炸弹，完成诺曼的金蛋并赢取丰厚奖励！
break_egg_free_desc	Next free play in:	下一个免费机会：
break_egg_main_ready	Pick an egg for the chance of a prize!	挑选一个蛋，有机会获得奖品！
break_egg_reward_title	Rewards	奖励
break_egg_btn_collect	Claim	领取
break_egg_norman_happy1	Ah! That's it! Wait…no. Not quite.	啊! 就是这样！ 等等……不，不完全是。
break_egg_norman_happy2	Gadzooks! You found it!	天哪！你找到它了！
break_egg_norman_happy3	I suppose you can keep that.	我想你可以留着它。
break_egg_norman_happy4	We'll find the cryptid eventually.	我们最终会拿到大奖的。
break_egg_norman_happy5	Wow! You'd never expect to find that!	哇！ 你绝对想不到会找到它！
break_egg_main_success	Congratulations!	恭喜！
break_egg_norman_shock1	Uh-oh…that's not what we were looking for.	呃……那不是我们要找的。
break_egg_norman_shock2	Drat! That's definitely not a cryptid!	糟了！那绝对不是什么奇珍异兽！
break_egg_main_fail	Oh no! That egg wasn't the one.	哦不！不是那个蛋。
break_egg_sub_fail	If you give up now, you'll lose all the rewards you've collected!	如果你现在放弃，你将失去你收集的所有奖励！
break_egg_sub_btn_leave	Claim and leave	领取并退出
break_egg_sub_btn_continue	Continue <sprite="icon_property" name="icon_gem"> {0}	继续 <sprite="icon_property" name="icon_gem"> {0}
break_egg_sub_title_win	You hit the jackpot! Congrats on the big win!	你拿到了大奖！ 恭喜你大获全胜！
break_egg_sub_success	As thanks, Norman would like to reward you.	诺曼想奖励你作为感谢。
break_egg_sub_title_leave	Are you sure?	确定吗？
break_egg_sub_leave	{0} more steps to the jackpot!	距离大奖还有{0}个阶段！
break_egg_sub_btn_return	Advance	继续
break_egg_info_1	Tap on a cryptid to check what's inside.	点击一个金蛋，看看里面有什么。
break_egg_info_2	If the egg contains a bomb, you'll lose all the rewards you've collected.	如果蛋中有炸弹，您将失去所有已收集的奖励。
break_egg_info_3	Claim your rewards at any time, but remember that you'll lose your progress towards the jackpot.	随时领取您的奖励，但请记住，您将失去累积大奖的进度。
break_egg_rating_title	Current Level Drop Rates	当前掉落几率
break_egg_your_reward	Your Rewards	已获得奖励
break_egg_rating_desc	Rewards get better in higher levels	关卡越高，奖励越好！
break_egg_value	Reward Value:	奖励价值：
break_egg_new_stage	New Stage	新的阶段
task_66_1	Fishman's Fall	摔落的“小鱼人”
task_66_2	Welcome	学校的欢迎礼包
task_66_3	Safety First	安全第一
task_66_4	A Way Out	出去的路
task_66_5	A History of Forts	儿时“枕头堡”
task_66_6	Cool Cats	“酷猫爵士乐”
task_66_7	Couch Potato	睡沙发的科尔
task_66_8	An Icy Chill	冷暴力
task_66_9	A Watchful Eye	监控器
task_66_10	The Map	神秘地图
task_66_11	Bridging the Map	地图的线索
task_67_1	Trust in Dom	善解人意的多姆
task_67_2	Leave a Messsage	捎个话
task_67_3	Stand-In Sam	多姆的开解
task_67_4	Olivia and Dom	祖孙相处
task_67_5	A Closed Book	不喜欢读书
task_67_6	Dom's Duty	自告奋勇的多姆
task_67_7	A Snack Break	闲聊时光
task_67_8	The Skinny	尴尬旧事
task_67_9	Lori's Holiday	罗莉的假期
task_67_10	Lori's Bistro	罗莉的小酒馆
task_67_11	Grass Stains	暧昧
task_67_12	What Olivia Saw	孩童视角
task_67_13	A Good Eye	好眼力
task_68_1	Gnomes vs. Pirates	地精还是海盗
task_68_2	Looking for Magic	展示魅力
task_68_3	Sam's Boogie Nights	山姆的狂欢夜
task_68_4	Books on Books	藏在书里的信
task_68_5	A Secret Admirer	神秘的暗恋者
task_68_6	Solo Freakout	自我崩溃
task_68_7	Catching Up	闺蜜闲聊
task_68_8	A Missed Connection	遗漏的线索
task_68_9	The Warning	通风报信
task_68_10	Cardio Day	有氧运动
task_68_11	Super Cringe	畏畏缩缩
task_68_12	Not the Time	没到时候
task_69_1	A Big Choice	选择书籍
task_69_2	Cool Book	酷书的含义
task_69_3	Between the Lines	言外之意
task_69_4	An Old Hideout	一个古老的藏身之处
task_69_5	Books a Million	捐赠藏书
task_69_6	In the Net	捕鱼网和关系网
task_69_7	Missed Call	错过的电话
task_69_8	History 101	浪尾岛的历史
task_69_9	Lads, Lads, Lads!	男人之夜
task_69_10	Idle Hands	闲不下来
task_69_11	A Surprise Excuse	拿惊喜当借口
task_69_12	Mark in the Library	图书馆里的马克
task_69_13	Just a Coincidence	毫无关联
task_69_14	A Bump in the Night	偶遇科尔
task_70_1	Locked Box	小密码箱
task_70_2	Stuck with Dom	和姬瓦闲聊
task_70_3	Ziva the Excavator	探索者姬瓦
task_70_4	The Treasure Trail	宝藏之路
task_70_5	Turn that Frown	皱起眉头
task_70_6	A Jazzy Tune	欢快的旋律
task_70_7	Tick-Tock	滴答滴答
task_70_8	Sizzle and Snap	争吵
task_70_9	Time Out	平复心情
task_70_10	Airing Grienvances	别多管闲事
task_70_11	Carmen's Cloud	卡门的劝诫
task_70_12	Calm and Collected	镇定自若
task_70_13	Yes or No	是或不是
task_71_1	The Key	钥匙
task_71_2	For Every Lock…	每把锁都有钥匙……
task_71_3	Dom's Field Trip	多姆的祖孙时光
task_71_4	A Special Guest	一个特别的同路人
task_71_5	Something's Up	有事发生
task_71_6	Our Lips are Sealed	难以启齿
task_71_7	The Phone Call	电话
task_71_8	A Sam Sandwich	“山姆三明治”
task_71_9	Harrison's Summer	哈里森的心事
task_71_10	The Penny Drops	终于想清楚
task_71_11	Rocketspotting	火箭展览
task_71_12	The Confession	忏悔
task_72_1	Decisions, Decisions	做出选择？
task_72_2	Pros and Cons	优点比拼
task_72_3	Working Theory	反击计划
task_72_4	Classroom Grandpa	育儿能手
task_72_5	Asking Amala	询问阿玛拉
task_72_6	School Days	开学前的谈话
task_72_7	A Pit Stop	话锋一转
task_72_8	What Mark Found	马克带来的线索
task_72_9	All Along	线索串联
task_72_10	Defensive Measures	避免冲突
task_72_11	The Morellos	莫雷洛家族
branch_event_max_level_2	Max level	已满级
event_double_start_title	The Double Special	双倍狂欢
event_double_start_desc	Within a limited time, the event points gained by completing orders will be doubled!	限定时间内，完成订单获取的活动代币翻倍！
event_double_end_title	The Double Special Ended	双倍狂欢结束
event_double_end_desc	The double special is over, but there’s always next time! Let’s keep playing!	双倍狂欢结束啦，没有双倍的时间也要继续加油噢~
description_Panda_1_Harrison	Harrison tells of his bad history with bamboo…	哈里森的竹子历史。
description_Panda_2_Colton	Where does bamboo come from, anyway?	竹子是从哪里来的？
description_Panda_3_Mark	Mark has some tips on cultivating bamboo…	马克的园艺技巧。
description_Panda_4_Lori	Lori has some zen-ful secrets...	罗莉的禅修秘密……
description_Panda_5_Carmen	The music of bamboo is magical. Who knew?	竹子的音乐，很神奇。
description_Panda_6_Norman	Turns out Norman's favorite animal isn't a cryptid…	原来诺曼最喜欢的生物不是神奇生物……
name_chineseGarden_door	Garden Arches	月洞门
description_chineseGarden_door	The archway to a peaceful afternoon.	穿过月洞门，享受一个宁静的午后。
name_chineseGarden_table	Tea Table	品茗轩
description_chineseGarden_table	Enjoy the perfect cup of tea.	坐下来享受一杯清茶吧。
name_chineseGarden_panda	Panda Bath	熊猫戏水
description_chineseGarden_panda	A warm bath for a happy panda.	熊猫的水上乐园。
name_chineseGarden_water	Calming Waters	竹子流水
description_chineseGarden_water	Who knew water could be so soothing? 	原来流水也可以让人放松身心。
name_chineseGarden_wall	Garden Walls	花园半墙
description_chineseGarden_wall	Traditional walls will make the pandas feel right at home.	给熊猫带来家一般的感觉。
bubble_confirm_title	Are you sure?	确定吗？
bubble_confirm_desc	You will spend {0} <sprite="icon_property" name="icon_gem"> to buy the item in the bubble.	你将使用 {0} <sprite="icon_property" name="icon_gem"> 购买泡泡中的棋子。确定吗？
speedup_confirm_title	Are you sure?	确定吗？
speedup_confirm_desc	You will spend {0} <sprite="icon_property" name="icon_gem"> to speed up this generator.	你将使用 {0} <sprite="icon_property" name="icon_gem"> 加速此棋子。确定吗？
inventory_confirm_title	Are you sure?	确定吗？
inventory_confirm_desc	You will spend {0} <sprite="icon_property" name="icon_gem"> to unlock a storage slot.	你将使用 {0} <sprite="icon_property" name="icon_gem"> 解锁一格仓库。确定吗？
growthfund_check_window_title	Unlock Growth Fund	解锁成长基金
growthfund_check_window_desc	You need to purchase Growth Fund to unlock its rewards. Do you want this feature?	您需要先购买成长基金才能解锁该奖励。确定要购买成长基金吗？
energy_boost_unlock_title	Generator Booster Unlocked!	能量助力已解锁！
energy_boost_unlock_desc1	You can now turn on the generator booster and produce higher level items.	你现在可以开启能量助力来产生更高等级的棋子。
energy_boost_unlock_desc2	Generating items will cost 2<sprite="icon_property" name="icon_energy">.	产生棋子将消耗2<sprite="icon_property" name="icon_energy">。
energy_boost_window_title	Generator Booster	能量助力
energy_boost_window_desc	Tap the button to activate the Booster. Generators will cost more<sprite="icon_property" name="icon_energy"> and will <color=#1c8ee6>produce higher level items.</color>	点击来开启助力。开启后，产生棋子将消耗更多<sprite="icon_property" name="icon_energy">，同时生成的棋子等级也会变高。
energy_boost_on_hint	Generator Booster is on.	能量助力开启。
energy_boost_off_hint	Generator Booster is off.	能量助力关闭。
chain_gift_title_chain_easter	Easter Egg Treasure Fest	复活节宝藏
chain_gift_title_chain_undersea	Undersea Treasure Fest	海底宝藏
tutorial_energy_boost_1	Whoa! Look at this we have a cool booster to increase our work!	呀！快看，这个超酷的能量助力功能可以加快我们的工作！
tutorial_energy_boost_2	Just <color=#1c8ee6>turn on</color> the booster and all the produced items will have an <color=#1c8ee6>extra +1</color> level! 	开启能量助力后，所有产出的棋子等级都会额外提高1级！
tutorial_energy_boost_3	The only thing is, it'll <color=#1c8ee6>cost 2 energy</color> for each tap.	需要注意的是，每次点击也将会<color=#1c8ee6>耗费2点能量。</color>
tutorial_energy_boost_4	Don't worry, you can turn the booster on and off any time you want! Go try it out!	不过不用担心，你可以随时开启或关闭助力功能。现在去试试吧！
map_reload_confirm_title	Reload Resources	加载资源
map_reload_confirm_desc	You need to reload some resources to continue. Don't worry, it won't cost extra download data.	您需要重新加载一些资源来继续游戏，加载过程不会消耗任何流量。
map_reload_confirm_btn	Reload	重新加载
activity_truck_start_new	New Event	新的活动
activity_truck_name	Sam's Road Trip	山姆的公路之旅
activity_truck_pre_countdown	Event begins in...	活动将开始于…
activity_truck_start_bubble	Ready to go? Let's drive!	准备好了吗？踩油门，出发！
activity_truck_pre_bubble	We might find something useful up the road!	我们会在路上发现很多超酷的奖励！
activity_truck_countdown	Hey fancy a drive? The truck is ready to go and you can get prizes on the way!	嗨，想来一场公路之旅吗？一起出发并收集路上的所有奖励吧！
activity_truck_start_btn	Go to Kitchen	去厨房
activity_truck_end	Hey! We made it! Thanks to you!	哇！我们成功了！谢谢你！
activity_truck_end_desc	Event Ended	活动结束
activity_truck_win_btn	Great!	太好了
activity_truck_lose	Shoot, we didn't make it in time!	噢，我们没能及时赶到！
activity_truck_lose_desc	Event Ended	活动结束
activity_truck_end_btn	OK	好的
push_event_truck_open_title	Sam's Road Trip	山姆的公路之旅
push_event_truck_open_desc	Live now! Finish Sam's Road Trip event for great prizes!	活动开始！完成山姆的公路之旅以赢取丰厚的奖励！
push_event_truck_end_title	Sam's Road Trip	山姆的公路之旅
push_event_truck_end_desc	C'mon! Sam's Road Trip ends in 5 hours! 	抓紧时间！山姆的公路之旅将在5小时之后结束！
activity_truck_bubble_normal_1	We might find something useful up the road!	我们会在路上发现很多超酷的奖励！
activity_truck_bubble_normal_2	We're bound to find cool stuff out here.	继续踩油门！加油！
activity_truck_bubble_normal_3	Let's go a bit further, shall we?	我们还可以开得更远！
activity_truck_bubble_reward_1	Check out what I found! Pretty cool, huh?	看看我找到了什么！是不是超酷的！
activity_truck_bubble_reward_2	Ooh! I reckon we can make use of that.	哇！我就知道我们能有所收获！
activity_truck_bubble_reward_3	Hey, look at that! Grab it, would you?	嘿！看看这个！拿好了！
activity_truck_bubble_milestone_1	Whoa, nice! Didn't expect we'd run into that!	哇哦！真棒！真是远超预期的收获！
activity_truck_bubble_milestone_2	Awesome! This is why I love road trips.	太棒了！现在你知道我为什么喜欢公路旅行了吧！
activity_truck_bubble_milestone_3	Here – for you, since you're such good company!	这是给你的！毕竟我们是最好的旅行拍档！
activity_truck_tutorial_1	Alright! The event is ready! Tap the event icon to get started!	太棒了！活动开始了！点击这里查看活动详情！
activity_truck_tutorial_2	Here's how it works: Drive up the road and collect rewards along the way!	完成订单并同时收集路上的所有奖励！
activity_truck_tutorial_4	To help, complete some orders and we can get closer to our destination.	每完成一笔订单，我们就可以离终点更近一步！
activity_truck_tutorial_5	Tap here at any time to see where we are on the map.  	你可以随时点击这里查看当前的进度！
battlepass_bank_title	Bonus Bank	终极大奖
battlepass_bank_desc	Unlock the Bonus Bank when you reach the highest level in this season!	到达本赛季的最高等级后，即可解锁奖金保险箱！
battlepass_bank_illustration_title	How it works	活动规则
battlepass_bank_illustration_1	Complete tasks	完成任务
battlepass_bank_illustration_2_gold	collect coins in the Bonus Bank	在奖金保险箱中存入金币
battlepass_bank_illustration_2_gem	collect gems in the Bonus Bank	在奖金保险箱中存入钻石
battlepass_bank_illustration_3	When the season ends, collect a big bonus!	赛季结束时，领取丰厚的奖金！
battlepass_bank_start_desc	Well done! You've reached the highest level! If you complete more missions, you'll increase your bonus at the end.	恭喜到达最高等级！现在你可以继续完成任务，并在赛季结束时领取丰厚的奖金！
battlepass_bank_main_desc	Complete tasks to earn tokens, and you'll be able to open the Bonus Bank when the season ends!	完成任务赚取积分，赛季结束后即可开启保险箱！
battlepass_bank_main_desc_unpay	Purchase the VIP pass to unlock the Bonus Bank when the season ends!	购买 VIP 通行证以在赛季结束时打开保险箱！
battlepass_bank_end_desc	Congratulations! Now you can open the bonus bank and collect your rewards!	恭喜！现在你可以打开保险箱并领取奖励了！
battlepass_bank_main_desc_full	The Bonus Bank is full! Wait for the end of the season to collect a big bonus!	奖金保险箱已存满！等待赛季结束收集丰厚的奖励！
daily_task_title_default	Kitchen Rush	争分夺秒
daily_task_desc	Complete the following tasks to earn rewards!	完成所有任务来获得奖励！
daily_task_type_energy	Use Energy	消耗能量
daily_task_type_gem	Spend Gems	花费钻石
daily_task_type_gold	Collect Coins	收集金币
daily_task_type_order	Serve Customers	服务顾客
daily_task_complete_desc	Task completed!	任务已完成！
daily_task_clear_title	All Tasks Completed!	全部任务完成!
daily_task_tutorial_1	Oh, thank goodness you're here! We're swamped! Mind giving me a hand?	噢，嗨！今天可真够忙的！也许你可以帮我一把？
daily_task_tutorial_2	Tap here to check today's to-do list. And of course there are rewards!	点击这里来查看今天的任务清单。奖励当然也会有的！
tutorial_reward_avatar_1	Beat all of the levels and get the special Coconut avatar as a reward!	通过全部活动关卡以获得活动专属奖励——小椰子的头像！
tutorial_change_avatar_3	 Meow! You got the new avatar! Go try it out!	喵！你得到了新头像！试着换上它吧！
task_73_1	The Build Up	有迹可循
task_73_2	Back To Basics	生活如戏
task_73_3	Probably Nothing	卡门失踪了
task_73_4	Jinxed Gardeners	奇怪的巧合
task_73_5	Stress List	情感抉择
task_73_6	Growing Pains	成长的烦恼
task_73_7	Classrooom Gramps	随堂爷爷
task_73_8	Dropping Eaves	强大的后援团
task_73_9	Carmen's Whereabouts	卡门的下落
task_73_10	Taking a Ride	寻觅之旅
task_73_11	The Envelope	信封
task_74_1	Boundaries	保持距离
task_74_2	The Plate Spinner	分身乏术的奎因
task_74_3	Earth to Quinn	沉思的奎因
task_74_4	Catching Up	不凑巧
task_74_5	Schoolgirl Crush	小女生的暗恋
task_74_6	Two Days	失踪两天了
task_74_7	Case Open	通知警官
task_74_8	An Easy Distraction	转移注意力
task_74_9	Good Hands	好帮手
task_74_10	Dom's Moment	多姆回归
task_74_11	Drill Sergeant	陈年秘事
task_74_12	Old Grief	重归于好
task_74_13	Olivia's First Day	奥利维亚的第一天
task_74_14	School Stories	校园趣事
task_74_15	Two Petals	两片花瓣
task_75_1	The Right Words	注意用词
task_75_2	A Few Questions	几个问题
task_75_3	Silver Lining	一线希望
task_75_4	Good Cop,  Mark Cop	好警官，马克警官
task_75_5	Different Paths	不同的人生之路
task_75_6	Cole's Tale	科尔的口供
task_75_7	The Purple Hyacinth	紫色风信子
task_75_8	Flower Language	花语
task_75_9	Ramona and Dom	蕾蒙娜和多姆
task_75_10	Breaking Love	破碎的爱情
task_75_11	Dom's Spark	多姆的灵感火花
task_75_12	Break for Air	忙里偷闲
task_75_13	Ramona's Flower	蕾蒙娜的花
task_75_14	An Empty Sorry	隐晦的道歉
task_76_1	Stuck in Trash	期待案子进展
task_76_2	The Meme Machine	思考停不下来
task_76_3	Slightly Productive	自行调查
task_76_4	The Oncoming Storm	风暴将临
task_76_5	Collision Course	偶遇
task_76_6	In the Picture	留在圈子里
task_76_7	Wriggling Rascals	渗入警局的地精
task_76_8	Dom in the Dumps	沮丧的多姆
task_76_9	How do You Know?	你怎么知道？
task_76_10	In Confidence	怀疑
task_76_11	Double Not-Date	双重聚会
task_76_12	A Frantic Call	来自地精的包裹
task_76_13	Pointing Fingers	情绪失控的姬瓦
task_77_1	A Dinner Guest	晚餐邀约
task_77_2	Dom's Advice	多姆的建议
task_77_3	Unsolvable Flower	花朵之谜
task_77_4	Back in the Game	重掌大权
task_77_5	The Kitchen Groove	不想谈恋爱
task_77_6	The Red Tape	繁文缛节
task_77_7	Cole's Dry Cleaning	科尔整装待发
task_77_8	Patiently Waiting	等一个答案
task_77_9	The Triangle	三角恋
task_77_10	Quinn's Truth	奎因的心意
task_77_11	Are We Cool?	话都说开了？
task_77_12	The Lonely Hearts	孤独的心
task_77_13	Olivia's Teacher	奥利维亚的老师
task_78_1	The Phonecall	匿名来电
task_78_2	Carmen's Fate	卡门露馅了
task_78_3	Moving On	向前看
task_78_4	Head Above Water	迷雾重重
task_78_5	Out to Lunch	联系不上
task_78_6	A Different Spin	再去约会呗
task_78_7	Mark Undercover	马克的秘密行动
task_78_8	Friendly Warning	善意的提醒
task_78_9	Early Release	提前放学
task_78_10	A Fresh Start	新开始
task_78_11	Norman Ex Machina	及时雨诺曼
task_78_12	See the Stars	看星星
task_78_13	So Bittersweet	苦乐地精
task_79_1	The Mighty Fall	成了嫌疑人
task_79_2	Quiet Reflection	奎因想不通
task_79_3	Time to Go	不能再拖了
task_79_4	Missing Mama	妈妈去哪啦
task_79_5	The Rampage	暴跳如雷
task_79_6	Dom the Defender	守护者多姆
task_79_7	One Phonecall	父女通话
task_79_8	Papa Bear	熊爸爸
task_79_9	Welcome Home	欢迎回家
task_79_10	Hidden Details	隐藏的细节
task_79_11	Questions and Answers	消除误会
task_79_12	Pointed Pitchforks	针锋相对
task_79_13	No Promises	别惹麻烦
task_79_14	Mega Pinky Promise	拉钩保证
task_79_15	Quinn's Sergeants	亲友军团
task_80_1	Post Proposal	曾经的求婚
task_80_2	Different Paths	渐行渐远
task_80_3	Right This Way	大家都来吧
task_80_4	Off The Edge	从长计议
task_80_5	The PR Queens	公关女王
task_80_6	Lloyd's Scoop	劳埃德的发现
task_80_7	Norman and Imelda	诺曼和伊梅尔达
task_80_8	Gnome Business	地精那些事
task_80_9	The Safehouse Theory	安全屋理论
task_80_10	Norman's Gnome Days	诺曼的光辉岁月
task_80_11	The Best Allies	最棒的盟友
task_80_12	Closing the Door	闭门会议
task_80_13	Quinn's Fellowship	奎因的拥护者
upcoming_desc	Please reach level 7 to play the new event.	到达7级，即可游玩新活动！
act_pinata_title	Piñata Party	皮纳塔派对
act_pinata_pre_desc	Olivia is having a piñata party! Help smash them open and get rewards!	奥利维亚要举行一个皮纳塔派对！帮助她打碎皮纳塔并获得奖励！
act_pinata_ready_desc	The piñatas are ready! 	皮纳塔准备好了！
act_pinata_ready_button	Let's party!	开始派对!
act_pinata_rule_desc	Finish orders to collect bats. Use the bats to crush the piñatas and get rewards!	完成订单来获得棍棒。收集棍棒来打碎皮纳塔并获得奖励！
act_pinata_extra_reward	Bonus Rewards	额外奖励
act_pinata_break_btn	Smash!	敲打!
act_pinata_extra_reward_title	Bonus Rewards!	额外奖励!
act_pinata_victory_title	All Piñatas Smashed!	全部皮纳塔已击碎！
act_pinata_victory_desc	Great job! You smashed all of the piñatas! The event will close now.	干得漂亮！你击碎了所有的皮纳塔！活动即将关闭。
act_pinata_lose_title	Party Ended	派对结束
act_pinata_lose_desc	Some piñatas still need to be opened. But don't worry, you can try again next time.	还有一些皮纳塔没有被打碎。不过不用担心，下次继续加油！
item_pinata_1_name	A Piñata Bat	皮纳塔棍子
item_pinata_1_desc	The perfect bat for a piñata party! Tap to collect <color=#1c8ee6>1</color> bat or merge for more!	一根用来敲打皮纳塔的完美棍子。点击收集<color=#1c8ee6>1</color>根棍子或者合成来获得更多。
item_pinata_2_name	Bat Duo	两根棍子
item_pinata_2_desc	It never hurts having a spare piñata bat! Tap to collect <color=#1c8ee6>3</color> bats or merge for more.	多一根备用棍子总不会是什么坏事。点击收集<color=#1c8ee6>3</color>根棍子或者合成来获得更多。
item_pinata_3_name	Bunch of Bats	几根棍子
item_pinata_3_desc	Plenty of bats for the piñatas! Tap to collect <color=#1c8ee6>7</color> bats or merge for more.	好多的皮纳塔棍子！点击收集<color=#1c8ee6>7</color>根棍子或者合成来获得更多。
item_pinata_4_name	Piñata Bat Pile	一堆棍子
item_pinata_4_desc	That's enough bats for everyone! Let's get the party started! Tap to collect <color=#1c8ee6>15</color> bats.	这些棍子足够每个人用了！让派对开始吧！点击来收集<color=#1c8ee6>15</color>根棍子。
item_pinata_chest_1_name	Party Chest	派对宝箱
pinata_start_tutorial_1	Hi! I have so many piñatas! But...I'm not big enough to reach them. Can you help?	嗨！我得到了好多的皮纳塔！可是……我太小了，够不着它们。你能帮帮我吗？
pinata_start_tutorial_2	See! There are SO many. You have to collect bats from customers and smash the piñatas.	看！有这么多的皮纳塔。你得帮助我们的客人来获得棍子，然后使用棍子来打碎皮纳塔。
pinata_start_tutorial_3	Woo! We have one piñata bat. Let's see how we play!	耶！我们已经有一根皮纳塔棍子了。让我们看看怎么用吧！
pinata_item_tutorial_1	Once we collect a bat, it'll hit the piñata! It's easy right?	每次收集皮纳塔棍子的时候，它就会飞上去打一下皮纳塔。很简单吧？
pinata_item_tutorial_2	Tap the info button to check the details of the piñata bat.	点击这里来查看皮纳塔棍子的详细信息。
pinata_item_tutorial_3	You can collect the bats anytime or merge them to get more piñata bats!	你可以随时收集皮纳塔棍子，或者继续合成来获得更多的棍子！
act_pinata_start_btn	Go to Kitchen	去厨房
name_bp_mother_decor_cake	Mother's Day Cake	母亲节蛋糕
description_bp_mother_decor_cake	A splendid pink confectionary prize.	绚丽的粉红色翻糖蛋糕。
name_bp_mother_decor_picnic	Picnic Area	野餐区
description_bp_mother_decor_picnic	A carefully laid-out spread.	精心布置的休闲区域。
name_bp_mother_decor_arch	Pink Petal Passage	粉色花瓣入口
description_bp_mother_decor_arch	More balloons? Maybe.	更多的气球？也许吧。
name_bp_mother_decor_teatable	Terrific Tea Time Table	美妙的茶桌
description_bp_mother_decor_teatable	Tea or cakes? Why not both?	茶或蛋糕？我全都要！
name_bp_mother_decor_bush	Love-laden Laurels	爱的桂冠花
description_bp_mother_decor_bush	Motherly love, expressed in flowers.	用鲜花传达对母亲的爱。
description_bp_mother_story_Amala	The Perfect Gift	最棒的礼物
description_bp_mother_story_Harrison	The Tea Tutorial	泡茶训练课
description_bp_mother_story_Norman	My Mama? No, More Mamas	我的妈妈？不，所有的妈妈！
description_bp_mother_story_Lori	Busy Mama	忙碌的妈妈
task_81_1	After the Council	动员之后
task_81_2	Status Check	阶段检查
task_81_3	Green Course	迷你高尔夫
task_81_4	Sam's Howlers	山姆的粉丝们
task_81_5	A Patient Man	耐心的男人
task_81_6	The Marina Mission	码头任务
task_81_7	For Your Consideration	为你着想
task_81_8	A Bright Idea	金点子
task_81_9	Meeoooow!	喵呜呜呜呜
task_81_10	One Lonely Plank	孤零零的木钉
task_81_11	Dom's Side Quest	多姆
task_81_12	No More Nice Cat 	猫咪大战
task_81_13	What Was That?	这是谁呀！
task_81_14	Fashionable Feline	时尚小猫
task_82_1	Cat Crashin'	车祸
task_82_2	A Furry Friend	码头伙伴
task_82_3	Wolf Pack	小狼群
task_82_4	The Right Bowl	新来的毛孩子
task_82_5	A Fish For You 	小猫送礼
task_82_6	Zorkee Stardust	佐琪的漂亮眼睛
task_82_7	Too Many Cats	猫脸盲症
task_82_8	Bickering Besties	吵吵闹闹
task_82_9	The Marina Mob	码头黑帮
task_82_10	Making Plans	制定计划
task_82_11	Peaceful Purrs	小猫重归于好
task_82_12	An Athletic Type	运动型线索
task_82_13	Lloyd's Call	劳埃德来电
task_82_14	Kitty B&B	排练顺利
task_82_15	Back in the Net	回窝打盹
task_83_1	Cosmic Feline	宇宙小猫
task_83_2	Good Boy Scout	守信童子军
task_83_3	The Signal	进门暗号
task_83_4	Running Theories	纸上谈兵
task_83_5	Remixed Rhymes	奇妙搭配
task_83_6	Zorkee Returns	佐琪回归
task_83_7	Sorry Stud	给你道歉啦
task_83_8	Forum Madness	疯狂论坛
task_83_9	Comedy Gold	绝妙笑话
task_83_10	A Good Pace	水到渠成
task_83_11	Cove Currents	海湾进行时
task_83_12	Under Your Nose	就在眼皮底下
task_83_13	At the Crossroads	人生岔路口
task_83_14	Frenemies?	亦敌亦友
task_83_15	Lap of Luxury	出身名贵
task_84_1	Same Charads	打哑谜
task_84_2	The Art of Punk	朋克艺术
task_84_3	Forget-Me-Not	看了忘不了
task_84_4	A Slight Improvement	眼光提升
task_84_5	Out for Lunch	双人午饭
task_84_6	Side Tracked	走偏啦
task_84_7	A Normal Pet	非正常宠物
task_84_8	The Cat Walker	遛猫人
task_84_9	Zorkee's Human	佐琪的两脚兽
task_84_10	I Smell Baloney	蠢货的气息
task_84_11	Code Words	古怪暗号
task_84_12	No More Zorkee	佐琪不再来
task_85_1	Get Out of Here	不打扰啦
task_85_2	More Than a Plank	弥补过去
task_85_3	Captain Olivia	奥利维亚船长
task_85_4	At the Ferry	渡轮上见
task_85_5	A Do Over	复盘
task_85_6	The Whole Truth	事件全貌
task_85_7	A Big Prize	丰厚奖励
task_85_8	Jokes On You	开玩笑啦
task_85_9	Concert Jitters	演出前的焦虑
task_85_10	For My Next Trick	你还有什么诡计
task_85_11	Eyes on You	紧盯着你
task_85_12	Roadie on Campus	女妖管家
task_85_13	Weekend Visits	周末约定
task_85_14	Soiled Plans	坚不可摧的计划
tutorial_gift_customer_1	Oh! This is Gerald – he runs the local gift shop! You can buy souvenirs from him!	噢！这位是杰拉尔德，我们本地的礼物商店老板。你可以从他这里买到纪念品。
tutorial_gift_customer_2	I prefer the term 'trader'. You fulfill my orders and, in return, you get a gift! How's that?	我更喜欢“交易”这个词。你来完成我的订单，作为交换，我给你一些礼品！听起来如何？
tutorial_gift_customer_3	Sounds good to me! Let's finish his orders and see what's in store!	非常合理！让我们帮他完成订单来获得礼品吧！
return_user_reward_window_title	WELCOME BACK!	欢迎回来!
return_user_reward_window_desc	We missed you lots! It's so nice to see you again!	我们很想念你！请收下这份回归礼物吧！
inventory_item_use_title	Complete Order?	完成订单？
inventory_item_use_desc	To complete this order, you'll need to use these items in your storage:	要完成这个订单，需要使用到你仓库里的以下棋子：
inventory_item_use_confirm	Continue	继续
inventory_item_use_refuse	Rethink	再想想
push_energy_title_new	Energy full!	体力已满！
push_energy_desc_new	You're back to 100 energy! Come back and start merging! 🍞	你回复到100 能量了！！快回来合成吧！
push_cooldown_title_new	Item recharged!	物品已充能！
push_cooldown_desc_new	{0} is ready to generate new items! Come back and finish some orders! 🍴	{0} 已准备好产生新的棋子！快回来完成订单！
push_cash_dash_open_title_new	New event starting!	新活动开始！
push_cash_dash_open_desc_new	Come play and win cool prizes! 🔥	迎接挑战，并赢取丰富的奖励！
push_cash_dash_end_title_new	Event almost over! 	活动即将结束！
push_cash_dash_end_desc_new	Try to complete the challenge! It's your last chance to win these incredible prizes! 🏆	抓紧时间完成挑战！这是你赢得丰厚奖励的最后机会！
push_come_back_6_title_new	Long day, huh?	漫长的一天，是吧？
push_come_back_6_desc_new	We know it's been a long day. Why not relax by playing a little Gossip Harbor? 😎	真是漫长的一天。要不...来玩绯闻港口放松一下？
push_come_back_24_title_new	Don't miss out!	不要错过！
push_come_back_24_desc_new	So many people are playing right now! Come join them! 🎮	在玩绯闻港口的人太多了！快来加入他们吧！
push_come_back_48_title_new	It's been a while!	有一阵子没见了！
push_come_back_48_desc_new	We've missed you! Come play Gossip Harbor for a little Brimwave nightcap. ☕	我们想你了！快来玩绯闻港口，喝一杯浪尾镇的睡前小酌吧！
push_come_back_168_title_new	Where'd you go?	你去哪里了？
push_come_back_168_desc_new	You've been away for a few days! We've got a special surprise for you! Play now to claim your gift! 🎁	你离开了好多天了！我们为您准备了一份特别的礼物! 现在登录游戏领取礼物吧！
push_come_back_240_title_new	Heard the gossip?	来听八卦吗？
push_come_back_240_desc_new	So much has happened since you've been away! Come back to Brimwave and see what's new! 👀	在你不在的日子里发生了很多有趣的事情，快回到浪尾镇看看有什么新东西吧！👀
item_deco_event_gift_s_1_name	Surprise Present	惊喜礼盒
item_deco_event_gift_b_1_name	Surprise Present	惊喜礼盒
task_86_1	Going the Distance	一路走来不容易
task_86_2	The Rock Star	摇滚明星
task_86_3	Imelda's Riddle	伊梅尔达的谜语
task_86_4	The Slow Bloom	慢慢来
task_86_5	One of Those Days	走背字
task_86_6	Zero Stars	恶评如潮
task_86_7	Up and Out	人要向上走
task_86_8	The Aftermath	伤害余波
task_86_9	The Matinee	午后场电影
task_86_10	Deep and Meaningfuls	有意义的交谈
task_86_11	School Project	课程作业
task_86_12	The Perfect Planet	最棒的星球
task_86_13	Share the Load	分担压力
task_86_14	Taking a Walk	要去散散步
task_87_1	Time to Relax	休息时间
task_87_2	A Blocked Number	未知号码
task_87_3	Agent Gnome	地精侦探
task_87_4	Another Scheme	另一个阴谋
task_87_5	Operation, Go!	行动开始！
task_87_6	Ziva's Prologue	姬瓦的成果序幕
task_87_7	Rolling Out	要坦白吗
task_87_8	Pep Talk	给你打气
task_87_9	Seperate Lives	真的分开
task_87_10	Fork in the Road	分岔路口
task_87_11	Homework Crew	作业小队
task_87_12	Late Night Work	深夜任务
task_88_1	Family Talk	家庭会议
task_88_2	Ice Cream Man	冰淇淋侠
task_88_3	Bigger Fish to Fry	钓大鱼
task_88_4	Having The Talk	咱们来聊聊
task_88_5	Different Now	物是人非
task_88_6	A House Call	亲友来电
task_88_7	It's All Okay	会没事的
task_88_8	A Breakthrough	重大突破
task_88_9	The Police Chief 	警察局长
task_88_10	Keep it Secret	保密
task_88_11	Keep it Safe	保管好
task_88_12	Neighboring Aliens	外星邻居
task_88_13	Special Invitation	特别的邀请
task_88_14	The Lost Files	丢失的文件
task_89_1	Over the Hedge	篱笆墙外
task_89_2	The First Guest	第一位客人
task_89_3	Identity Crisis	身份危机
task_89_4	Chaos Theory	混沌理论
task_89_5	In Good Company	有趣的一群人
task_89_6	New Horizons	开拓视野
task_89_7	Planet Floomert	飞毛毛星球
task_89_8	Cosmic Dust	宇宙尘埃
task_89_9	Due Date	交作业日
task_89_10	Catching Up	赶上啦
task_89_11	First Date 	第一次约会
task_89_12	A Fine Proposal	美好的请求
task_89_13	The Riddle Queen	谜语人的王
task_89_14	Project Manor	豪宅计划
task_89_15	Sneak Preview	秘密预告
task_89_16	Opening Credits	开场致辞
task_89_17	Feature Presentation	好戏开场
not_enough_gem_hint	You don't have enough Gems.	您的宝石不足
tutorial_speed_bubble_1	Wow! A rare speed bubble! It'll remove timers from all the items on the board!	哇哦！一个很稀有的加速泡泡！它可以立即移除棋盘上所有棋子的冷却时间。
tutorial_speed_bubble_2	Let's try it now to see how it works! This time, it's free!	让我们试试它的效果吧！本次免费！
item_speed_bubble_1_name	Speed Bubble	加速泡泡
item_speed_bubble_1_desc	Buy the bubble to remove timers from all the items on the board!	购买该泡泡来立即移除棋盘上所有棋子的冷却！
gem_discount_title	Special Discount 	限时优惠
gem_discount_desc	Purchase more diamonds with the same price!\nClick the shop button below to view the discount information!	相同价格购买更多的钻石！\n点击下方按钮查看优惠的详细信息
gem_discount_btn	Jump to store	去商店
buy_limit_tag	Offer Limit: {0}	优惠余量：{0}
battlepass_energy_window_desc	Get fabulous prizes!	解锁豪华奖励！
energy_boost_super_off_desc	When turned on, the generator will cost more<sprite="icon_property" name="icon_energy"> and will <color=#1c8ee6>produce higher level items.</color>	开启后，产生棋子将消耗更多<sprite="icon_property" name="icon_energy">，同时<color=#1c8ee6>生成的棋子等级也会变高。</color>
energy_boost_super_on_desc1	Generators will now cost 2<sprite="icon_property" name="icon_energy"> and will <color=#1c8ee6>produce +1 level items.</color>	现在产生棋子将消耗2<sprite="icon_property" name="icon_energy">，生成的棋子等级也会<color=#1c8ee6>额外+1</color>。
energy_boost_super_on_desc2	Generators will now cost 4<sprite="icon_property" name="icon_energy"> and will <color=#1c8ee6>produce +2 level items.</color>	现在产生棋子将消耗4<sprite="icon_property" name="icon_energy">，生成的棋子等级也会<color=#1c8ee6>额外+2</color>。
energy_boost_super_on_hint1	Generator Booster X2 is on.	2倍能量助力开启。
energy_boost_super_on_hint2	Generator Booster X4 is on.	4倍能量助力开启。
tutorial_energy_boost_super_1	Ha! You know what? The generator booster is now <color=#1c8ee6>more</color> powerful!	哈！你猜怎么着？能量助力功能现在变得<color=#1c8ee6>更加</color>强大了！
tutorial_energy_boost_super_2	You can switch it to <color=#1c8ee6>energy X4</color> model which all items generated will have an <color=#1c8ee6>extra +2</color> level!	你可以开启<color=#1c8ee6>4倍能量助力</color>模式，所有生成的棋子等级都会 <color=#1c8ee6>额外+2</color>！
settings_facebook	Follow Us	关注我们
battlepass_goldenTicket_surfing	VIP PASS	VIP通行证
battlepass_itemActivated_Surfing	VIP Pass Unlocked!	VIP通行证解锁！
bp_decor_redesc_locked_unpay_Surfing	Upgrade to this level and activate the VIP Pass to get this reward!	升级并激活VIP通行证以获得奖励！
battlepass_taskComplete_Surfing	You've completed all the Surfing Season tasks! Congratulations!	您已经完成了冲浪赛季的所有任务！恭喜！
battlepass_finalPurchase_Surfing	Purchasing VIP Pass now, you will get:	现在购买 VIP 通行证，你将获得：
battlepass_endDesc_Surfing	The Surfing Season is over! Come back next season for more rewards!	冲浪赛季已结束，一起期待更精彩的下一季活动吧！
battlepass_tutorial_2_Surfing	To advance your progress toward new rewards, you'll need to score points!	在冲浪赛季中升级来获取奖励！
battlepass_tutorial_4_Surfing	The VIP Pass unlocks <color=#1c8ee6>extra perks and prizes.</color>	VIP通行证会提供<color=#1c8ee6>丰厚的额外奖励！</color>
item_4101_desc	Offers a bread, coffee or seafood item. Tap to choose!	提供一个面包、咖啡或海鲜类型的棋子。点击选择！
item_4101_detaildesc	Choose between three items! Tap one to add it to your merge board! 	在三个棋子之间进行选择！点击一个将其添加到您的面板上！
item_4201_desc	Offers one orange, diving gear or coral generator piece. Tap to choose!	提供一个橙子、潜水装备或珊瑚类型的母体棋子。点击选择！
item_ns_2_1_desc	Offers a higher-level bread, coffee or seafood item. Tap to choose!	提供一个更高等级的面包、咖啡或海鲜类型的棋子。点击选择！
item_ns_2_1_detaildesc	Choose between three high level items! Tap one to add it to your merge board!	在三个高等级棋子之间进行选择！点击一个将其添加到您的面板上！
item_ns_3_1_desc	Offers a floatie, diving gear or coral item. Tap to choose!	提供一个漂浮圈、潜水装备或珊瑚类型的棋子。点击选择！
item_ns_4_1_desc	Offers a higher-level floatie, diving gear or coral item. Tap to choose!	提供一个更高等级的漂浮圈、潜水装备或珊瑚类型的棋子。点击选择！
item_4001_desc	Offers one drink, food or seafood generator piece. Tap to choose!	提供一个饮料、食物或海鲜类型的母体棋子。点击选择！
item_4001_detaildesc	Choose between three generator items! Tap one to add it to your merge board!	在三个母体棋子之间进行选择！点击一个将其添加到您的面板上！
item_os_1_1_desc	Offers one of three items useful to a current order. Tap to choose!	提供三个对当前订单有用的棋子。点击选择一个！
item_os_2_1_desc	Offers one of three higher-level items useful to a current order. Tap to choose!	提供三个对当前订单有用的高等级棋子。点击选择一个！
activity_mural_title	Mother's Day Bouquet	母爱芬芳
activity_mural_subtitle	Collect carnations to earn extra event points!	收集康乃馨即可赚取额外的活动积分！
activity_mural_desc	Collect carnations to earn extra event points!	收集康乃馨来积累进度
activity_mural_start_desc	Event started!	活动开始！
activity_mural_pre_desc	Event starts in:	活动将开始于：
activity_mural_finish_desc	Event finished!	活动完成！
activity_mural_finish_text	Nice job – that's a beautiful bouquet! Now it's time to celebrate Mother's Day!	干得好! 这是一束美丽的花束! 现在是庆祝母亲节的时候了!
activity_mural_end_desc	Event ended!	活动结束！
activity_mural_end_text	Oh no, time's up – but you can still join the fun! Come back next time!	哦不，时间到了——但你仍然可以享受乐趣! 下次再来吧!
activity_mural_pop_desc1	Ways to Collect:	收集方法：
activity_mural_pop_desc2	 <sprite="icon_property" name="icon_energy">  Use energy!\n<sprite="icon_property" name="icon_bubble"> Buy the bubbles!\n<sprite="icon_property" name="icon_shop"> Purchase items!\n<sprite="icon_property" name="icon_order"> Help the customers!	 <sprite="icon_property" name="icon_energy"> 使用能量！\n<sprite="icon_property" name="icon_bubble"> 购买泡泡！\n<sprite="icon_property" name="icon_shop"> 购买棋子！\n<sprite="icon_property" name="icon_order"> 服务顾客！
activity_mural_pop_desc3	<sprite="icon_property" name="icon_boostenergy">  Turn on the Generator Booster to get multiple points!	<sprite="icon_property" name="icon_boostenergy"> 打开能量助力获得多倍积分！
guide_recover_button	Recover Progress	恢复进度
account_restore_title	Login reminder	登录提醒
account_restore_desc	If you have played this game on other devices, please click to synchronize your game progress.	如果您曾在其他设备上玩过此游戏，请点击“确认”并同步您的游戏进度。
account_restore_oldplayer_button	Yes, I've played	确认，我曾玩过
account_restore_newplayer_button	No, I haven't	否，我没玩过
account_restore_login_bind_title	Login reminder	登录提醒
account_restore_login_bind_desc	Binding succeeded! Please login to your account on your new device to synchronize the game progress	绑定成功！请在您的新设备上登陆账号，以同步游戏进度。
account_restore_login_bind_button	Okay	好哒
account_restore_login_title	Login reminder	登录提醒
account_restore_login_desc	Game progress synchronization success!	游戏进度同步成功！
account_restore_login_button	Okay	好哒
account_restore_login_unbind_title	Login reminder	登录提醒
account_restore_login_unbind_desc	The account is not bound to any game progress.\nPlease log in to this account on the device you used as soon as possible to bind your progress.	该账号未绑定游戏进度。\n请尽快在曾用设备上登录此账号，以同步您的进度。
account_restore_login_unbind_button	Okay	好哒
task_90_1	Morning Debrief	晨间汇报
task_90_2	Quest Started	考试开始
task_90_3	Diving Deep 	迷雾深处
task_90_4	Wind in the Sails	扬帆起航
task_90_5	Twiddling Thumbs	焦灼等待
task_90_6	Ouch	心痛啦
task_90_7	Left in the Dark	黑暗时刻
task_90_8	Bad Knees	老骨头
task_90_9	Norman's Lunch Break	诺曼的午休
task_90_10	Rusty Gears	生锈的齿轮
task_90_11	The Investor	投资方
task_90_12	Imcomparable Ziva	无与伦比的姬瓦
task_90_13	Gal on the Inside	嘴严
task_90_14	The Metaphor	隐喻
task_90_15	A New Opponent	新的对手
task_91_1	A Delicate Touch	轻柔的双手
task_91_2	History Circle	历史轮回
task_91_3	Rabbit Hole	兔子洞
task_91_4	Being Frank	头大
task_91_5	A Standstill	停滞不前
task_91_6	Singed Bridge	修复关系
task_91_7	The Man	要坦白吗
task_91_8	Dom's Teacher	给你打气
task_91_9	A History Lesson	真的分开
task_91_10	The School Play	分岔路口
task_91_11	After School Special	作业小队
task_91_12	Crashing Comet	彗星撞击
task_91_13	A Little Display	小展示
task_91_14	Last Seen	最终目击
task_92_1	Meditation Weeds	冥想周
task_92_2	Morning Tea	早茶
task_92_3	A New Knot	新谜题
task_92_4	Call for a Chat	电话聊天
task_92_5	Manor Monitor	庄园监工
task_92_6	Words to Live By	人生箴言
task_92_7	Bachelor Pads	单身汉房车
task_92_8	Taste of Tea	茶的滋味
task_92_9	Little Owl	可爱猫头鹰
task_92_10	The Gold Star	黄金星星
task_92_11	Mark's Concoction	马克的妙招
task_92_12	Overgrown Questions	越来越多的问题
task_92_13	The Haunted Manor	闹鬼庄园
task_92_14	The Light	灵光一闪
task_93_1	Blauveldt Breather	布拉维特放假
task_93_2	Monster Catch	抓怪兽
task_93_3	Harbor Gossip	绯闻港口
task_93_4	Find Your Bearings	找准方位
task_93_5	Lost Links	失联
task_93_6	Spotted…	发现了……
task_93_7	A Brief History	历史梗概
task_93_8	Hopeless Fish	绝望的鱼
task_93_9	Rescue Mission 	营救计划
task_93_10	Planetary Possiblities	设想星球的可行性
task_93_11	Strong Line-Up	强大阵容
task_94_1	The Wind-up	上发条
task_94_2	Mystery Hole	神秘洞口
task_94_3	BLURPLE!	蓝紫色！
task_94_4	Something Right	正确的事
task_94_5	Elder Trouble	长辈的麻烦
task_94_6	Another Life	平行世界
task_94_7	Ready	准备好了
task_94_8	Lonely Lunchtime	孤单的午餐
task_94_9	Quixotic Quest	难缠的试炼
task_94_10	Mind Nuggets	小聪明
task_94_11	Little Romeo	小罗密欧
task_94_12	The Pit Digger	挖坑
task_94_13	Cucumber Cool	非常冷静
task_94_14	Sauce-y	甜蜜酱汁
task_94_15	Point of View	转换视角
task_95_1	A Greater Mystery	更大的谜团
task_95_2	Past Is Prologue	过去只是序幕
task_95_3	Lease on Life	活力人生
task_95_4	Stress Test	曾经的困惑
task_95_5	Satisfied Sleep	超高睡眠质量
task_95_6	Work Smarter, Not Dumber	聪明工作
task_95_7	Ziva Diva	女王陛下姬瓦
task_95_8	Bird-Eye	鸟眼
task_95_9	Old School Cool	老式酷姐
task_95_10	Truth In Legends	传说中的真相
task_95_11	Double Burple	超多蓝紫色
task_95_12	But What If Ghosts?	真有鬼吧？
task_95_13	Terror of the Waves	海浪上的噩梦
task_95_14	Halpern	劳埃德的秘密
nightmare_timeline_text	During the night...	当天夜里...
wipeout_title	Beat the Heat Wipeout	海上大赢家
wipeout_comingsoon_desc	Harrison is hosting the annual wipeout competition! Join the fun out at sea and win prizes!	哈里森即将举办一场海上冲关大赛！加入竞赛，赢得奖励！
wipeout_comingsoon_countdown	Event starts in:	活动开启倒计时：
wipeout_comingsoon_desc2	COMING SOON!	即将开启！
wipeout_start_desc	In this event, you compete against other players, so be prepared to fight hard to win!	这是一场激烈的竞争，准备好为胜利而战了吗？
wipeout_start_botton	GO!	开始!
wipeout_main_title	Beat the Heat Wipeout {0}	海上大赢家{0}
wipeout_more_round_desc	Well done! You won last round, so you're on to the next! Ready for a bigger challenge?	干得漂亮！你赢得了上一轮比赛！准备好参与新一轮比拼了吗？
wipeout_more_round_botton	GO!	开始!
wipeout_main_desc	Earn <sprite="icon_property" name="icon_gold"> {0} faster than any others, and win a reward from Harrison!	率先赚到<sprite="icon_property" name="icon_gold"> {0}，赢得哈里森的奖励！
wipeout_end_desc1	CONTEST\n<color=#ffd132>CLOSED</color>	比赛\n<color=#ffd132>结束</color>
wipeout_desc2	Here's where you placed in the race:	你在本届比赛中的表现：
wipeout_desc3	Event Ended	活动结束
wipeout_reward_title	CONGRATULATIONS!	恭喜到达!
wipeout_reward_desc	You ranked #{0} place. Well done!	你是第{0}名！干得漂亮！
wipeout_start_tutorial_1	Hey there! Welcome to our first annual Brimwave wipeout! C'mon and join the fun.	嗨，你们好！欢迎来到第一届年度浪尾岛海上大赢家！快来加入挑战吧！
wipeout_start_tutorial_2	Look, tap the start button here.	点击这里报名！
wipeout_main_tutorial_1	Welcome to the wipeout race!	欢迎加入海上大赢家！
wipeout_main_tutorial_2	Welcome to the wipeout race! Don't let the course fool you, it can be a get a little tough!	欢迎加入海上大赢家！别以为这是小儿科比赛，它可能会有点难哦！
wipeout_main_tutorial_3	And here's the finish line. But to get here you'll need {0} coins!	这里就是终点线啦！想到达这里，尽快收集{0}枚金币吧！
wipeout_round2_tutorial_3	Fantastic! You've made it to the next round!	了不起！恭喜你成功来到第二关！
wipeout_start_desc2	New Contest Ready!	新的比赛准备好了！
wipeout_entry_fail	Matching Failed	匹配失败
hunt_generator_booster_hint	Turn on <sprite="icon_property" name="icon_boostenergy"> to get higher level items!	开启<sprite="icon_property" name="icon_boostenergy">来获得更高等级的棋子！
hunt_end_desc1	Event Ended!	活动结束！
hunt_end_desc2	Thanks for your help! Join us in the next item hunt event for more rewards. 	感谢你的参与！期待下次一起寻找更多有趣的东西！
hunt_unclaim_rewards_title	Unclaimed Rewards	未领取奖励
hunt_unclaim_rewards_desc	Uh-oh! Looks like you forgot to collect some rewards. Don't worry, we kept them safe for you.	噢！看来有些奖励你忘记领取了。别担心，我们有替你保管得好好的。
hunt_item_unlock	New Item Found!	找到新物品!
hunt_cache_tutorial_1	Hey! You can use this icon to access the hunt event!	嘿！你可以点击这个图标来进入搜寻界面。
hunt_cache_tutorial_2	Here you can check the progress of our search. Keep exploring to find more!	这是目前的搜寻进度。持续探索来发现更多物品！
hunt_cache_tutorial_3	You can merge and level up items on the event board to get bigger rewards!	你可以在活动棋盘上合并物品并获得奖励。
hunt_cache_tutorial_4	Whoa! I think we found something! Tap to place them on the event board.	哇哦！貌似我们已经有了一些发现！点击来将它们放置到活动棋盘上。
off_tag_font	<size=60>{0}%</size>\n<size=50>OFF</size>	<size=60>{0}%</size>\n<size=60>折扣</size>
item_info_store_btn	Visit Store	前往商店
auto_price_gift_title	Limited Time Offer	限时特惠
auto_price_gift_desc	Choose wisely! You can only choose one offer.	仅能选择1个礼包购买
auto_price_gift_show_price	Original price: {0}	原价{0}
check_in_title	Daily Rewards	每日奖励
check_in_tomorrow_tip	Sign in tomorrow to claim your next reward!	明天再来签到领取奖励吧！
day_label	Day\n<size=70>{0}</size>	第{0}天
day_label_7	Day <size=85>7</size>	第7天
check_in_tutorial_1	Tap here to claim a free reward!	在这里领取免费奖励！
check_in_tutorial_2	Reveal your gift by tapping here!	看看今天你的惊喜礼物是什么？
check_in_tutorial_3	Come back each day to claim more rewards!	再签到七天你就能领取额外的礼物啦！
check_in_tutorial_end	Remember to sign in tomorrow and get another reward!	别忘记明天来领取礼物哦！
tutorial_pick_bottle_1	Mama said strangers send messages in bottles! And maybe other things!	妈妈说瓶子里面有陌生人写的纸条！说不定还有一些其它东西！
tutorial_pick_bottle_2	Let's find a bottle and see what's inside!	让我们打开瓶子看看吧！
daily_check_bottle_title	Drifting Bottles	漂流瓶
daily_check_bottle_check_btn	Collect	捡起
daily_check_bottle_hint	Tap to open the bottle	点击来打开漂流瓶
daily_check_bottle_back_hint	Come back tomorrow to check for new bottles!	明天再来寻找新的漂流瓶吧！
daily_check_bottle_words_title	Message in the Bottle	瓶中寄语
daily_check_bottle_reward_title	Extra Reward Found	额外奖励
tutorial_gold_boost_1	Wow! That bottle had something special in it!	哇哦！这个瓶子里有一些很特别的东西！
tutorial_gold_boost_2	I think this will help us in the kitchen. Let's see what it is…	说不定餐厅里用得上。让我们去试试吧……
buff_reward_coin_title	Double Coins	双倍金币
buff_reward_coin_desc	For a limited time, completing orders will give you<color=#ff9fec> double coins!</color>	在限定时间内，完成订单可以<color=#ff9fec>获得双倍金币。</color>
bottle_text_normal_1	Life is not a problem to be solved, but an experience to be had.	生活不是一个需要解决的问题，而是一种需要经历的体验。
bottle_text_normal_2	I invented a new word! Plagiarism!	我发明了一个新词！绕口溜！
bottle_text_normal_3	Join motorway, exit J13, first exit on roundabout, left on Baxter Rd.	开上高速公路，从J13出口下，然后在巴克斯特路上左转。
bottle_text_normal_4	We finished this bottle on the 12th June 1966.	我们于1966年6月12日完成了这个漂流瓶。
bottle_text_normal_5	The things that hurt you in the past have made you a better person.	那些伤害过你的事情使你成为了一个更好的人。
bottle_text_normal_6	It's going to be okay.	一切都会好起来的。
bottle_text_normal_7	I'm sorry. I miss you.	对不起。我想你。
bottle_text_normal_8	The man who moves a mountain begins by carrying away small stones.	千里之行，始于足下。
bottle_text_normal_9	Why did you open this bottle!? You let the demon out!	你为什么要打开这个瓶子！？你把恶魔放出来了！
bottle_text_normal_10	Yogurt (frozen), spaghetti, onions, biscuits, can of black olives.	酸奶（冰的）、意大利面、洋葱、饼干、黑橄榄罐头。
bottle_text_normal_11	Help! I'm trapped on a desert island with nothing but discs!	救救我！我被困在了荒岛上，身边只有几个光盘！
bottle_text_normal_12	Forget about the rescue boat. Send more alcohol.	别再想救援船了。多给我送点酒来。
bottle_text_normal_13	Hi! Want to be friends? Call me on the number below!	你好！想交个朋友？请拨打以下号码联系我！
bottle_text_normal_14	She isn't just my friend. She's much more to me than that.	她不只是我的朋友。她对我的意义远超于此。
bottle_text_normal_15	On my way to see my mother. Wish me luck.	正在去看妈妈的路上。祝我好运吧。
bottle_text_normal_16	To be united by hatred is a fragile alliance at best.	因仇恨而建立起来的联盟是脆弱的。
bottle_text_normal_17	You are kind. You are smart. You are important.	你是善良的，智慧的，重要的。
bottle_text_normal_18	Please find me. I'm not sure where I am, and I'm running out of coconuts.	请来找到我吧。我不知道我在哪里，椰子也快吃完了。
bottle_text_normal_19	Put me back! I liked it better in the water.	把我放回去吧！ 我更喜欢在水里。
bottle_text_normal_20	To whoever finds this: be happy! After all, you're by the ocean.	致发现者：要快乐呀！至少你没有被困在海上。
bottle_text_normal_21	Happiness comes from within, not from without.	幸福来自内心，而不是外在。
bottle_text_normal_22	Curses! Me grog's all gone! Alas, all that's left is this bottle.	倒霉！我的酒全没了！ 唉，只剩下这一个瓶子了。
bottle_text_normal_23	You are the lucky winner of 4.5 BILLION marks from the East German Bank!	恭喜！您是1988年第5期体育彩票的特等奖获得者！
bottle_text_normal_24	You know what? Wilson and I have decided to stay on the island.	你知道吗？我和威尔逊决定留在岛上了。
bottle_text_normal_25	I hope that someone reads this, one day: butts.	希望有一天有人能看到我的信息。
bottle_text_normal_26	Maybe the sea will bring you back to me.	也许大海会把你再次带回到我身边。
bottle_text_normal_27	Something secret steers us both. We shall not name it.	借助这个瓶子，缘分使我们相知。
bottle_text_normal_28	Don't call your ex. I promise, it's never a good idea.	不要给你的前任打电话。 我保证，这绝不是一个好主意。
bottle_text_normal_29	What greater endeavor exists than that of collaboration?	还有什么比合作更伟大的努力呢？
bottle_text_normal_30	It's weird how many bottles wash up here, isn't it?	有这么多的瓶子会漂流到这里，不是很奇怪吗？
bottle_text_normal_31	Hi! We've been trying to reach you about your car's extended warranty.	您好！我们一直在尝试就您的汽车保险事宜与您联系。
bottle_text_normal_32	Greetings from an ocean liner! Hopefully there are no icebergs.	来自远洋客轮的问候！希望不会遇上冰山。
bottle_text_normal_33	I'll never tell you face-to-face, but…I'm actually a bird.	我永远不会当面告诉你，但是……我实际上是一只鸟。
bottle_text_normal_34	I like trains.	我喜欢火车。
bottle_text_normal_35	To the finder: write your name and the date, then put it back in the ocean!	致发现者：写下你的名字和日期，然后把瓶子扔回大海！
bottle_text_normal_36	I wish I'd had the chance to say it: I love you.	真希望我有机会对你说：我爱你。
bottle_text_normal_37	You are the universe experiencing itself.	你是宇宙正在体验自身的一种体现。
bottle_text_normal_38	Fear leads to anger. Anger leads to hate. Hate leads to suffering.	恐惧带来愤怒。 愤怒带来仇恨。 仇恨带来痛苦。
bottle_text_normal_39	Help! I’ve been turned into a bottle!	求救！我被变成瓶子了！
bottle_text_normal_40	Dear finder, my name is Mary. I am 10 years old and I like ballet.	亲爱的发现者，我的名字是玛丽。 我今年10岁了，我喜欢芭蕾舞。
bottle_text_normal_41	Mateo, thank you for the wonderful evening. I'm sorry it didn't work out.	马特奥，感谢你让这个夜晚变得美好。 很抱歉我没有做到。
bottle_text_normal_42	We're no strangers to love. You know the rules and so do I.	我们对爱并不陌生。 你我都知道它的规则。
bottle_text_normal_43	WANTED: writer of bottle messages. Application form overleaf.	通缉：该漂流瓶的作者。 申请表见背面。
bottle_text_normal_44	Forward this message to ten people or Bloody Mary will get you.	将此消息转发给十个人，否则血腥玛丽就会抓到你。
bottle_text_normal_45	Running out of ink. Send pens.	墨水已经用完了。请送一些笔过来。
bottle_text_normal_46	Did you know wombat poop is cube-shaped?	你知道袋熊的粪便是方形的吗？
bottle_text_normal_47	Stole the necklace. Fell off the ship. Whoops.	偷了一串项链。 从船上掉了下来。 哎呀。
bottle_text_normal_48	Anyone out there?	外面有人吗？
bottle_text_surprise_1	Dear stranger, I hope you appreciate this token.	亲爱的陌生人，我希望你能喜欢这个礼物。
bottle_text_surprise_2	Hope this is still intact by the time it reaches you!	希望当它到达您手中时仍然完好无损！
bottle_text_surprise_3	Well, it's not like I need this anymore…	好吧，我不再需要这个了……
bottle_text_surprise_4	I trust the sea to deliver this to someone who needs it…	我相信大海会将它传递给需要它的人......
bottle_text_surprise_5	Honestly, I'm amazed I managed to fit this in the bottle.	老实说，我很惊讶我能把它装进瓶子里。
bottle_text_surprise_6	To the finder: surprise! This is for you.	致发现者：这是给您的一个惊喜。
bottle_text_surprise_7	Take this gift, replace it, and pass it on!	收下这份礼物，换掉它，然后重新丢进大海！
bottle_text_surprise_8	This isn't much use on a desert island, so I consign it to the sea!	这东西在荒岛上没什么用，所以我把它扔到海里了！
bottle_text_buff_1	Keep this bottle around, and it'll bring you great riches!	随身携带这个瓶子，它会给你带来巨大的财富！
bottle_text_buff_2	I cast a spell on this bottle! Hopefully it works.	我对这个瓶子施了魔法！希望它能有用。
bottle_text_buff_3	Careful! This bottle is full of luck. Don't spill it!	当心！这个瓶子里装满了幸运。别弄洒了！
bottle_text_buff_4	Recycle me! Try using this bottle as a piggy bank.	试试把这个瓶子当成一个存钱罐。
bottle_text_buff_5	Hope you're having a good day! I pass my good vibes on to you.	希望您今天过得愉快！我把我的好心情传递给您。
battlepass_goldenTicket_universe	VIP PASS	VIP通行证
battlepass_itemActivated_Universe	VIP Pass Unlocked!	VIP通行证解锁！
bp_decor_redesc_locked_unpay_Universe	Upgrade to this level and activate the VIP Pass to get this reward!	升级并激活VIP通行证以获得奖励！
battlepass_finalPurchase_Universe	Purchasing VIP Pass now, you will get:	现在购买 VIP 通行证，你将获得：
battlepass_tutorial_4_Universe	The VIP Pass unlocks <color=#1c8ee6>extra perks and prizes.</color>	VIP通行证会提供<color=#1c8ee6>丰厚的额外奖励！</color>
task_96_1	Chivalrous Cole	科尔的骑士精神
task_96_2	Bad Connection	没信号啦
task_96_3	The Cold-Shoulder	闭门羹
task_96_4	A Third-Party Joins	第三方介入
task_96_5	Unchaperoned	无人陪伴
task_96_6	An Old Buddy	老伙计
task_96_7	Equipment Check	装备检查
task_96_8	Unruly Tenant	不守规矩的房客
task_96_9	Goo-Goo	加油加油
task_96_10	Knob of Knots	一团乱麻
task_96_11	Ghost Boys	捉鬼小队
task_96_12	Fifteen Minutes	十五分钟
task_96_13	On the Run	逃跑啦
task_97_1	Into the Garage	车库探索
task_97_2	Closer Analysis	深入分析
task_97_3	Under the Hood	遮盖之下
task_97_4	The Billy	比利旅行车
task_97_5	A  New Leaf	改头换面
task_97_6	With New Friends	新朋友
task_97_7	Back for More	小心为上
task_97_8	In the Deep End	一筹莫展
task_97_9	The Wrapper	包装纸
task_97_10	Into the Fold	保存起来
task_97_11	Can Only Hope	祝她好运
task_97_12	Asking Again	再确认
task_97_13	Reporting Back	汇报信息
task_97_14	Filling in the Gap	掉沟里了
task_97_15	Amala's Angle	阿玛拉的观点
task_98_1	Neck Pain	脖子疼
task_98_2	Coffee Vs. Tea	咖啡党还是茶党
task_98_3	Little Minions	小跟班
task_98_4	And Behind This Canvas...	画布之下
task_98_5	4-4-4-4	重生
task_98_6	Cool, Calm Saul	情绪稳定的索尔
task_98_7	Calling Backup	叫后援
task_98_8	Sitting Tight	做好了
task_98_9	The Rabbit Hole	兔子洞
task_98_10	Ghost in the Flesh	大变活人
task_98_11	Meeting Adjourned	谈话延期
task_98_12	Boys Night	男孩之夜
task_99_1	A Close Eye	近距离观察
task_99_2	Private Word	单独谈话
task_99_3	How About the Weather?	天气怎样？
task_99_4	Cryptid Pals	爬行动物伙伴
task_99_5	Riley's Box	莱利的箱子
task_99_6	The Blame Train	互相指责
task_99_7	Another Chance	再给个机会
task_99_8	Couch Drifter	寄人篱下
task_99_9	Conspiracy Theory	阴谋论
task_99_10	Getting Along Fine	相处得还不错
task_99_11	Peas in a Pod	好伙伴
task_100_1	Parent Drop-Off	送孩子
task_100_2	Free From Justice	逃离抓捕
task_100_3	Grapevine Report	小道消息
task_100_4	The Last Job	最后一项任务
task_100_5	Cramped Space	空间狭小
task_100_6	Bistro Business	酒馆生意
task_100_7	Lost Signal	失去信号
task_100_8	An Old Fan	老粉丝
task_100_9	The Consultation	咨询
task_100_10	Papa Bear	老父亲的保护欲
task_100_11	Lady of the Garage	车库里的女人
task_100_12	One More Knot	更多未解之谜
task_100_13	The Big Hubbub	大讨论
task_100_14	Quick Questions	快问快答
task_100_15	Password Please	需要密码
timed_customer_appear_title	Raccoon Rascals!	浣熊出没!
timed_customer_appear_desc	Finish orders for the rascally raccoons and earn rewards!	完成浣熊兄弟的订单并获得奖励！
timed_customer_appear_btn	Let's Go!	开始吧!
item_re_ch_1_1_1_name	Ocean Gift	海洋礼物箱
item_re_ch_1_2_1_name	Mysterious Treasure	神秘的宝藏
item_re_ch_1_3_1_name	Deluxe Pack	豪华宝箱
item_re_ch_2_1_1_name	Simple Pack	普通宝箱
item_re_ch_2_2_1_name	Fancy Pack	时尚宝箱
item_re_ch_2_3_1_name	Deluxe Pack	豪华宝箱
offer_title	Daily Packages	每日礼包
activity_coconut_countdown_new	Use <sprite="icon_property" name="icon_energy"> to collect balloons. 	消耗<sprite="icon_property" name="icon_energy">来产生气球。
activity_coconut_energy_boost_hint	Turn on <sprite="icon_property" name="icon_boostenergy"> to get higher level balloons.	开启<sprite="icon_property" name="icon_boostenergy">来产生更高等级的气球。
activity_coconut_tutorial_new_1	Coconut is ready to take flight! Help Coconut gather balloons and he'll get rewards for you! Tap here to see more details!	小椰子已经准备起飞！帮助小椰子收集气球，他会为你获取奖励！点击此处查看详情。
activity_coconut_tutorial_new_2	Use Energy to collect Balloons for Coconut! Soar higher for more rewards!	消耗能量即可为小椰子收集气球！争取飞得更高，获得更多奖励！
activity_coconut_tutorial_new_3	Coconut will wait for you here during the event. Tap on Coconut to check your progress of his journey again.	活动期间小椰子会在这里等你。点击小椰子可以再次查看活动进度。
activity_coconut_tutorial_new_4	Look! An extra balloon appears when you use Energy.	看，消耗能量时额外生成了一个气球！
activity_coconut_tutorial_new_5	Tap the info button to get details on the Balloons.	点击信息按钮查看气球的详情。
activity_coconut_tutorial_new_6	You can merge Balloons together to make a bigger cluster or you can tap to collect them anytime.	你可以合并气球来制作更大的气球串，也可以随时点击收集它们。
nacho_title	Tony's Beach Bash!	托尼的海滩狂欢!
nacho_pre_desc1	Tony's got a big party planned for some of his friends! And he's gonna need some help!	托尼计划为朋友们举办一场盛大的派对，他需要一些帮助!
nacho_pre_desc2	Collect event items by tapping on <sprite="icon_property" name="icon_energy"> genarators and finish Tony's orders.	点击带有<sprite="icon_property" name="icon_energy">符号的母体棋子来获得活动棋子，完成托尼的订单。
nacho_ready_desc	The event is ready!	一切就绪了！
nacho_ready_button	Let's Go!	开始吧
nacho_main_desc1	Collect event items from <sprite="icon_property" name="icon_energy">  generators and finish Tony's orders.	点击<sprite="icon_property" name="icon_energy">母体棋子获得活动棋子并完成订单！
nacho_boost_desc	Turn on <sprite="icon_property" name="icon_boostenergy"> to get higher level items!	开启<sprite="icon_property" name="icon_boostenergy">来获得更高等级的棋子！
nacho_main_start_btn	Go to Kitchen	去厨房
nacho_reward_title	Tony's Token Gift	托尼的礼物!
nacho_reward_desc	A token of Tony's appreciation. Enjoy!	这是托尼的一点心意，快收下吧！
nacho_complete_title	Completed!	活动完成!
nacho_complete_desc	Thanks for your help! Hope you had fun, pal!	感谢你的帮助！希望你玩得开心，伙计！
nacho_end_title	Event Ended!	活动结束!
nacho_start_tutorial_1	Tap on the event icon!	点击活动入口！
nacho_start_tutorial_2	Tap to go to the main board.	点击按钮开始收集活动棋子。
nacho_cache_tutorial_1	Ha, now look here. Tap the icon to open the event board!	嘿，点击这里进入活动面板！
nacho_cache_tutorial_2	See and just finish the orders. I have one ready for you.	我需要你帮我完成一些订单。
nacho_cache_tutorial_3	And then after you finish these orders, I got a gift for you.	等你完成这些订单，我就送你一份礼物！
nacho_cache_tutorial_4	Now, just tap to put the items to the event board and start merging!	点击这里把棋子放到棋盘中，然后就可以合并啦！
item_nacho_d_1_name	Fortune Cookie	幸运曲奇
item_nacho_d_2_name	Leftover Xmas Cookie	麋鹿曲奇
item_nacho_d_3_name	Candy Cookie	钟表曲奇
item_nacho_d_4_name	Cookie Bundle	曲奇塔
item_nacho_d_5_name	Leftover Xmas Pud	圣诞奶油派
item_nacho_d_6_name	Leftover Xmas Cake	圣诞蛋糕
item_nacho_d_7_name	Snowman Cake	雪人蛋糕
item_nacho_d_8_name	Leftover Yule Log	树桩蛋糕
item_nacho_d_9_name	Profiterole Stack	泡芙塔
item_nacho_b_1_name	Basic Mask	简单面具
item_nacho_b_2_name	Patchwork Mask	拼接面具
item_nacho_b_3_name	Fancy Mask	花式面具
item_nacho_b_4_name	Laurel Mask	桂冠面具
item_nacho_b_5_name	Feathered Mask	羽毛面具
item_nacho_b_6_name	Splendid Mask	华丽面具
item_nacho_b_7_name	Extravagant Mask	奢华面具
item_nacho_b_8_name	Winged Mask	翅膀面具
item_nacho_b_9_name	Peacock Mask	孔雀面具
item_nacho_a_1_name	Grapes	葡萄
item_nacho_a_2_name	Crushed Grapes	小杯葡萄
item_nacho_a_3_name	Fine Wine	优质葡萄酒
item_nacho_a_4_name	Wine & Cheese	葡萄酒与奶酪
item_nacho_a_5_name	Wine Platter	葡萄酒拼盘
item_nacho_a_6_name	Bucket o' Wine	葡萄全家桶
item_nacho_a_7_name	Fancy Platter	葡萄酒晚餐
item_nacho_c_1_name	Firecracker	爆竹
item_nacho_c_2_name	Conical Firecracker	锥形爆竹
item_nacho_c_3_name	Big Firecracker	大爆竹
item_nacho_c_4_name	Fireworks	烟花
item_nacho_c_5_name	Box of Fireworks	一盒烟花
item_nacho_c_6_name	Multi-burst Firework	烟花组合
item_nacho_c_7_name	Firework Arsenal	烟花筒
battlepass_goldenTicket_Knightly	VIP PASS	VIP通行证
battlepass_itemActivated_Knightly	VIP Pass Unlocked!	VIP通行证解锁！
bp_decor_redesc_locked_unpay_Knightly	Upgrade to this level and activate the VIP Pass to get this reward!	升级并激活VIP通行证以获得奖励！
battlepass_finalPurchase_Knightly	Purchasing VIP Pass now, you will get:	现在购买 VIP 通行证，你将获得：
battlepass_tutorial_4_Knightly	The VIP Pass unlocks <color=#1c8ee6>extra perks and prizes.</color>	VIP通行证会提供<color=#1c8ee6>丰厚的额外奖励！</color>
item_rc_a_1_name	Simple Chest	简易宝箱
item_rc_b_1_name	Golden Chest	金色宝箱
item_rc_c_1_name	Ruby Chest	红宝石宝箱
item_rc_d_1_name	Superb Chest	华丽宝箱
item_rc_e_1_name	Queenly Chest	皇室宝箱
item_rc_f_1_name	Master Chest	大师宝箱
item_scratch_a_1_name	Scratch Ticket	刮刮卡
item_scratch_b_1_name	Pile of Tickets	一叠刮刮卡
refresh_confirm_desc	You will spend {0} <sprite="icon_property" name="icon_gem"> to refresh store items. Proceed with purchase?	你将使用 {0} <sprite="icon_property" name="icon_gem"> 刷新商城当前售卖的棋子，确定吗？
extra_inventory_title	VIP Inventory	VIP仓库
extra_inventory_tip	VIP Inventory	VIP仓库
extra_inventory_close_desc	The extra inventory is closed. Your items are in the queuing area.	VIP仓库权益已到期关闭。您存放的棋子已放于缓存队列中。
refresh_confirm_title	Are you sure?	确定吗？
character_story_quinn_3a_name	The School Reunion I	同学聚会（一）
character_story_quinn_3a_scene	Brimwave Town	浪尾镇
character_story_quinn_3a_intro	Quinn finds out some things never change after high school…	奎因发现有些东西自高中毕业后就从未改变……
character_story_quinn_3b_name	The School Reunion II	同学聚会（二）
character_story_quinn_3b_scene	Brimwave Town	浪尾镇
character_story_quinn_3b_intro	Quinn realizes that she may be the drama in her life...	奎因意识到她自身就是各种事件的中心。
character_moment_quinn_3a_name	The Biggest Drama Queen	绯闻女王
character_moment_quinn_3a_desc	Quinn receiving her award in front of her old classmates.	高中同学聚会上，奎因接受了同学们赐予的”绯闻女王”的头衔。
character_story_olivia_3a_name	Divorce Distress I	离婚的困恼（一）
character_story_olivia_3a_scene	Quinn's Restaurant	奎因的餐厅
character_story_olivia_3a_intro	Olivia unexpectedly asks Amala for some advice about her parents…	奥利维亚忽然向阿玛拉询问有关她父母婚姻的事情……
character_story_olivia_3b_name	Divorce Distress II	离婚的困恼（二）
character_story_olivia_3b_scene	Quinn's Restaurant	奎因的餐厅
character_story_olivia_3b_intro	Amala helps Olivia to understand her part in her parents' divorce…	阿玛拉帮助奥利维亚理解她在父母离婚中的角色……
character_moment_olivia_3a_name	Life on Mars?	火星生活？
character_moment_olivia_3a_desc	Divorce can be hard on kids – Olivia just wants to play!	离婚对于孩子们过于沉重——奥利维亚只想玩游戏！
character_story_harrison_3a_name	The Brimwave Bachelor I	浪尾镇单身汉（一）
character_story_harrison_3a_scene	Brimwave Docks	浪尾岛码头
character_story_harrison_3a_intro	Harrison bumps into Sam after an eventful evening...	在经历了一场尴尬的事件后，哈里森碰到了山姆……
character_story_harrison_3b_name	The Brimwave Bachelor II	浪尾镇单身汉（二）
character_story_harrison_3b_scene	Brimwave Docks	浪尾岛码头
character_story_harrison_3b_intro	Harrison accepts that maybe the fire has burned out...	哈里森承认他的旧情也许早已不复存在……
character_moment_harrison_3a_name	The Big Wave	巨浪
character_moment_harrison_3a_desc	Harrison catching waves for his adoring fans.	在崇拜者的目光中，哈里森追逐着巨浪。
item_gift_olivia_1_name	Olivia's Galactic Gift Box	奥利维亚的太空礼盒
item_gift_quinn_1_name	Quinn's Gift	奎因的礼物
item_gift_harrison_1_name	Harrison's Gift	哈里森的礼物
item_gift_olivia_1_desc	Maybe there are moon rocks inside…	也许里面包着一个火箭……
item_gift_quinn_1_desc	A serving tray of one of Quinn's tasty treats.	奎因用来上菜的托盘。
item_gift_harrison_1_desc	A crate Harrison uses at the dock.	哈里森在港口使用过的一个板条箱。
community_coming_title	Harbor Chronicles	海港纪事
community_coming_desc	Get the gossip on your favorite Brimwave residents!	了解你最喜欢的浪尾镇居民的绯闻轶事！
item_s_exp_1_desc	Merge to reach the next level. Tap to collect <color=#1c8ee6>1</color> XP.	合并以达到下一个级别。点击收集<color=#1c8ee6>1</color>经验值。
item_s_exp_2_desc	Merge to reach the next level. Tap to collect <color=#1c8ee6>3</color> XP.	合并以达到下一个级别。点击收集<color=#1c8ee6>3</color>经验值。
item_s_exp_3_desc	Merge to reach the next level. Tap to collect <color=#1c8ee6>7</color> XP.	合并以达到下一个级别。点击收集<color=#1c8ee6>7</color>经验值。
item_s_exp_4_desc	Merge to reach the next level. Tap to collect <color=#1c8ee6>15</color> XP.	合并以达到下一个级别。点击收集<color=#1c8ee6>15</color>经验值。
item_s_exp_5_desc	Tap to collect <color=#1c8ee6>31</color> coins. This items is at its max level.	点击收集<color=#1c8ee6>31</color>经验值。
item_s_exp_1_name	XP Gem	经验宝石
item_s_exp_2_name	XP Gem	经验宝石
item_s_exp_3_name	XP Gem	经验宝石
item_s_exp_4_name	XP Gem	经验宝石
item_s_exp_5_name	XP Gem	经验宝石
item_s4_hay_1_name	Tuft of Hay	一丛干草
item_s4_hay_2_name	Bundle of Hay	一捆干草
item_s4_hay_3_name	Big Bundle of Hay	一大捆干草
item_s4_hay_4_name	Hay Bales	一堆干草
item_s4_hay_5_name	Large Hay Bales	一大堆干草
item_s4_castle_1_name	Grand Castle	大城堡
item_s4_knight_1_name	Horseshoe	马蹄铁
item_s4_knight_2_name	Knight's Glove	骑士手套
item_s4_knight_3_name	Knight's Boots	骑士战靴
item_s4_knight_4_name	Shoulder Armor	肩甲
item_s4_knight_5_name	Knight's Sword	骑士剑
item_s4_knight_6_name	Battle Armor	战甲
item_s4_knight_7_name	Knight's Helmet	骑士头盔
item_s4_knight_8_name	Noble Knight	贵族骑士
item_s4_shield_1_name	Practice Shield	练习盾
item_s4_shield_2_name	Wooden Shield	木盾
item_s4_shield_3_name	Jousting Shield	比武盾
item_s4_shield_4_name	Strong Shield	坚盾
item_s4_shield_5_name	Battle Shield	战盾
item_s4_shield_6_name	Knight's Crest	骑士纹章
item_s4_shield_7_name	Noble Shield	贵族之盾
item_s4_princess_1_name	Emeral Ring	绿宝石戒指
item_s4_princess_2_name	Flawless Earrings	完美耳环
item_s4_princess_3_name	Elegant Shoes	优雅的鞋子
item_s4_princess_4_name	Royal Gown	皇家礼服
item_s4_princess_5_name	Divine Tiara	圣洁皇冠
item_s4_princess_6_name	Crowned Princess	加冕公主
item_s4_flower_1_name	Single Rose	单朵玫瑰
item_s4_flower_2_name	Lovely Roses	可爱玫瑰
item_s4_flower_3_name	Rosey Bouqet	玫瑰花束
item_s4_flower_4_name	Flower Crown	玫瑰花环
item_s4_flower_5_name	Perfect Roses	完美玫瑰
item_s4_butterfly_1_name	Simple Butterfly	小蝴蝶
item_s4_butterfly_2_name	Gold Butterfly	金色蝴蝶
item_s4_butterfly_3_name	Forrest Butterfly	森林蝴蝶
item_s4_butterfly_4_name	Sky Butterfly	天空蝴蝶
item_s4_butterfly_5_name	Monarch Butterfly	帝王蝶
item_s4_butterfly_6_name	Rare Butterfly	珍稀蝴蝶
item_s4_cider_1_name	Cider Pint	一杯苹果酒
item_s4_cider_2_name	Pitcher of Cider	一壶苹果酒
item_s4_cider_3_name	Crafted Pitcher	精制酒罐
item_s4_cider_4_name	Feast Jug	盛宴酒壶
item_s4_cider_5_name	Regal Carafe	贵族水瓶
item_s4_cider_6_name	King's Cider	国王苹果酒
item_s4_farm_1_name	King's Farm	国王农场
item_s4_wheat_1_name	Wheat Seedling	小麦苗
item_s4_wheat_2_name	Wheat Stalk	青葱小麦
item_s4_wheat_3_name	Growing Grains	成长小麦
item_s4_wheat_4_name	Wheat Crop	成熟小麦
item_s4_bread_1_name	Wheat Harvest	麦穗
item_s4_bread_2_name	Wheat 	麦粒
item_s4_bread_3_name	Bag of Flour	一袋面粉
item_s4_bread_4_name	Fresh Loaf	新鲜面包
item_s4_bread_5_name	Bread Basket	面包篮
item_s4_bread_6_name	Feast of Bread	面包盛宴
item_s4_paper_1_name	New Scroll	纸张
item_s4_paper_2_name	Scribe's Scrolls	抄写员的书页
item_s4_paper_3_name	Old Book	旧书
item_s4_paper_4_name	New Book	新书
item_s4_paper_5_name	Spell Book	魔法书
item_s4_paper_6_name	Sorcerer's Book	巫师之书
item_s4_tr_1_name	Gold Ring	金戒指
item_s4_tr_2_name	Jewelled Collar	宝石项圈
item_s4_tr_3_name	Ruby Cuff	红宝石手镯
item_s4_tr_4_name	Golden Goblet	黄金高脚杯
item_s4_tr_5_name	Opulent Necklace	华丽项链
item_s4_tr_6_name	Carnivale Mask	嘉年华面具
item_s4_tr_7_name	Golden Crown	黄金王冠
item_s4_tr_8_name	Imperial Crown	帝王皇冠
item_s4_tr_1_desc	Precious and full of power.	珍贵且充满力量。
item_s4_tr_2_desc	Out of fashion, but not out of style.	过时了，但不落伍。
item_s4_tr_3_desc	A chunky, clinking statement piece.	一件厚重、叮当作响的财富宣言。
item_s4_tr_4_desc	Drinking is serious business.	喝酒是一件严肃的事情。
item_s4_tr_5_desc	For when you absolutely must impress.	当你需要给人留下深刻印象时佩戴。
item_s4_tr_6_desc	A mask for the rich to hide behind.	富人在舞会上使用的面具。
item_s4_tr_7_desc	A crown fit for a king, or an usurper.	适合国王或篡位者的王冠。
item_s4_tr_8_desc	Probably filled with stolen gemstones.	可能镶满了了偷来的宝石。
item_s4_apple_1_name	Honeycrisp Apple	一个苹果
item_s4_apple_2_name	Double Apple	两个苹果
item_s4_apple_3_name	Apple Satchel	一袋苹果
item_s4_apple_4_name	Basket of Apples	一筐苹果
item_s4_apple_5_name	Crates of Apples	一箱苹果
item_s4_water_1_name	Water Droplet	水滴
item_s4_water_2_name	Water Scooper	一瓢水
item_s4_water_3_name	Wooden Trough	一盆水
item_s4_water_4_name	Empty Bucket	一桶水
item_s4_water_5_name	Filled Bucket	一大桶水
item_s4_tree_1_name	Apple Pickin' Tree	丰收果树
event_anniversary_note_preview	Preview Decorations	装饰预览
event_decoration_preview_bought	Already purchased	已购买
event_anniversary_note_ok_btn	Great	太棒了
item_bp_chest_a_1_name	Tasty Pass Pack	美味通行证宝箱
item_bp_chest_a_2_name	Tasty Pass Gift	美味通行证宝箱
item_bp_chest_a_3_name	Tasty Pass Treasure	美味通行证宝箱
item_bp_chest_b_1_name	Sweet Pass Pack	香甜通行证宝箱
item_bp_chest_b_2_name	Sweet Pass Gift	香甜通行证宝箱
item_bp_chest_b_3_name	Sweet Pass Treasure	香甜通行证宝箱
item_bp_chest_c_1_name	Fresh Pass Pack	新鲜通行证宝箱
item_bp_chest_c_2_name	Fresh Pass Gift	新鲜通行证宝箱
item_bp_chest_c_3_name	Fresh Pass Treasure	新鲜通行证宝箱
monthlycard_title	Monthly Card	月卡
monthlycard_quinn1	Exclusive discount offer! 	独家大优惠！
monthlycard_quinn2	Collect them now!	快来领取吧！
monthlycard_quinn3	Come back tomorrow to get the daily collection.	明天记得来领取每日奖励哦！
monthlycard_quinn4	Time to restore your card!	似乎该续约了哦！
monthlycard_quinn5	Your monthly card has expired.	您购买的月卡已到期。
monthlycard_total	Total Value	总价值
monthlycard_now	Get it now!	立即获得
monthlycard_daily	Daily collection	每日领取
monthlycard_valid	Valid for {0} days	有效期{0}天
monthlycard_collect	Collect	领取
monthlycard_end	Time's up	已到期
monthlycard_ok	OK	知道啦
monthlycard_restore	Time is up! Click the button to restore.	已到期，点击下方按钮可续约。
monthlycard_guidance	Click to get daily collection.	点击领取每日奖励。
monthlycard_icon	VIP Card	超值月卡
task_106_1	Epic Trash	史诗级垃圾
task_106_2	Pesky Raccoons	坏浣熊
task_106_3	Nothing New	还是老样子
task_106_4	Above Suspicion	没被怀疑
task_106_5	Forces of Nature	自然的力量
task_106_6	All About Amala	哪里都是阿玛拉
task_106_7	On Edge	情绪紧绷
task_106_8	Making Mom Proud	让妈妈自豪
task_106_9	By The Stars	观星航行
task_106_10	Hocus-Pocus	天灵灵地灵灵
task_106_11	Turf War	地盘争夺战
task_106_12	Small Towns	小镇子
task_107_1	Disappearance	人间蒸发
task_107_2	Emergency	紧急情况
task_107_3	Rabbit Hole	钻牛角尖
task_107_4	Brimwave Boys	浪尾男孩
task_107_5	Flamin' Raccoons	捣乱的浣熊
task_107_6	Outsider	外来者
task_107_7	Hacky Writing	糟糕编剧
task_107_8	Lovebirds	小情侣
task_107_9	Pretty Assertive	修复关系
task_107_10	Default State	默认
task_107_11	Lucky Lori	幸运的罗莉
task_107_12	Hunting Ghosts	猎鬼行动
task_107_13	The Dodger	机灵鬼
task_107_14	Little Writer	小作家
task_107_15	Time Bomb	定时炸弹
task_108_1	Rising Crescendo	危险行为
task_108_2	Loyal Subscriber	忠实用户
task_108_3	And Now, Forte	现在到你了
task_108_4	Thrown Off-key	走调
task_108_5	Hurricane Vance	飓风万斯
task_108_6	Lori's Empire	罗莉帝国
task_108_7	Rom-Com Fest	爱情马拉松
task_108_8	Popcorn and Heartache	爆米花与心痛
task_108_9	Breaking News	爆炸消息
task_108_10	Where's the Fire	着什么急
task_108_11	Racking Brains	绞尽脑汁
task_108_12	Norman's Nights	诺曼的夜晚
task_108_13	Left Unimpressed	无动于衷
task_108_14	Set Expectations	设定期望
task_109_1	Cryptid Tips	隐秘提示
task_109_2	The Opposite	对立面
task_109_3	Big Softie	大软蛋
task_109_4	Feelgood Alibi	不错的不在场证明
task_109_5	Prime Suspect	主要嫌疑人
task_109_6	Previous Entanglements	前情提要
task_109_7	Gather Round	聚在一起
task_109_8	Jean Walden	简沃尔登
task_109_9	Casa del Dom	来问多姆
task_109_10	Back In Control	重回掌控
task_109_11	Painful To Watch	揪心的一幕
task_110_1	Bicker Mission	争吵
task_110_2	Back To Soldale	回到苏达市
task_110_3	Mystery-solving Cooties	解谜病毒
task_110_4	Feral Hogs	猪突猛进
task_110_5	Avicenna Novella	爱森娜诺拉
task_110_6	Stolen Key	失窃的钥匙
task_110_7	Friends of Quinn	奎因的朋友们
task_110_8	Skyfall	天上掉线索
task_110_9	A Subtle Gesture	微妙的方式
task_110_10	No Harm Done	无伤大雅
task_110_11	Zeitgeist	泽塔
task_101_1	Sad Puppy	伤心狗狗
task_101_2	Trading Places	交易地点
task_101_3	Sore Thumb	脚趾好痛
task_101_4	Hero of Kala	卡拉星球的英雄
task_101_5	The Keys	钥匙
task_101_6	On Edge	精神紧绷
task_101_7	Ziva's Doubts	姬瓦的怀疑
task_101_8	Tear It All Down	统统拆掉！
task_101_9	Brain Worms	脑子不正常
task_101_10	Overworked	超额工作
task_101_11	Pick A Side	选择阵营
task_101_12	The Right Foot	正确的选择
task_101_13	Fiddlesticks	真倒霉！
task_102_1	The Briefing	简报
task_102_2	A Key Key	关键钥匙
task_102_3	An Olive Branch	橄榄枝
task_102_4	So Much Bother	真烦啊
task_102_5	The Living Museum	活博物馆
task_102_6	Peace Offering	和平协议
task_102_7	No Escape	无处逃脱
task_102_8	One Of The Last	唯一后人
task_102_9	Nicknames	昵称
task_102_10	Everyone's Got A Theory	各说各理
task_102_11	Not Even You	连你都这样
task_102_12	Hey, You	同居
task_102_13	Axe Grinder	眼中钉
task_102_14	Vigilant	警惕性
task_103_1	Premium Service	尊享服务
task_103_2	Look Busy	看起来很忙
task_103_3	Don't Panic	别慌
task_103_4	Ghost Box	通灵盒
task_103_5	Dilly-dallying	磨磨蹭蹭
task_103_6	Bad Neighbor	坏邻居
task_103_7	Poppycock!	胡说八道！
task_103_8	The Orange Man	橘子人
task_103_9	Just An Act	表面现象
task_103_10	Cooperation	合作
task_103_11	Sorted In A Jiffy	快速分类
task_103_12	Yarn	吹水
task_103_13	Unstoppable	蛮不讲理
task_103_14	Rocking The Boat	冒进
task_104_1	The Return	回归
task_104_2	Down Under	遥远的南方
task_104_3	More Like A Gang	像个黑帮
task_104_4	Taking It Slow	慢慢来
task_104_5	Little Schemes	小计划
task_104_6	Butterscotch	奶糖
task_104_7	Interloper	插班生
task_104_8	The Update	新情况
task_104_9	Too Creative	创造力过剩
task_104_10	Thick As Thieves	铁三角
task_104_11	Progress	进步
task_104_12	Old Person Candy	老头爱糖
task_105_1	Poltergeist	骚灵
task_105_2	Mononyms	没名字
task_105_3	Only Pancakes	煎饼治愈心情
task_105_4	Sweet As	没问题
task_105_5	Finding Truth	挖掘真相
task_105_6	Museum Stuff	博物馆的东西
task_105_7	Safe Distance	安全距离
task_105_8	Achoo!	阿嚏！
task_105_9	An Absurd Accusation	荒谬的指控
task_105_10	Disruption	中断
task_105_11	Stories of Old	过去的故事
task_105_12	Sweet Old Norman	甜蜜的老诺曼
task_105_13	Locked Off	锁定
trickOtreat_title	Trick or Treat	鬼鬼要礼物
trickOtreat_desc_upcoming	Give the ghost spooky treats to earn rewards!	给可爱鬼鬼收集礼物赢得奖励！
trickOtreat_desc_main	Find the spooky treats and earn rewards!	给可爱鬼鬼收集礼物赢得奖励！
trickOtreat_hammer_notice	Not enough <sprite="icon_property" name="icon_hammer">\nCollect it on the main board!	<sprite="icon_property" name="icon_hammer">不足，\n快去主棋盘收集吧！
trickOtreat_rule_1	Collect <sprite="icon_property" name="icon_hammer"> by tapping on <sprite="icon_property" name="icon_energy"> generators.	点击带有<sprite="icon_property" name="icon_energy">符号的母体棋子来获得<sprite="icon_property" name="icon_hammer">。
trickOtreat_rule_2	Turn on <sprite="icon_property" name="icon_boostenergy"> to get multiple  <sprite="icon_property" name="icon_hammer">!	开启 <sprite="icon_property" name="icon_boostenergy"> 能量助力获得加倍的<sprite="icon_property" name="icon_hammer">！
trickOtreat_complete_desc	The ghost is full with Halloween treats – looks like he's ready to go haunting!	鬼鬼拿到了所有想要的礼物，看起来他已经准备好去恶作剧了！
trickOtreat_end_desc	Oh no! Our ghost friend got more tricks than treats! Better luck next time!	真遗憾！鬼鬼没有拿到想要的礼物，下次好运吧！
trickOtreat_avatar_name	New Avatar:\nOlivia the Enchantress	新头像:\n小女巫奥利维亚
tap_to_claim	Tap anywhere to claim	点击任意位置领取
trickOtreat_avatar_desc	Olivia is ready for a bewitching Halloween night!	奥利维亚即将度过一个迷人的万圣节之夜！
avatar_reward_desc	Congrats! You won the holiday limited avatar!	恭喜你获得限定头像！
trickOtreat_note_desc_1	1. Collect <sprite="icon_property" name="icon_hammer"> by tapping on <sprite="icon_property" name="icon_energy"> generators.	1.点击<sprite="icon_property" name="icon_energy">母体棋子可能获得<sprite="icon_property" name="icon_hammer">
trickOtreat_note_desc_2	2. Use <sprite="icon_property" name="icon_hammer"> to break the stones and uncover treats!	2.用<sprite="icon_property" name="icon_hammer">敲碎石块寻找藏在下面的礼物！
trickOtreat_note_desc_3	3. Earn rewards by collecting all the treats!	3.完成鬼鬼的礼物清单赢得它篮子中的奖励！
trickOtreat_start_tutorial_1	Hey! Tap this icon to check out a new event!	点击入口查看新活动！
trickOtreat_start_tutorial_2	Hey! Tap this icon to check out a new event!	点击入口查看新活动！
trickOtreat_require_tutorial_1	This friendly ghost has a Halloween wishlist! Help them find items hidden under the stones.	这是鬼鬼！她有一份万圣节礼物愿望清单！这些礼物就藏在石头下面。
trickOtreat_require_tutorial_2	Grant the ghost's wishes and they'll give you a reward!	找到这些礼物满足鬼鬼的愿望，他就会给你奖励！
trickOtreat_operate_tutorial_1	Try using the hammer to break the stone here. Maybe we'll find something the ghost wants!	用锤子敲碎砖块，这里有鬼鬼想要的礼物吗？
trickOtreat_operate_tutorial_2	Looks like the other half is still stuck! Try hitting it again.	已经露出一半了，再敲碎这块试试！
trickOtreat_operate_tutorial_3	Spend energy using generators on the main board to collect more hammers!	在主棋盘使用体力点击母体棋子获得更多锤子！
event_general_complete_title	Event completed!	活动完成!
item_re_ch_spe_1_name	Frankenchest	弗兰肯箱子
item_re_ch_1_4_1_name	Ghostly Chest	闹鬼宝箱
item_halloween_re_ch_1_1_1_name	Pumpkin Chest	南瓜宝箱
item_halloween_re_ch_1_2_1_name	Spooky Chest	蝙蝠宝箱
item_halloween_re_ch_1_3_1_name	Pumpkin Hamper	南瓜提篮
offer_2023_halloween_1	Spooky Sweets Pack	诡异甜点礼包
offer_2023_halloween_2	Boo Baker Pack	胡闹烹饪礼包
offer_2023_halloween_3	Haunted Pack	闹鬼礼包
tutorial_energy_boost_switch_1	<color=#1c8ee6>Click the button</color> to turn on the Generator Booster!	现在你可以直接<color=#1c8ee6>点击按钮</color>，切换能量助力倍率了！
tutorial_energy_boost_switch_2	The higher the Generator Boost rate, <color=#1c8ee6>the more energy it consumes</color>. Get even <color=#1c8ee6>higher level items</color> to merge!Click now to try!	能量助力倍率越高，<color=#1c8ee6>消耗能量越多</color>，产出的<color=#1c8ee6>棋子等级也会越高</color>哦！点击试试吧！
offer_2023_thanksgiving_1	Chef's Prep Pack	鸡飞蛋打礼包
offer_2023_thanksgiving_2	Perfect Roast Pack	全熟礼包
offer_2023_thanksgiving_3	Dinnertime Pack	晚餐时间礼包
item_thanksgiving_re_ch_1_1_1_name	Pumpkin Chest	南瓜宝箱
item_thanksgiving_re_ch_1_2_1_name	Chow Down Chest	嚼嚼宝箱
item_thanksgiving_re_ch_1_3_1_name	Vineyard Chest	葡萄园宝箱
item_thanksgiving_re_ch_1_4_1_name	Autumnal Chest	秋季宝箱
item_thanksgiving_re_ch_spe_1_name	Gobbler Chest	火鸡宝箱
task_111_1	Ways of Knowing	信息渠道
task_111_2	Cryptically Alike	神秘个性
task_111_3	Cat Sitter	猫咪保姆
task_111_4	Gotta Jet	马上就走
task_111_5	Cat Cologne	吸猫体质
task_111_6	Speculative Suspicion	排除嫌疑
task_111_7	Margherita	玛格丽塔
task_111_8	Hairball Yuckers	毛球呸呸乐
task_111_9	Killer Pizza	杀手披萨
task_111_10	Deep Ick	深恶痛绝
task_111_11	Nice To Have Around	有他在挺好
task_111_12	Mmhhghhh	唔嘞嘟摇斯
task_111_13	Doorstep Delivery	送货上门
task_111_14	The Call	期待来电
task_111_15	Antiques Wanted	古董征集令
task_112_1	Sandy's Suffrage	桑迪的选举权
task_112_2	Flower Woman	花朵女郎
task_112_3	Picturesque Pastorals	如诗如画的牧歌
task_112_4	Cinnamon Rolls	肉桂卷
task_112_5	Blane Beach	布兰海滩
task_112_6	Nice Sea Shell	不错的海螺啊
task_112_7	The Wrong Attention	错误的关注
task_112_8	Look For The Birds	寻找鸟儿
task_112_9	The Annular Map	环形地图
task_112_10	The Troll	网络喷子
task_112_11	Tomcat Trouble	备胎小椰子
task_112_12	Many Merry Men	万人迷
task_112_13	Bluefeld	布鲁菲尔德
task_112_14	The Right Place	正确的地方
task_112_15	BurgerBoyDeluxe	超燃大汉宝
task_113_1	Social Visit	友好拜访
task_113_2	Good Cop	好警察
task_113_3	Troll Texts	骚扰短信
task_113_4	Cat Mediation	猫咪调解员
task_113_5	Speedy Beans	超速小子
task_113_6	Sam Sandwich	山姆三明治
task_113_7	Creeping Close	阴暗爬行
task_113_8	That's Not My Boat!	那不是我的船
task_113_9	Perfect Play	完美游戏
task_113_10	Collaboration Anxiety	合作焦虑
task_113_11	Friend-zoned Again	你是个好人
task_113_12	Map Man	地图专家
task_113_13	Bad Kitty	坏猫咪
task_114_1	Big Blue Oafs	大喷壶
task_114_2	Looking Good	看起来不错
task_114_3	L + Ratio	隐秘监视
task_114_4	Chummy	亲密
task_114_5	Independent Mischief	无团队的恶作剧
task_114_6	Heron Keys	海鹭群岛
task_114_7	Quest Time	探索时间
task_114_8	Clock-Talking	会说话的时钟
task_114_9	Nothing To Hide	无所遁形
task_114_10	Unlikely Allies	奇怪的盟友
task_114_11	Change of Heart	态度改变
task_114_12	The Show Goes On	表演继续
task_114_13	Rough Reputation	声誉扫地
task_114_14	Let's Play a Game	让我们玩一场游戏
task_114_15	Jim Baxter	吉姆·巴克斯特
task_115_1	Perfectly Safe	绝对安全
task_115_2	Loser	失败者
task_115_3	Derryville	德里维尔
task_115_4	Trusty Vessel	可信赖的老船
task_115_5	Risky Game	冒险游戏
task_115_6	Coming Home	回家
task_115_7	Vance's Big Secret	万斯的大秘密
task_115_8	Blasé Ball	棒球卡
task_115_9	Hermit Crab	含羞草
task_115_10	Northeast?	东北部？
task_115_11	Good Job, Genius	干得好，聪明人
task_115_12	Borealis	暴风雨
task_115_13	School Yard Boys	校园男孩
task_115_14	The Courier	快递员
task_115_15	Pretty Patrick	帅哥帕特里克
task_115_16	Bored Now	百无聊赖
task_116_1	Bizarre Love Triangle	离奇的三角恋
task_116_2	Sorta Treasure	宝藏
task_116_3	Yowza!	哇塞
task_116_4	Loyalty	忠实粉丝
task_116_5	The Shrine	神龛
task_116_6	The Altar	祭坛
task_116_7	Grave Mistake	严重的错误
task_116_8	Miss Mala Mishra	阿玛拉·米什拉老师
task_116_9	Good People	好人
task_116_10	Firewatch	火灾观察员
task_116_11	No Fires. Relatively.	暂时还没火烧眉毛
task_116_12	Grandma Lori	罗莉姥姥
task_116_13	Saul Secrets	索尔的秘密
task_116_14	The Favor	真相大白
rank_win_desc	Yipppee! You did it!	太棒啦！你做到了！
offer_2023_blackfriday	Black Friday Sale	黑色星期五促销
item_blackfri_re_ch_1_2_1_name	Value Chest	超值宝箱
item_blackfri_re_ch_1_3_1_name	Super Sale Chest	超级促销宝箱
item_blackfri_re_ch_spe_1_name	The Closeout Chest	清仓甩卖宝箱
character_intimacy_new_level	New Levels!	新等级！
character_intimacy_new_unlock	Unlocked!	已解锁！
character_intimacy_new_character	New Character!	新角色！
character_intimacy_sam_desc	Brimwave's favorite handyman, rock star and sandwich maker!	浪尾镇最受欢迎的勤杂工、摇滚明星和三明治制作者！
character_intimacy_profile_sam_job	Handyman & Assistant Cook	勤杂工、助理厨师
character_intimacy_profile_sam_relationship	Quinn's employee and friend	奎因的雇员和朋友
character_intimacy_profile_sam_like	Punk music and corny 80s movies	朋克、80年代老电影
character_intimacy_profile_sam_dislike	Big birds and collared shirts	大鸟、带领衬衫
character_intimacy_profile_sam_story	Sam Walters is a Brimwave native, but left the island to pursue something greater. After years of traveling and experiencing odd and exciting corners of the world, he returned home. Back on Brimwave, he made a living being a freelance handyman, proclaiming himself the 'Fairy Godfixer'. He eventually settled on working in Quinn’s restaurant, where he still dabbles in odd jobs and finds time to be a local rock star.	山姆·沃特斯是浪尾镇本地人，曾离开家乡去追寻一些更远大的目标。经过多年的旅行并经历了世界上种种奇怪而令人兴奋的角落之后，他回到了家乡。回到浪尾镇后，他以自由勤杂工为生，自称“修理大神”。最终他决定在奎因的餐厅工作。除了做一些勤杂工的工作外，他还抽出时间成为当地的摇滚明星。
character_intimacy_sam_idle_1	Oh, hey there! You need me to fix something?	噢，嗨，你好！有什么东西需要我修理吗？
character_intimacy_sam_idle_2	Hah! Wait till you hear this joke…	哈！你也来听听这个笑话……
character_intimacy_sam_idle_3	Hey! Sup bud, want to chill for a bit?	嘿！老兄，想放松一下吗？
character_intimacy_sam_idle_4	This day just got SO much better! Thanks coming over!	能见到你真高兴！感谢来访！
character_intimacy_sam_idle_5	I heard Painting, Schmainting is having a sale…	我听说旁边的五金店正在搞促销……
character_intimacy_sam_idle_6	Ugh, I'm craving the Crabby Bagel. Oh yeah…lox spread…	呃，我很想吃蟹肉贝果。没错……再撒上些熏鲑鱼……
character_intimacy_sam_hello_midnight_1	I wasn't expecting you this late. Down for a midnight hang?	没想到这么晚还能见到你。在午夜漫游吗？
character_intimacy_sam_hello_midnight_2	Ah, a fellow night owl. How's it going?	啊，一个夜猫子。有什么事吗？
character_intimacy_sam_hello_midnight_3	Since you're here, how about a late night snack?	既然来了，吃点夜宵怎么样？
character_intimacy_sam_hello_morning_1	Me and Buster are going on a walk! Wanna come?	我正要和巴斯特去散步！要一起吗？
character_intimacy_sam_hello_morning_2	Just in time! I was about to make pancakes.	真巧！我正准备做煎饼咧。
character_intimacy_sam_hello_morning_3	Hey, good morning! Go kick some butt today!	嗨，早上好！准备大干一场吧！
character_intimacy_sam_hello_afternoon_1	Oh yeah! It's lunch time, let me whip up a sandwich for you.	哦耶！午餐时间到了，我给你做个三明治吧。
character_intimacy_sam_hello_afternoon_2	Time for a break. I could go for an afternoon pick-me-up.	是时候休息一下了。我可以来一杯下午茶。
character_intimacy_sam_hello_afternoon_3	You know what would be nice? A nice nap on the beach.	你知道最惬意的事是什么吗？躺在沙滩上小睡一会儿。
character_intimacy_sam_hello_evening_1	Ugh, man – I'm starving. What's for dinner?	呃，伙计——我要饿死了。晚上吃什么？
character_intimacy_sam_hello_evening_2	What a day! Time for a well-deserved chill sesh.	真是忙碌的一天！是时候好好放松一下了。
character_intimacy_sam_hello_evening_3	I was going to catch a show later. Want to come?	我打算稍后去看一场演出。要一起吗？
character_intimacy_sam_hello_night_1	Fancy meeting you here. How was your day?	很高兴在这里见到你。你今天过得怎么样？
character_intimacy_sam_hello_night_2	Hey, perfect timing! I just finished dinner.	嘿，你来得真巧！我刚吃完晚饭。
character_intimacy_sam_hello_night_3	How about a little night cap? I'll grab a couple of glasses.	来喝几杯怎么样？我去拿几个杯子来。
character_intimacy_sam_gift_1	Wow, thanks! I wasn't expecting a surprise.	哇，谢谢！我没想到会有礼物。
character_intimacy_sam_gift_2	I've been meaning to pick one of these up.	我一直都想要这个呢！
character_intimacy_sam_gift_3	Oh, what!? Thanks! I love getting random gifts!	啊，什么！？谢谢！我喜欢收到礼物！
character_intimacy_sam_gift_4	Sweet, a little gift to jazz up the day.	甜蜜的小礼物，让这一天充满活力。
character_intimacy_sam_gift_5	This deserves a hug! C'mon, bring it in!	真想给你一个大大的拥抱！
character_intimacy_sam_gift_6	A visit AND a gift? You're the best!	带着礼物来看我？你这人最好了！
character_intimacy_sam_gift_special_1	How did you know!? My last watch broke!	你怎么知道的！？我的手表刚刚坏掉！
character_intimacy_sam_gift_special_2	What are you, psychic? This is EXACTLY what I wanted!	你能读懂我的心思？这正是我想要的！
character_intimacy_sam_gift_special_3	This was on my wishlist for AGES! Thanks so much!	它在我的愿望清单上躺了好久了！非常感谢！
character_intimacy_sam_gift_special_4	Holy smokes! Is it my birthday!? Thanks, bud!	我天！今天是我的生日吗！？谢谢你，伙计！
character_intimacy_sam_gift_special_5	I can't believe you remembered! I've needed this for a while!	真不敢相信你还记得！我想要这个很久了！
character_intimacy_sam_level_up_1	Buster gave you the sniff of approval! 	巴斯特也对你表示认可！
character_intimacy_sam_level_up_2	You feel that!? That's the start of a beautful friendship!	你有感觉到吗！？这正是一段美好友谊的开始！
character_intimacy_sam_level_up_3	We should DEFINITELY get matching temporary tattoos!	我们真的应该一起出去喝两杯！
character_intimacy_sam_level_up_4	Look at this chemistry between us! We should jam sometime!	看看我们之间的化学反应！我们应该找个时间庆祝一下！
character_intimacy_sam_level_up_5	Ah man, look at us. I'm thinking we should start a band.	啊伙计，看看我们。我想我们应该组建一支乐队。
character_story_sam_1a_name	Kitchen Court I	厨房法庭（一）
character_story_sam_1a_scene	Quinn's Restaurant	奎因的餐厅
character_story_sam_1a_intro	Before Quinn and Colton's divorce, Sam often had to defuse arguments.	在奎因和科尔顿离婚之前，山姆得经常调节他们的纷争。
character_story_sam_1b_name	Kitchen Court II	厨房法庭（二）
character_story_sam_1b_scene	Quinn's Restaurant	奎因的餐厅
character_story_sam_1b_intro	Sam’s Court is in full swing. Who will win the case? 	山姆法庭正在火热进行中。谁会赢得官司？
character_story_sam_2a_name	Sam's Odyssey I	山姆的奥德赛（一）
character_story_sam_2a_scene	Sam's Workshop	山姆的工作室
character_story_sam_2a_intro	After finishing up some work, Harrison asks Sam about his peculiar past…	完成一些工作后，哈里森询问山姆过去的经历……
character_story_sam_2b_name	Sam's Odyssey II	山姆的奥德赛（二）
character_story_sam_2b_scene	Sam's Workshop	山姆的工作室
character_story_sam_2b_intro	Sam begins his tale of life in the big city...	山姆开始讲述他在大城市生活的故事……
character_story_sam_2c_name	Sam's Odyssey III	山姆的奥德赛（三）
character_story_sam_2c_scene	Sam's Workshop	山姆的工作室
character_story_sam_2c_intro	Harrison finds out what Sam did at Oakey Dokey Ranch...	哈里森倾听山姆在奥基多基牧场的经历……
character_story_sam_3a_name	The Meet Cute I	可爱邂逅（一）
character_story_sam_3a_scene	Olga's Café	奥尔加的咖啡馆
character_story_sam_3a_intro	Shortly after they first met, Sam bumps into a familiar face…	在第一次见面后不久，山姆又遇到了这张熟悉的面孔……
character_story_sam_3b_name	The Meet Cute II	可爱邂逅（二）
character_story_sam_3b_scene	Olga's Café	奥尔加的咖啡馆
character_story_sam_3b_intro	With the ice broken, Sam tries to learn a little more about Mark.	逐渐熟悉后，山姆试图更多地了解马克……
character_sam_moment_3_name	The Coffee Criminal	咖啡邂逅
character_sam_moment_3_desc	Sam's morning trip to Olga's Café ends with a cute run-in with the law.	清晨的奥尔加咖啡馆，山姆遇到了一张熟悉的面孔。
character_sam_moment_2_name	The Bumbling Beekeeper	菜鸟养蜂人
character_sam_moment_2_desc	One of Sam's odd jobs during his travels.	山姆在旅行期间做过的众多奇奇怪怪的工作之一。
character_sam_moment_1_name	Order in the Kitchen!	厨房秩序
character_sam_moment_1_desc	Sam holds kitchen court to settle an old debate.	山姆在厨房主持法庭以解决一场古老的争论。
sam_intimacy_return_gift_title	Sam's Tool Box	山姆的工具箱
sam_intimacy_return_gift_desc	Sam can fix anything with his trusty tool box... Gifts get better with a higher relationship level!	能够帮助山姆修复一切的神奇箱子……好感度等级越高，礼物也会越好。
item_gift_sam_1_name	Sam's Tool Box	山姆的工具箱
item_gift_sam_1_desc	Sam can fix anything with his trusty tool box.	能够帮助山姆修复一切的神奇箱子。
thanksgiving_rank_subtitle	Earn event tokens to climb up the ranks and get zesty rewards!	赚取活动积分提升排名，并获得丰厚奖励!
rank_info_3	Get savory rewards!	获得丰厚奖励!
rank_start_desc_2	Event started	活动已开启
rank_start_btn	Great! 	太棒了!
rank_count_btn	Okay	确定
rank_fail_desc	Oh no, it's okay. You can try again next time.	哦不，没关系。你可以在下个竞赛中再次尝试获得更好的名次。
rankmd_tutorial_5	Now I'll show you how to get event points.	现在我来教你如何获得活动积分。
rankmd_tutorial_1	Wow! Look a new contest! Let's see what it is!	哇哦！一个新的竞赛！让我们看看是什么！
rankmd_tutorial_2	Collect these event tokens to get a higher rank! Then you can get cool prizes!	收集这些活动代币来获得更高排名，以赢取豪华奖励！
rankmd_tutorial_4	Collect at least {0} tokens to join the contest!	至少获得{0}代币后才能加入竞赛！
rankmd_tutorial_6	During the event, complete any customers orders to earn event points.	活动期间，完成任意顾客订单都可以获得活动代币。
rankmd_tutorial_7	You can check your rank and tokens here.	你可以从这里查看你的活动排名和代币数量。
rank_win_btn	Claim	领取
value_new_tag	<size=50>{0}%\n </size><size=35>VALUE</size>	<size=50>{0}%\n </size><size=35>价值</size>
XmasSearch_gift_title	Santa's \nGrab Bag	小雪人\n惊喜礼包
XmasSearch_gift_desc_1	You can only choose one bundle!	挑一个你最喜欢的吧！
buy_all_btn	Buy all! {0}% OFF	全都要！{0}%折扣
inventory_guide_1	Oh no! It looks like the board is full.  Don't worry – we can keep this item in the inventory.	看起来你的棋盘已经满了，别担心，你可以把一部分物品放到仓库
inventory_guide_2	It's easy! Just press and hold the item and drag it into the inventory!	操作很简单！点击并拖动物品到仓库上！
inventory_guide_3	Tap the inventory icon to see the items inside!	点击仓库的入口，你就可以看的里面储存的物品了！
inventory_guide_4	Tap the item to put it back on the board!	点击这个物品，就把它放回棋盘了
battlepass_title_end	The season ended!	赛季已结束
battlepass_title_start	New Season Ready!	新赛季开始!
offer_2023_winter_1	Jolly Wishes Pack	快乐祝福礼包
offer_2023_winter_2	Holiday Yeti Pack	假日雪人礼包
offer_2023_winter_3	Sleigh Ride Pack	雪橇冲冲礼包
item_winter_re_ch_1_1_1_name	Holiday Gift Box	节日礼物盒
item_winter_re_ch_1_4_1_name	Frosty Treasure Chest	冰雪宝箱
item_winter_re_ch_1_2_1_name	Stocking Surprise 	惊喜袜袜
item_winter_re_ch_spe_1_name	Jingle Bells Chest	叮当宝箱
item_winter_re_ch_1_3_1_name	Santa's Deluxe Chest	圣诞老人豪华箱
buff_reward_coin_get_title	The Coin Booster Perk	金币雨助力
buff_reward_coin_get_desc	<color=#ff9fec>Earn double coin</color> when you complete orders before the timer ends!	倒计时结束前完成的订单可<color=#ff9fec>赚取双倍金币！</color>
buff_reward_motheritem_cd_get_title	The Recharger Perk	充能助力
buff_reward_motheritem_cd_get_desc	<color=#69f3ff> Recharge time is cut</color>, while perk is active!	充能助力生效期间，<color=#69f3ff>充能时间被移除！</color>
buff_reward_motheritem_cd_title	The Cooldown Perk	冷却助力
buff_reward_motheritem_cd_desc	All generators that use energy have<color=#69f3ff> zero recharge time!</color>	所有消耗能量的母体棋子的<color=#69f3ff>充能时间为零！</color>
lvlup_gift_title	Level<size=90> {0}</size> Supersaver 	 {0} 级超值礼包
once_tag	One time	仅限一次
daily_task_title_amala	Getaway Challenge	竞速挑战
daily_task_title_coconut	Snacktime Quest	零食挑战
daily_task_title_dominic	Botanical Trials	园艺挑战
daily_task_title_harrison	Angler's Quest	渔夫挑战
daily_task_title_lori	Trickster Trials	秘闻挑战
daily_task_title_norman	Lookout Challenge	探秘挑战
daily_task_title_sam	Fixer Challenge	修理大师挑战
daily_task_title_samband	Rockstar Trials	摇滚挑战
daily_task_title_ziva	Superstar Trials	巨星挑战
hammer_notice	Not enough <sprite="icon_property" name="icon_hammer">\nCollect it on the main board!	<sprite="icon_property" name="icon_hammer">不足，\n快去主棋盘收集吧！
task_117_1	Sanctum	美轮美奂
task_117_2	Mojo	好运
task_117_3	Relevant Parties	相关势力
task_117_4	Down To Business	踏实工作
task_117_5	Desecration	亵渎历史
task_117_6	Blabber!	海湾扒一扒
task_117_7	Infatuation	迷恋
task_117_8	Reputation Ruined	名誉扫地
task_117_9	Damn Delicious Drama	新鲜大瓜
task_117_10	Heartfelt Missive	心绪繁杂
task_117_11	Every Word	一字一句
task_117_12	No Hunches	没有线索
task_117_13	Codewords	密码
task_118_1	This Wreckage	残骸
task_118_2	Seriously Unshakeable	不可动摇
task_118_3	New Strategy	新战略
task_118_4	Soup Debates	什么才算汤
task_118_5	Do Your Thing	做你该做的
task_118_6	Prince Charming	白马王子
task_118_7	Into Dust	化为尘土
task_118_8	Oblivions	遗忘
task_118_9	Dom Defender	多姆守护者
task_118_10	It's You	就是你
task_118_11	Legendary	哥只是传说
task_118_12	Burned Before	狠狠受伤过
task_118_13	Old Secrets	古老的秘密
task_119_1	Mojo Back	好运回归
task_119_2	Crowbar?	乌鸦嘴？
task_119_3	Detestable Nonsense	讨厌的胡言乱语
task_119_4	Dirty Dog	劲爆八卦
task_119_5	Nemeses	死对头
task_119_6	Dusty Party	战斗打响
task_119_7	Prissy Person	矫情的人
task_119_8	Reputations	名声
task_119_9	Infernal Sink	倒霉水槽
task_119_10	Overdue	过期了
task_119_11	Useless At Love	爱情无用论
task_119_12	Problem Science	问题处理大师
task_119_13	In Distress	陷入困境
task_119_14	Off Grid	杳无音信
task_119_15	The Power of Math	数学的力量
battlepass_title_last_chance	Last Chance	最后机会
monopoly_store_stage	Stage {0}	阶段{0}
monopoly_note_item_chaimed	This reward has already been claimed.	该奖励已被兑换。
monopoly_note_item_lock	Complete the previous stage to unlock this reward.	完成前一阶段即可解锁此奖励。
task_120_1	Brute Force	蛮力
task_120_2	Able Aide	能干的助手
task_120_3	No Crowbars!	没有乌鸦嘴!
task_120_4	Sudden Ego	突然的自负
task_120_5	The Last Time	最后一次
task_120_6	A Real Apology	真正的道歉
task_120_7	Peachy	粉红泡泡
task_120_8	Natural Disaster	自然灾害
task_120_9	Old Books	旧书
task_120_10	Gossip Trap	流言陷阱
task_120_11	No Secrets	没有秘密
task_120_12	The Home Front	着手眼前
task_120_13	Let Them Eat Cake	让他们吃蛋糕
task_120_14	Page One	第一页
task_121_1	Pager	BP机
task_121_2	Impenetrable	坚不可摧
task_121_3	No Home On Land	陆上无家
task_121_4	Legal Therapy	按摩师律师团
task_121_5	The Jester	小丑
task_121_6	Two Friends	两个朋友
task_121_7	Rat of the Hour	老鼠过街
task_121_8	Treading Water	搅局
task_121_9	Daddy's Firm	爹地撑腰
task_121_10	No Phones	禁止手机
task_121_11	Live a Little	活得随性
task_121_12	Ketchup Pasta Guy	番茄酱拌面男
task_121_13	Deal Breaker	分手的理由
task_121_14	Vita	维塔
task_122_1	Yuck!	恶心！
task_122_2	The Archivist	档案管理员
task_122_3	From 282-B	282-B表格
task_122_4	Soft Boy	豌豆王子
task_122_5	Incoming	姬瓦来袭
task_122_6	Posturing	表态
task_122_7	The Vance Experience	魅惑万斯
task_122_8	Unjust Laws	不公正的法律
task_122_9	Rebel	叛逆
task_122_10	When Pigs Fly	猪上树
task_122_11	No Records	没有记录
task_122_12	Overplayed	过时了
task_122_13	Special Unit	专业团队
chain_energy_title	Endless Energy	无尽体力
chain_energy_desc	Buy energy and unlock free rewards!	购买体力并解锁免费奖励！
chain_energy_locked_desc	Claim previous offer to unlock!	请先领取前面的商品！
chain_energy_ad_desc	Watch Ad to get {0} <sprite="icon_property" name="icon_energy">	观看广告来获得{0}<sprite="icon_property" name="icon_energy">
item_ice2024_re_ch_1_1_1_name	Snow-dusted Chest	落雪礼盒
item_ice2024_re_ch_1_2_1_name	Crystalline Chest	冰晶宝箱
item_ice2024_re_ch_1_3_1_name	Sprig Chest	萌芽宝箱
item_ice2024_re_ch_1_4_1_name	Frosty Chest	霜冻宝箱
item_ice2024_re_ch_spe_1_name	Winter Prize	冬日豪华箱
item_ny2024_re_ch_1_2_1_name	2024 Chest	2024宝箱
item_ny2024_re_ch_spe_1_name	2024 Prize Chest	2024豪华箱
offer_newyear_2024	New Year’s Treat	新年好礼
offer_ice_2024_1	Far North Treasures	北境宝藏
task_123_1	The Armorer	装备师
task_123_2	Rather Gauche	“高雅”品味
task_123_3	Technological Mystery	高科技谜题
task_123_4	A Nasty Saga	恶趣味都市传说
task_123_5	Ruiner	麻烦不断
task_123_6	Fab Fabio	游戏宅
task_123_7	Secrets	罗莉的秘密
task_123_8	Use Your Words	倾诉
task_123_9	Careful Work	精细活
task_123_10	Disaster Day	灾难般的一天
task_123_11	Reminder	一醉解千愁
task_123_12	Answers	追问
task_124_1	Half the Fun	好戏才刚刚开始
task_124_2	It's Complicated	一团乱麻
task_124_3	Very Complicated	三个人的电影
task_124_4	First Mate	大副
task_124_5	Dusty Old Tomes	业余侦探的回合
task_124_6	The Art of Napping	打盹的艺术
task_124_7	Beeper Lifestyle	不能没有BP机
task_124_8	Trapped in a Storm	风暴中心
task_124_9	Weird & Strange	怪脾气老头
task_124_10	No Exception	神秘的一家人
task_124_11	Big Distraction	丑闻暗流涌动
task_124_12	Playing Boats	我们去玩船
task_124_13	Lie by Omission	纸包不住火
task_124_14	Buried in the Bricks	墙壁里的秘密
task_125_1	Behind The Fireplace	被困壁炉
task_125_2	Another Mystery Box	又一个神秘箱子
task_125_3	The Lady	画中人
task_125_4	Long Story	说来话长
task_125_5	Infernal Blabberings	该死的扒一扒
task_125_6	Sit & Chill	我需要静静
task_125_7	Dirty Laundry	隐秘博主
task_125_8	Put Work Aside	不谈工作
task_125_9	Wayside	分道扬镳
task_125_10	Teaching Dreams	老师的梦想
task_125_11	A Little Unkind	出言不善
task_125_12	Bust-Up	小摩擦
task_125_13	Pretty Magical	秘密基地
task_125_14	Plans To Love	吃瓜吃到自己头上
task_126_1	Playing Dumb	装傻
task_126_2	Tinge of Relief	松一口气
task_126_3	Not A Trade	友谊千金难买
task_126_4	Joey	水豚乔伊
task_126_5	Juicy	劲爆秘闻
task_126_6	The Best Part	最精彩的部分
task_126_7	Be Careful	如履薄冰
task_126_8	We Were	旧事重提
task_126_9	Hijinks	胡闹庄园
task_126_10	The Jester	浪尾岛小丑
task_126_11	Leashed	头号嫌疑人
task_126_12	Above It All	众人皆睡我独醒
task_126_13	Whirlwind	一拍即合
task_126_14	Everything	无所不知
chest_open_hint	Tap to open	点击来打开
character_intimacy_mark_desc	A lonesome 'good cop', and one of Quinn's key allies.	一个孤独的“好警察”，也是奎因的重要盟友之一。
character_intimacy_profile_mark_job	Police Officer	警官
character_intimacy_profile_mark_relationship	Quinn's confidante, and a big fan of Sam.	奎因的好朋友，山姆的头号粉丝。
character_intimacy_profile_mark_like	Work, gardening, ambient music	工作、园艺、环境音乐
character_intimacy_profile_mark_dislike	Injustice, Gnomes, big cities	不公、地精、大城市
character_intimacy_profile_mark_story	Following in his father’s footsteps, Mark was fated to be a cop. Even during school, he was helping the weaker kids, and championing for justice during recess! Early on, Mark earned the reputation of being a workaholic, but when he's not wrapped up in his Bitter Gnomes investigation, he enjoys the quiet peace of a hike in nature…and his weekly lobster roll at Lori's Bistro.	追随着父亲的脚步，马克注定要成为一名警察。即使在学校期间，他也会帮助弱小的孩子，在课间休息时捍卫正义！马克很早就赢得了工作狂的名声，但当他没有沉浸在邪恶地精的调查中时，他喜欢在大自然中徒步旅行的宁静......以及每周在罗莉的餐厅吃的龙虾卷。
character_intimacy_mark_idle_1	Anything to report? No? Just a chat, then!	有什么要报告的吗？ 没有？ 那就随便聊聊吧！
character_intimacy_mark_idle_2	Hey! I just finished with my reports.	嘿！ 我刚刚写完我的报告。
character_intimacy_mark_idle_3	Oh! Is my shift over? No…wait, I finished an hour ago.	哦！ 该下班了吗？ 等等……一个小时前就该下班了。
character_intimacy_mark_idle_4	Give me a second— Oh, it's you!	请稍等一下——噢，是你呀！
character_intimacy_mark_idle_5	Say hi to Sam for me.	请代我向山姆问好。
character_intimacy_mark_idle_6	I finish on time today! Exciting.	今天的工作按时完成了！真开心。
character_intimacy_mark_hello_midnight_1	You're out late. Everything okay?	这么晚还出来。 一切都好吗？
character_intimacy_mark_hello_midnight_2	Pulling an all-nighter? I know the feeling.	在熬夜吗？ 我很清楚这感受。
character_intimacy_mark_hello_midnight_3	I've got my eye on you.	我已经盯上你了哦。
character_intimacy_mark_hello_morning_1	Don't you just love mornings?	你也很喜欢早晨吧？
character_intimacy_mark_hello_morning_2	Hey! Ready to face the day?	嘿！ 准备好开始新的一天了吗？
character_intimacy_mark_hello_morning_3	You've had your coffee, right?	你已经喝过咖啡了，对吧？
character_intimacy_mark_hello_afternoon_1	Afternoon.	下午好。
character_intimacy_mark_hello_afternoon_2	It's hot out today. Stay safe.	今天外面很热。 注意防暑。
character_intimacy_mark_hello_afternoon_3	I'll be glad when this day is over.	结束忙碌的一天是一件开心的事。
character_intimacy_mark_hello_evening_1	Whoa. Is that the time? I lost track.	喔，已经这个时候了吗？ 我都没注意到。
character_intimacy_mark_hello_evening_2	Hey, stay out of trouble tonight!	嘿，晚上可别出去惹麻烦！
character_intimacy_mark_hello_evening_3	Evening.	晚上好。
character_intimacy_mark_hello_night_1	Nice night for it. Whatever it is.	真是美好的夜晚。 做什么都好。
character_intimacy_mark_hello_night_2	Did you finish work late too?	你也下班很晚吗？
character_intimacy_mark_hello_night_3	No rest for the wicked.	坏人在蠢蠢欲动。
character_intimacy_mark_gift_1	I really shouldn't accept bribes…but thanks!	我真的不应该接受礼物……不过谢谢你！
character_intimacy_mark_gift_2	Wow! Thanks. I didn't expect that.	哇！ 谢谢。 我没想到会有礼物。
character_intimacy_mark_gift_3	For me? You shouldn't have. No, really.	给我的？ 你没必要这样做。 真的。
character_intimacy_mark_gift_4	You're too kind.	你太客气了。
character_intimacy_mark_gift_5	Oh! We're THAT kind of friends.	哦！ 我们就是这种朋友关系呀。
character_intimacy_mark_gift_6	I should get you something too!	我也应该给你送点东西！
character_intimacy_mark_gift_special_1	How did you know? Did Sam tell you?	你怎么知道的？ 山姆跟你说的？
character_intimacy_mark_gift_special_2	Oh, I love these! Thanks.	噢，我喜欢这些！ 谢谢。
character_intimacy_mark_gift_special_3	Thanks so much! This is great.	非常感谢！ 很棒的礼物。
character_intimacy_mark_gift_special_4	Don't tell the chief…but thank you!	别让警长知道……不过谢谢你！
character_intimacy_mark_gift_special_5	Amazing! I can't get enough of these.	太棒了！ 我就喜欢这些。
character_intimacy_mark_level_up_1	Looks like we just got a promotion!	看来我们的关系刚刚升职了！
character_intimacy_mark_level_up_2	I'm glad we get to hang out.	改天我们能一起出去玩的话我会很高兴。
character_intimacy_mark_level_up_3	Oh! We're friends! Amazing.	哦！ 我们是好朋友！ 这太好了。
character_intimacy_mark_level_up_4	I really appreciate spending time with you.	真的很感激有你的陪伴。
character_intimacy_mark_level_up_5	Want to come out with me and Sam later?	稍后想跟我和山姆一起出去吗？
character_intimacy_mark_gift_ready_1	Oh hey, I thought you might come by. Here you go…	嗨，我就知道你会过来。 这是给你的……
character_intimacy_mark_gift_ready_2	Now we're even.	现在我们扯平了。
character_intimacy_mark_gift_ready_3	For our new Junior Detective!	献给我们的新晋初级侦探！
character_intimacy_mark_gift_opened_1	You like it? I wasn't too sure…	你喜欢吗？ 我不是很确定……
character_intimacy_mark_gift_opened_2	Glad you like it! Now, no more bribes!	很高兴你喜欢它！现在起不要再送礼了哦！
character_intimacy_mark_gift_opened_3	Welcome to the squad, just don't tell Quinn…	欢迎加入小队，只是别告诉奎因哦……
character_story_mark_1a_name	A Very Fine Man I	一个优秀的人（一）
character_story_mark_1a_scene	Lori's Bistro	罗莉的小酒馆
character_story_mark_1a_intro	Mark visits, just before closing time, to try and relax…	马克在关门前来访，想要放松一下……
character_story_mark_1b_name	A Very Fine Man II	一个优秀的人（二）
character_story_mark_1b_scene	Lori's Bistro	罗莉的小酒馆
character_story_mark_1b_intro	Memories of Mark's father, Officer JB Yeun, resurface…	有关马克父亲的记忆重新浮现……
character_story_mark_1c_name	A Very Fine Man III	一个优秀的人（三）
character_story_mark_1c_scene	Lori's Bistro	罗莉的小酒馆
character_story_mark_1c_intro	Mark recalls his family's font of strength…	马克回忆起了他家庭的力量之泉……
character_story_mark_2a_name	Fish Out Of Water I	钓鱼（一）
character_story_mark_2a_scene	Brimwave Docks	浪尾岛码头
character_story_mark_2a_intro	Mark visits Lloyd's store for unusual advice…	马克来到劳埃德的商店寻求一些不寻常的建议……
character_story_mark_2b_name	Fish Out Of Water II	钓鱼（二）
character_story_mark_2b_scene	Brimwave Docks	浪尾岛码头
character_story_mark_2b_intro	Harrison leads Mark over to the end of the dock…	哈里森领着马克来到码头的尽头……
character_story_mark_3a_name	The Visitor I	访客（一）
character_story_mark_3a_scene	Brimwave Police Station	浪尾镇警察局
character_story_mark_3a_intro	Mark is sent to deal with a troublesome visitor…	马克被派去处理一位麻烦的访客……
character_story_mark_3b_name	The Visitor II	访客（二）
character_story_mark_3b_scene	Brimwave Police Station	浪尾镇警察局
character_story_mark_3b_intro	Norman tries to guess at who the visitor is…	诺曼在猜测这位重要的来访者是谁……
character_story_mark_3c_name	The Visitor III	访客（三）
character_story_mark_3c_scene	Brimwave Police Station	浪尾镇警察局
character_story_mark_3c_intro	Time is ticking before the Mayor visits…	时间一分一秒地过去了，市长即将来访……
character_mark_moment_1_name	Family Portrait	全家福
character_mark_moment_1_desc	Mark didn't have long with both his parents, but they forged a strong bond.	马克与父母相处的时间并不长，但他们之间的情感却非常深厚。
character_mark_moment_2_name	The Big Fish	大鱼
character_mark_moment_2_desc	Mark celebrates his success – and the start of a new hobby.	马克在庆祝他的成功——以及一项新爱好的开始。
character_mark_moment_3_name	The Extra Mile	不遗余力
character_mark_moment_3_desc	To help out Brimwave citizens, Mark will always go the extra mile.	为了帮助浪尾镇的居民，马克总是会不遗余力的对待每一个案件。
mark_intimacy_return_gift_title	Mark’s Botanical Gift Box 	马克的园艺盒
mark_intimacy_return_gift_desc	A green wooden box, holding seeds and other surprises… Tap to open. Gifts get better with a higher relationship level!	一个绿色的木盒，里面装着种子和其它惊喜。点击来打开。好感度等级越高，礼物也会越好。
lunarSearch_gift_title	Festival Pack	贺岁礼包
lunarSearch_gift_desc_1	You can only choose one bundle!	挑一个你最喜欢的吧！
task_127_1	Betrayal!	叛徒！
task_127_2	Unusual Records	查无此人
task_127_3	Quite the Puzzle	谜团重重
task_127_4	Came Back Haunted	索尔的黑历史
task_127_5	Blabbered	惨遭扒一扒
task_127_6	A Little Chaos	混乱邪恶乐子人
task_127_7	Biggest Mystery Yet	天机不可泄露
task_127_8	Something Lost	为你而写的歌
task_127_9	Already Won	乐子人得逞
task_127_10	Simple, Not Easy	轻描淡写
task_127_11	Pretending	女扮男装
task_127_12	A New Theory	关于鸟眼的新猜想
task_127_13	Lonely Hearts	心碎俱乐部
task_127_14	Hacker	黑客的小把戏
task_128_1	Deus Ex	场外援助
task_128_2	Sensitive Items	麻烦的快递
task_128_3	Thin Ice	差不多得了
task_128_4	Okay	山姆的保证
task_128_5	Cherry On Top	动脑筋时间到
task_128_6	Too Scary	最后的幸存者
task_128_7	The Woodsman	烂木匠
task_128_8	Wretched States	两败俱伤
task_128_9	Concerned Citizen	浪尾岛热心群众
task_128_10	Hot Seat	夺命连环拷问
task_128_11	Bloody Blabber	可恨的扒一扒
task_128_12	Hangover Cure	酒醒时分
task_128_13	Playing Games	坦白从宽
task_128_14	Bad Case	陷入僵局
task_128_15	No Way	抗拒从严
task_129_1	Marbles Lost	强心剂
task_129_2	Firm Invitation	无法拒绝的邀请
task_129_3	Treat Her Right	冤假错案
task_129_4	Against The World	孤立无援
task_129_5	Warpath	气炸了
task_129_6	Direct Action	硬碰硬
task_129_7	Shambles	场面一度十分混乱
task_129_8	Fireworks	黑客炫技
task_129_9	The Laptop	电脑失窃
task_129_10	An Edge	敌蜜的助攻
task_129_11	Musketeer Drama	塑料姐妹花
task_129_12	Role Model	大家的榜样
task_129_13	Morningstar	天降密码
task_129_14	Changing Luck	时来运转
task_129_15	The Gnome	疑似地精
offer_ice_2024_2	Explorer’s Pack	探险家礼包
task_130_1	The Scheme	舞台剧计划
task_130_2	The Peacemakers	和事佬
task_130_3	Setting the Stage	完美的舞台
task_130_4	Over the Moon	月亮先生的提议
task_130_5	An Old Reminder	睹物思人
task_130_6	Cast and Crew	草台班子
task_130_7	Delayed Arrival	虽迟但到
task_130_8	The Bigger Picture	当局者迷
task_130_9	Bold Claims	富贵险中求
task_130_10	Like the Ocean	做人要像大海一样
task_130_11	The Works	成功细中取
task_130_12	Surprise Guest	神秘嘉宾
task_130_13	The Mediator	调停者
task_130_14	The Script	大胆的选角
task_130_15	Life's a Stage	戏如人生
task_131_1	Waiting for a Train	无望的等待
task_131_2	Hush-Hush	隔墙有耳
task_131_3	Homework Mayhem	奥利维亚的难题
task_131_4	For Science!	罐装火山
task_131_5	Firefly	姥爷的小萤火虫
task_131_6	One Wish	多想回到从前
task_131_7	Striking Similarities	惊人的相似
task_131_8	A New Role	成长型角色
task_131_9	Getting into Character	入戏
task_131_10	Lava Lamp	熔岩灯
task_131_11	Lights, Camera...	最佳导演
task_131_12	Off the Script	出戏
task_131_13	Just Like That	不欢而散
task_131_14	Pinky Promise	拉钩发誓
task_132_1	Good Riddance	断舍离
task_132_2	Blabber Blues	扒一扒后遗症
task_132_3	In the Gutter	知根知底
task_132_4	Love Polygon	多角恋
task_132_5	Must Go On	排练还要继续
task_132_6	The Jilted	大型失恋现场
task_132_7	Your Move	你的选择是？
task_132_8	LARP	剧本杀
task_132_9	Authentic Garb	力求还原真实
task_132_10	Cat and Mouse	猫鼠游戏
task_132_11	New Business	陪朋友比较重要
task_132_12	The Cousins	姐妹情深
task_132_13	Empty Promises	解开心结
task_132_14	Great Success	初步和好
task_132_15	Not Your Line...	计划外事件
task_132_16	Unscripted End	未完待续
album_reward_desc	Collect all the card sets to earn:	集齐全部卡组即可获得：
album_finish_title	Album Completed	卡册收集完成
album_set_reward_desc	Collect all cards to earn:	集齐卡牌获得：
album_set_finish_title	Set Completed	卡组收集完成
album_set_congrats	<color=#fffdd2><size=100>Good Job!</size></color> \nYou finished this set!	 <color=#fffdd2><size=100>做的不错!</size></color> \n你已集齐本卡组!
album_next_round_rwd	Next Album Completion Rewards	下一轮的奖励
album_reward_collect_desc	Rewards	你的奖励
album_reward_collect_btn	Claim	领取
album_congrats	<color=#fffdd2><size=100>Congratulations!</size></color> \nYou finished this album!	 <color=#fffdd2><size=100>太棒了!</size></color> \n你已完成卡册收集!
album_card_preview	Merge to unlock cards as you play!	游玩我们的游戏有机会\n获得卡牌!
album_tutorial_1_1	Earn card packs by playing.	通过游戏获得卡包
album_tutorial_1_2	Open packs to reveal cards.	开卡包抽取卡牌
album_tutorial_1_3	Collect all the cards in a set.	收集卡组内的全部卡牌
album_tutorial_1_4	Get great rewards!	领取大奖！
album_pre_btn	OK	期待
album_ready_desc	Ready to start collecting?	准备开启收集之旅？
album_ready_button	Ready!	出发!
album_end_desc	This Card Collection event is over! Stay tuned for the next one!	卡牌收集活动已结束，敬请期待下次活动！
album_end_button	Close	好的
album_pack_open_hint	Tap to open	点击打开
album_pack_bubble_desc1	Contains:	包含:
album_pack_bubble_desc2	Includes at least one card with the following rating:	至少包含1张此等级的卡：
album_pack_detail_title	Pack Information	卡包信息
album_pack_detail_desc	Tap the button to learn more about card pack probability information.	点击按钮前往了解卡包的详细信息
album_pack_detail_btn	Go	前往
album_guide1_1	Remember the joy of collecting things as a kid...Let's start a card collection! It'll be fun! Tap here to view the album!	还记得小时候收集各种小玩意儿的快乐吗？我们一起收集卡片吧！会很有趣的！点击此处查看相册！
album_guide1_2	Hey! You can check your progress here! And when you finish the album, you'll get some great prizes!	看这里！这是你的收集进度。收集完成相册所有的卡片后，你会获得丰厚的奖励！
album_guide1_3	You can tap here to learn more about the event!	想了解更多活动信息就点开这里！
album_card_new_tag	New	新
tap_to_close	Tap Here To Close	点击这里关闭
timed_order_raccoon_title	Raccoon Rascals!	浣熊出没!
timed_order_raccoon_desc	Finish orders for the rascally raccoons and earn rewards!	完成浣熊兄弟的订单并获得奖励！
timed_order_appear_btn	Let's Go!	开始吧!
jack_start_btn	Go to kitchen	去厨房
tutorial_scissor_merge_1	Oh, look! You have 2 pairs of Scissors now!	看，你现在有两把剪刀了！
tutorial_scissor_merge_2	You know what? You can merge and stack them together!	你猜怎么着，你可以将它们合并成一把剪刀。
tutorial_scissor_merge_3	See! They've merged into one big pair of Scissors!	我说的没错吧？现在它们合二为一了！
tutorial_scissor_merge_4	And don't worry! Since they're stacked, you can use the big Scissors multiple times!	不用担心，合并后的剪刀使用次数也增加了哦！
album_pack_guide_title	Pack Information	卡包信息
card_collect_hint	Tap to Collect	点击收集
offer_springfes_2024_1	The Dragon's Tribute	龙年礼包
offer_springfes_2024_2	Chest of Prosperity	豪华新年礼包
item_springfes2024_re_ch_1_1_1_name	New Year Box	新年礼盒
item_springfes2024_re_ch_1_2_1_name	Lucky Bag	幸运红包
item_springfes2024_re_ch_1_3_1_name	Fireworks Chest	烟花宝箱
item_springfes2024_re_ch_1_4_1_name	Dragon Chest	巨龙宝箱
item_springfes2024_re_ch_spe_1_name	Chest of Prosperity	繁荣宝箱
album_end_desc2	Event over!	活动已结束
item_jack_cjar_1_name	Candy Jar	糖果瓶
item_jack_cjar_2_name	Sweets Display	糖果罐
item_jack_cjar_3_name	Candy Machine	糖果机
item_jack_cdy_1_name	Jelly Bean	果冻豆
item_jack_cdy_2_name	Gum Drop	软糖
item_jack_cdy_3_name	Peppermint Candy	薄荷糖
item_jack_cdy_4_name	Wrapped Sweet	包装糖果
item_jack_cdy_5_name	Candied Watermelon	西瓜软糖
item_jack_cdy_6_name	Sweet Gummy Bear	小熊软糖
item_jack_cdy_7_name	Lil Lolly	棒棒糖
item_jack_cdy_8_name	Marshmellow Twist	棉花糖
item_jack_cdy_9_name	Lollipop Swirl	彩虹棒棒糖
item_jack_chco_1_name	Coco Bean	可可豆
item_jack_chco_2_name	Chocolate Piece	巧克力
item_jack_chco_3_name	Chocolate Piece	巧克力
item_jack_chco_4_name	Yummy Bonbon	精致巧克力
item_jack_chco_5_name	Fudgy Heart	爱心巧克力
item_jack_chco_6_name	Chocolate Bunny	巧克力兔子
item_jack_w_gift_1_name	Simple Gift	简单礼物
item_jack_w_gift_2_name	Pleasant Gift	愉悦礼物
item_jack_w_gift_3_name	Thoughtful Gift	贴心礼物
item_jack_wed_1_name	Pearl Ring	珍珠戒指
item_jack_wed_2_name	Wedding Earrings	婚礼耳环
item_jack_wed_3_name	Something Borrowed	祖传首饰
item_jack_wed_4_name	Down the Aisle	步上红毯
item_jack_wed_5_name	Something New	新的钱包
item_jack_wed_6_name	Something Blue	蓝色宝贝
item_jack_wed_7_name	Wedding Tiara	婚礼头冠
item_jack_wed_8_name	Organza Opulence	奢华的礼服
item_jack_wed_9_name	A Family Photo	全家福
item_jack_wed_10_name	Lovely Wedding Cake	婚礼蛋糕
item_jack_flw_1_name	A Single Rose	一朵玫瑰
item_jack_flw_2_name	Long Stemmed Roses	两朵玫瑰
item_jack_flw_3_name	Valentine Roses	情人节玫瑰
item_jack_flw_4_name	Heart of Roses	礼盒玫瑰
item_jack_flw_5_name	Picnic Roses	野餐玫瑰
item_jack_flw_6_name	Anniversary Roses	纪念日玫瑰
task_133_1	Getting the Charts	爱情选择题
task_133_2	Behind the Scenes	戏里戏外
task_133_3	Really, It's Okay	逞强
task_133_4	Pointing Fingers	指手画脚
task_133_5	Timid Old Lady	伊梅尔达火力全开
task_133_6	Another Time	下次再说
task_133_7	A Loud Bark	忍无可忍
task_133_8	Moral Slate	洁身自好
task_133_9	A Better Offer	马克的新提议
task_133_10	Next Steps	预判
task_133_11	A Casual Call	敌蜜来电
task_133_12	Left in the Dark	被留下的人
task_133_13	Silly Girl	心动不如行动
task_133_14	Celebrity Damage	圈外男友
task_133_15	Pleasantry Skip	寒暄还是免了
task_133_16	Absolutely Right	业余侦探出动
task_134_1	Dormant Volcano	暴风雨前的平静
task_134_2	Sworn to Secrecy	绝不泄密
task_134_3	What to Say…	难以启齿
task_134_4	What Now!?	什么情况？
task_134_5	An Old Triangle	你开心就好
task_134_6	First Impressions	演示开始
task_134_7	Cole's Pitch	科尔的高光时刻
task_134_8	Glowing Reviews	来自弗兰基的肯定
task_134_9	Smooth Sailing	好事多磨
task_134_10	A Game of  Cards	博弈
task_134_11	Sealing the Deal	成交
task_134_12	Under the Bus	信任危机
task_134_13	Concerned Citizen	好心办坏事
task_134_14	Getting Burned	当心引火烧身
task_134_15	The Bump	马克的心结
task_135_1	Canary Yellow	索菲娅发飙
task_135_2	Case Study	进度汇报
task_135_3	The Bright Side	办法总比问题多
task_135_4	Dirty Secrets	姬瓦的肮脏秘密
task_135_5	A Pathetic Pair	可悲二人组
task_135_6	Shoo, Fly	一根绳上的蚂蚱
task_135_7	Black Mail	加密文件夹
task_135_8	End of the Tunnel	走出舒适区
task_135_9	Abort! Abort!	快撤！
task_135_10	Troll Team	引蛇出洞
task_135_11	Man in the Chair	接头人
task_135_12	First Contact	喷子上钩
task_135_13	Same Side	是友非敌
task_135_14	Project Pause	项目暂停
task_135_15	Sword for Hire	流浪武士
privacy_setting_google_ad	Ad Authorization	广告服务授权
item_gift_mark_1_name	Mark’s Botanical Gift Box 	马克的园艺盒
item_valentine_re_ch_1_1_1_name	Winged Chest	蝴蝶结礼盒
item_valentine_re_ch_1_2_1_name	Heart Chest	爱心宝箱
item_valentine_re_ch_1_3_1_name	Winged Heart Box	飞翔之心礼盒
item_valentine_re_ch_1_4_1_name	Pink Bow Chest	蝴蝶结宝箱
item_valentine_re_ch_spe_1_name	Encrusted Chest	奢华宝箱
activity_mural_sum_reward_desc_left	Earn a total of <color=#fff12c><size=50>{0}</size></color>	完成活动一共可获得 <color=#fff12c><size=50>{0}</size></color>
activity_mural_sum_reward_desc_right	by completing the event!	奖励!
offer_ice_2024_4	Winter Explorer Bundle	冬日探险礼包
offer_ice_2024_5	Arctic Pals Bundles	北极伙伴礼包
order_buff_gold_title	Gold Rush!	淘金热!
order_buff_energy_title	Energy Mania!	能量狂欢!
order_buff_eventtoken_title	Event Points Plus!	积分狂欢!
order_buff_eventtoken2_title	Event Points Plus!	积分狂欢!
order_buff_eventtoken3_title	Event Points Plus!	积分狂欢!
order_buff_gift_title	Gifts Everywhere!	漫天礼物!
order_buff_gold_desc	Now when you complete orders, you will get extra Gold!	现在起当你完成订单时，你可以获得额外的金币！
order_buff_energy_desc	Now when you complete orders, you will get extra Energy!	现在起当你完成订单时，你可以获得额外的能量！
order_buff_eventtoken_desc	Now when you complete orders, you will get extra Event Points!	现在起当你完成订单时，你可以获得额外的活动积分！
order_buff_eventtoken2_desc	Now when you complete orders, you will get extra Event Points!	现在起当你完成订单时，你可以获得额外的活动积分！
order_buff_eventtoken3_desc	Now when you complete orders, you will get extra Event Points!	现在起当你完成订单时，你可以获得额外的活动积分！
order_buff_gift_desc	Now when you complete orders you will get extra Gifts! 	现在起当你完成订单时，你可以获得额外的好感度礼物！
mdnew_general_extend_add	+2 days	+2天
task_136_1	Back To It	伊梅尔达归队
task_136_2	The Whole Truth	内讧
task_136_3	Dirty Paws	一致对外
task_136_4	For Hire	内部推荐
task_136_5	Codenames	代号地精
task_136_6	White Lies	打马虎眼
task_136_7	Spotted	目标锁定
task_136_8	Station Goons	叛逆者
task_136_9	Trusted Lot	靠谱外援
task_136_10	I Need a Hero	逞英雄
task_136_11	Hidden Figures	隐秘画像
task_136_12	And Hidden Love	隐秘爱人
task_136_13	Beneath the Veil	幸福来敲门
task_136_14	The White Horse	灯下黑
task_136_15	Booby Trapped	中计
mdnew_endbuy_desc1	Get extra<color=#1c8ee6> 2 days</color> time and <color=#ff8c10> rewards</color>!	获得额外<color=#1c8ee6>2天活动时间</color>和<color=#ff8c10>奖励</color>!
task_137_1	No Sweat	渐入佳境
task_137_2	Crushing Hard	暗恋
task_137_3	Nosey Rosie	“局外人”
task_137_4	Alluring Charm	奎因的魅力时刻
task_137_5	Easy Accolades	弗兰基的认可
task_137_6	Namesakes	真名
task_137_7	Fine-Tooth	“铁齿铜牙”
task_137_8	Alias	化名
task_137_9	Second Try	单向沟通
task_137_10	Stopped Short	三个女人一台戏
task_137_11	Stunning Piece	稀世美画
task_137_12	Blackmail Me	勒索我
task_137_13	New Hire	试用期
task_137_14	Cuff Her Officer	气急败坏
task_137_15	No, Cuff Her!	急转直下
mdnew_final_reward_notice	Get the final reward when you exchange all of the decorations!	兑换所有装饰物即可获得最终奖励!
mdnew_endbuy_btn	Extend	延长
mdnew_end_prolong_desc	Chance to extend ends in:{0}	延长期限的机会剩余：{0}
task_138_1	Calling for Backup	求援
task_138_2	End of the Tunnel	就快熬出头了
task_138_3	Tension Tamer Tea	喝杯茶压压惊
task_138_4	Last Chance	临门一脚
task_138_5	The Bribe	幕后金主
task_138_6	In Shambles	焦头烂额
task_138_7	Work Talk	业余爱好
task_138_8	Here Comes Trouble	来势汹汹
task_138_9	Boxing Gloves	地精介入
task_138_10	Weeded Out	一走了之
task_138_11	Nearly There	功亏一篑
task_138_12	The Bold BBD	万无一失的办法
task_138_13	The New Sting	障眼法
task_138_14	Push to Pull	极限拉扯
task_138_15	Give and Take	奎因的请求
task_138_16	Keeping it Together	最佳听众
task_138_17	Junior Promotion	突击小队初级队员
task_139_1	Bait and Trap	糖衣炮弹
task_139_2	Share the Load	劳逸结合
task_139_3	Brutus	背叛者
task_139_4	Go Time	盐港镇突击行动
task_139_5	Junior SWAT	突击小队的新成员
task_139_6	Adrenaline Rush	好像打了鸡血
task_139_7	Operation Go	突击行动正式开始
task_139_8	Stacked Up	准备破门
task_139_9	Worrywarts	焦虑无用
task_139_10	Finders Keepers	意外收获
task_139_11	Missing Person	失踪的女人
task_139_12	For My Next Trick	喷子的回礼
task_139_13	Take It In	百感交集
task_139_14	The Reunion	大团圆结局
task_139_15	Playing Catch Up	前情提要
task_139_16	Comparing Notes	卡门的新发现
task_139_17	Crane	神秘人克雷恩
offer_alice	The Tweedle-deal	仙境叮当礼包
item_alice_re_ch_1_1_1_name	Card Deck Chest	扑克小盒
item_alice_re_ch_1_2_1_name	Tea Pot Chest	热热茶壶宝箱
item_alice_re_ch_1_3_1_name	Bowler Hat Chest	玫瑰礼帽宝箱
item_alice_re_ch_1_4_1_name	Red Queen's Chest	红心皇后宝箱
item_alice_re_ch_spe_1_name	White Rabbit's Chest	仙境兔兔宝箱
md_endbuy_desc1	Get two extra days to earn rewards!	获得额外2天活动时间和奖励!
md_endbuy_desc2	Chance to extend ends in:{0}	延长期限的机会剩余：{0}
md_endbuy_btn	Extend	延长
customer_center_tip1	If you encounter any problems, please describe in detail above and send us this email.	如果您遇到了任何问题，请您在上方详细描述并将此邮件发送给我们。
customer_center_tip2	-- Please do not delete the information below --	--请不要删除下方的信息--
oneplusngift_title	Special Offer	超值礼包
oneplusngift_des2	Buy 1 pack & get 2 FREE	买一组，送两组!
oneplusngift_des1	Buy 1 pack & get 1 FREE	买一组，送一组!
oneplusngift_popup	Claim an offer to unlock free rewards!	购买礼包以解锁免费奖励！
oneplusngift_free	FREE	免费
oneplusngift_claimed	Claimed	已领取
settings_vibration_on	Vibration is turned on.	震动已开启
settings_vibration_off	Vibration is turned off.	震动已关闭
task_140_1	First Order	首要任务
task_140_2	Better Yet...	谨慎行事
task_140_3	Dreamland	理想藏身地
task_140_4	Who or What?	“克雷恩”？
task_140_5	The Perfect Blend	天生一对
task_140_6	The Rundown	精疲力尽
task_140_7	Getting the Truth	残酷的真相
task_140_8	A Big Ask	女儿的请求
task_140_9	Sound Sammie	弗兰克的转变
task_140_10	Up to Speed	步调一致
task_140_11	Good Chives Only	宜人绿植
task_140_12	Chasing Shadows	追踪喷子
task_140_13	Gang's All Here	伙伴集合
task_140_14	A Good Bunch	完美团队
task_140_15	Police Business	警务问题
task_140_16	Heavier Hand	下狠手
task_141_1	Play It Cool	约会前夕
task_141_2	Key Info	重要线索
task_141_3	History Books	永远别回来
task_141_4	Solitaire	不愿再玩纸牌
task_141_5	Duck Mug	鸭子马克杯
task_141_6	Healing Brimwave	治愈浪尾岛
task_141_7	A Warning	上级的警告
task_141_8	In League	内鬼
task_141_9	Poolside Pain	愤怒与内疚
task_141_10	Careful Work	魔法药水
task_141_11	The Trail	断掉的线索
task_141_12	What's Coming	山雨欲来
task_141_13	Punishment	上级的惩罚
task_141_14	Precious Money	资金危机
task_141_15	Watton Wyrm	沃顿水怪
task_141_16	Dead Dodo	销声匿迹
item_patrick_re_ch_1_1_1_name	Charmed Chest	魅力宝箱
item_patrick_re_ch_1_2_1_name	Lucky Chest	幸运宝箱
item_patrick_re_ch_1_3_1_name	Luckier Chest	好运宝箱
item_patrick_re_ch_1_4_1_name	Luckiest Chest	运气宝箱
item_patrick_re_ch_spe_1_name	Paddy's Treasure	幸运四叶草宝箱
offer_easter	Easter Treats	复活节礼包
item_easter_re_ch_1_1_1_name	Easter Tray	彩蛋托盘
item_easter_re_ch_1_2_1_name	Easter Basket	彩蛋礼盒
item_easter_re_ch_1_3_1_name	Easter Hamper	彩蛋花篮
item_easter_re_ch_1_4_1_name	Easter Bundle	彩蛋兔花篮
item_easter_re_ch_spe_1_name	Easter Chest	彩蛋兔宝箱
mp_patrick_decoration_name_1	The Seventeenth Pint	余烬佳酿
mp_patrick_decoration_name_2	Shamrock Tractor	三叶草拖拉机
mp_patrick_decoration_name_3	Emerald Arches	翡翠拱门
mp_patrick_decoration_name_4	Clover Train	幸运专列
mp_patrick_decoration_name_5	Golden Hedges	闪闪金树篱
mp_patrick_decoration_name_6	Paddy’s Lucky Pot	帕迪的幸运锅
ar_avatar_patrick_name	Lucky Coconut	幸运小椰子
ar_avatar_patrick_desc	Coconut is ready to party with the local leprechauns!	小椰子已经准备好参与当地小妖精的聚会!
avatar_patrick_name	Lucky Coconut	幸运小椰子
cash_grab_desc	Tap as much cash as you can within the limited time!	在有限的时间内尽可能地点击钞票!
item_buffitemcd_name	The Cooldown Perk	冷却助力
task_142_1	The Working Date	工作约会
task_142_2	Busy Bees	大忙人
task_142_3	The Circumstances	说明近况
task_142_4	Intruders	突然出现的两人
task_142_5	Measuring a While	何时心动
task_142_6	Testing the Waters	试探心意
task_142_7	Past and Present	活在当下
task_142_8	Grandma's Cooking	童年的回忆
task_142_9	Passion Projects	万事通
task_142_10	The Cheer Squad	后盾
task_142_11	After School Club	学校社团
task_142_12	Guard On Duty	守卫者多米尼克
task_142_13	Gold Star	表彰小星星
task_142_14	Heavy Load	孩子
task_142_15	Freelance Gig	兼职设计师
task_142_16	With the Flow	随遇而安
task_143_1	It Finally Happened	姐妹八卦
task_143_2	A Good Day	靠谱奎因
task_143_3	Geodome	球顶天花板
task_143_4	Flower Power	园艺的魔力
task_143_5	The Assembly	三剑客重聚
task_143_6	The Debrief	约会复盘
task_143_7	Inside Story	关于细节
task_143_8	Tying the Knot	正式结缘
task_143_9	The Best Idea	索菲娅的好点子
task_143_10	With Flair	古典主义
task_143_11	Credit	谁的功劳
task_143_12	The Call	威胁电话
task_143_13	Time to Celebrate	庆祝官宣
task_143_14	The Warning	邪恶的警告
task_143_15	Fire, Fire!	起火
pack_common_1_name	Starter Pack	新手卡包
pack_common_2_name	Common Pack	普通卡包
pack_common_3_name	Uncommon Pack	罕见卡包
pack_common_4_name	Rare Pack	稀有卡包
pack_common_5_name	Epic Pack	史诗卡包
random_rewards_claim_desc	Tap to open	点击来打开
offer_easter_2024	Easter Treats	复活节礼包
offer_picnic	Primo Picnic Bundle	春日野餐礼包
item_picnic_re_ch_1_1_1_name	Sweet Tomato Box	多汁番茄盒
item_picnic_re_ch_1_2_1_name	Modest Picnic Chest	野趣野餐盒
item_picnic_re_ch_1_3_1_name	Fresh Veggies Chest	爽脆素食篮
item_picnic_re_ch_1_4_1_name	Grateful Grapes Chest	葡萄多多宝箱
item_picnic_re_ch_spe_1_name	Superb Picnic Chest	春日鲜花宝箱
activity_merge_start_desc	Event started!	活动开始！
activity_merge_pre_desc	Event starts in:	活动将开始于：
activity_merge_finish_desc	Event finished!	活动完成！
activity_merge_end_desc	Event ended!	活动结束！
activity_merge_end_text	Oh no, time's up – but you can still join the fun! Come back next time!	哦不，时间到了——但你仍然可以享受乐趣! 下次再来吧!
activity_merge_rule_title	Ways to Collect:	收集方法：
activity_merge_rule_merge	Merge items	合成物品
activity_merge_rule_order	Serve orders	完成订单
activity_merge_rule_bubble	Buy bubbles	购买泡泡
activity_merge_rule_shop	Buy items	购买棋子
check_in_total	Total Days	累计签到
activity_merge_sum_reward_desc_left	Earn a total of  <color=#fff12c><size=50>{0}</size></color>	完成活动一共可获得 <color=#fff12c><size=50>{0}</size></color>
activity_merge_sum_reward_desc_right	by completing the event!	奖励!
battlepass_superTicket	SUPER PASS	豪华通行证
battlepass_goldenTicket_desc_1	Unlock special prizes!	解锁精美奖励！
battlepass_superTicket_desc	Unlock special prizes!	解锁精美奖励！
battlepass_superTicket_tag	Best value!	推荐!
battlepass_superTicket_bene_1	Unlock Endless Rewards	解锁无尽积分奖励
battlepass_superTicket_bene_2	{0}% more points	任务积分\n增加{0}%
battlepass_itemActivated_super	Super Pass Unlocked!	豪华通行证已解锁!
battlepass_upgradeButton	Upgrade	升级
ultimate_reward_unlock_tip	Unlock Endless Rewards	无尽积分奖励已解锁
ultimate_reward_title	Endless Rewards	无尽积分奖励
ultimate_reward_desc	Activate the SUPER PASS to unlock Endless Rewards: once you complete all the levels above, you can keep earning points to get more rewards!	购买豪华通行证，即可解锁无尽积分奖励！完成以上全部积分档位，即可继续用积分领取此奖励！
ultimate_reward_desc_2	Once you complete all the levels above, you can keep earning points to get more rewards!	完成以上全部积分档位，即可继续用积分领取此奖励！
rate_contact_desc	If you have any suggestions or need help, you can CONTACT US anytime.	如果您有任何建议或遇到任何问题，可以随时联系我们
item_111_name	Double Lifetime Supply	双层豪华购物车
item_306_name	Nugget & Fries Combo	薯条鸡块组合
item_307_name	Family Bucket	全家桶
item_410_name	Double Espresso Machine	双杯浓缩咖啡机
item_411_name	Industrial Coffee Machine	工业咖啡机
item_606_name	Elegant Teapot	高雅茶壶
item_607_name	Exquisite Teapot	精致茶饮
item_711_name	Deluxe Seafood Tank	豪华海鲜柜
item_1010_name	Bountiful Orange Harvest	硕果累累橙树
item_1107_name	Deluxe Dream Cake	豪华梦幻蛋糕
item_1211_name	Poolside Storage Shed	大型泳池储物棚
item_1311_name	Dino Floatie	恐龙漂浮圈
generator_info_higher_hint	Generating chance will be increased.	该棋子的生成概率提高
generator_info_new_hint	New item will be generated.	可以生成新的棋子
recap_title_1_1	“The Incident” 	投毒事件 
recap_subtitle_1_1	Day 1 	第一天
recap_text_1_1_1	Hello, drama! Not too long ago, Brimwave’s favorite restaurateur, Quinn Castillo, found herself in a jar of pickles. Her troubles started with her ex-husband, Colton Everett, who apparently gambled all their money away! And then, after a peculiar food poisoning incident at Quinn’s restaurant, he turned up to try and win her back. Drama! 	真是场大戏！就在前不久，浪尾岛最受欢迎的餐厅大厨，也就是奎因·卡斯蒂略，发现她的生活突然变得一团糟。一开始，她的前夫科尔顿·埃弗雷特在赌博时把钱输得精光！紧接着，奎因的餐厅爆出了蹊跷的投毒丑闻，而这个男人竟然还有脸回来，并试图挽回他的前妻。多么精彩的大瓜啊！ 
recap_text_1_1_2	Luckily, Quinn’s friend Sam – the local handyman – was there to help fix up the ruined restaurant…at least until dashing police officer Mark Yeun showed up. Let’s just say Sam took an immediate interest! Mark came with bad news, though: Colton was the prime suspect in the food poisoning incident. 	幸运的是，奎因的朋友山姆是一名资深的本地工匠，这位慷慨的男士很乐意帮她重建一团糟的餐厅。当帅气潇洒的警官马克·元出现在餐厅时，山姆被他深深地迷住了。不过，马克警官却带来了一个坏消息：有许多证据指向了奎因的前夫科尔顿，他已经成为本次投毒案的头号嫌疑人。 
recap_text_1_1_3	Big shock! Quinn was stuck between a rock and a hard place, but kooky old Norman shed some light on the matter. Well, sort of. He shared some riddles about gnomes and unsolicited info about the Skunk Ape (Brimwave’s local cryptid), leaving Quinn with even more questions. 	唉，可怜的奎因完全陷入了进退两难的境地，不过古怪的老头诺曼给她带来了一丝希望（或许吧）。他对奎因透露了“地精”的秘密，又自顾自说起了浪尾岛上的神秘动物臭鼬猿，反而让奎因更加一头雾水了。 
recap_text_1_1_4	Colton turned to Quinn for help clearing his name, but Quinn’s biggest question remained: could she trust him?	科尔顿为了洗清罪名向奎因求助，但奎因纠结到了极点：她还能继续相信这个男人吗？ 
recap_title_1_2	“Hidden Little Secrets” 	隐蔽的秘密 
recap_subtitle_1_2	Days 2 – 4 	第二天~第四天
recap_text_1_2_1	Knock, knock…Quinn’s childhood friend, Harrison Taylor, came to deliver his handsome looks, as well as some fresh fish for the kitchen. 	谁在敲门？哦，是奎因儿时的好友，哈里森·泰勒。他是一名帅气硬朗的渔人，给奎因的餐厅后厨送来了刚打捞上来的鲜鱼。 
recap_text_1_2_2	Well-aware of Quinn’s nature, and of the predicament at the restaurant, he guessed Quinn’s grand master plan: she was going to start her own investigation, just like she did as a kid. 	作为从小一同长大的朋友，哈里森深知奎因的性情。结合目前餐厅的惨状，哈里森猜中了奎因的后续计划：她要开始自己调查了，毕竟这女孩从小就有当侦探的潜质。 
recap_text_1_2_3	Little Miss Popular had other visitors, though: old family friend Carmen Morello came by, as well as the award-winning bistro owner Lori Lynwood (have you tried her lobster rolls!?).  	绯闻缠身的奎因又迎来了一名访客，这位女士是奎因与她父母的邻居和老朋友。紧接着，知名小酒馆的主人罗莉·林伍德也来了（你吃过她家的龙虾卷吗，真是一绝！）。 
recap_text_1_2_4	Determined to leave no stone unturned, Quinn started to doubt those around her and put together a list of suspects. 	奎因决定找出案件所有细节，所以她罗列了一张嫌疑人清单，与她来往密切的人都在上面。 
recap_text_1_2_5	The next day, Quinn came across her first clue: a prescription bottle with a ruined label. OMG!!! Maybe that was what was used to poison the food…? 	第二天，奎因偶然发现了第一个线索：那是一张被撕掉标签的处方药。我的天！这不会就是污染食物的元凶吧……？ 
recap_text_1_2_6	But Norman came again with a sterner warning – he wasn’t joking about gnomes! He urged Quinn to beware of the bigger threat: a group called The Bitter Gnomes. Carmen eased Quinn’s worry, claiming that it was just one of Norman’s crazy old stories. But who was telling the truth? 	就在这时，诺曼又来了，并留下了严肃的警告——所谓“地精”可不是在开玩笑！他力劝奎因，一定要小心来自“愤怒地精”组织的威胁。不过，卡门安抚了奎因，并认为那只是诺曼老头的疯言疯语。究竟谁的观点是正确的呢？ 
recap_text_1_2_7	As if things couldn’t have gotten more complicated already, Quinn found something else: a hidden compartment in her own restaurant!	就像是老天爷跟奎因开了个玩笑，奎因查到了一条重要线索，自家餐厅里居然有个无人知晓的隐秘小隔间！ 
recap_text_1_2_8	After a talk with Sam and his friend Riley Maza – who was there to help with repairs – Quinn concludes that Colton could have been using the compartment to hide secrets…or even money! 	奎因和山姆以及山姆的朋友莱利·马萨进行了一场谈话，后者也是来帮忙重建餐厅的。谈话后，奎因得出了一个结论：那个秘密小隔层应该是科尔顿的手笔，他在那里隐藏了许多秘密，还私藏了不少钱！ 
recap_text_1_2_9	Anyway, it sounded like Colton was up to no good. And that’s not to mention the fact that Norman also said he saw Colton sneaking around the restaurant after hours. What could he have been up to? 	总之，奎因更加确信科尔顿居心不良。此外，诺曼又提供了一条线索，说科尔顿在打烊后在餐厅周围鬼鬼祟祟地溜达，不知道要干什么。所以，科尔顿当时的目的究竟是？ 
recap_title_1_3	“Hands Are Tied” 	无助的困境 
recap_subtitle_1_3	Day 5 – 7 	第五天~第七天
recap_text_1_3_1	So, what the heck was up with that hidden compartment!? Mark came by and pointed out that it looked like someone had forcefully broken into the compartment…but who would do that? 	真搞不懂这个小隔间究竟是怎么回事！马克前来调查时，发现有人似乎曾经强行闯入了这个小隔间……但谁会这么做呢？ 
recap_text_1_3_2	But it only got more complicated when it turned out that Cupid had made his way into the restaurant that day, too! Sam arrived late and went head over heels when he saw Mark’s stern but warm brown eyes. Ah, young love. 	不过百忙之中，终于出现了一件喜事，丘比特闯入餐厅并射出了爱之箭。那天，山姆迟到了，却正好遇上了在餐厅侦查的马克警官，他几乎被马克那温柔的棕色眼睛迷得神魂颠倒。唉，年轻人。 
recap_text_1_3_3	Meanwhile, Colton was trying his best to prove himself to Quinn – making sure to treat Olivia well, but also butting heads with Harrison, who Quinn decided to award a contract to supply the restaurant with fresh fish. 	同一时刻，科尔顿在竭尽全力向奎因保证他的人品，他说自己一定会照顾好两人的女儿奥利维亚。奎因正准备和哈里森签署海鲜食材供应合同，科尔顿不乐意了，直接强硬地跟哈里森对峙了起来。 
recap_text_1_3_4	When Carmen came by, she was able to give some of the history of the hidden compartment: apparently it was there when she owned the restaurant – she used it as a safe. But what was its purpose now? And what could have been stolen from it? 	卡门也来到了餐厅，她给奎因带来了可靠的信息：自从她拥有这家餐厅以来，这小隔间就一直待在这里，卡门一直把它用作安全屋，用来应对意外事件。但它现在又被当作了什么呢？闯入的人又偷走了什么东西？ 
recap_text_1_3_5	Quinn brought up Norman’s crazy theories about ‘gnomes’ being behind it all, but for some reason Carmen got MAD and left in a tizzy. What was up with THAT? 	奎因对卡门说了诺曼所谓的“地精”，那老头坚持是地精在背后胡作非为，这听起来是不着边际的狂想。卡门听后，直接发了大火，并又急又气地走了。怎么回事啊？ 
recap_text_1_3_6	Not long after, though, Amala showed up and the focus turned to…boys. To be specific, one boy in particular: Harrison. Apparently, Amala had been waiting for him to ask her out! Who would’ve thought he had the hots for Quinn!? 	没过一会儿，阿玛拉也来了。她的关注点……在男孩身上，准确地说，只在哈里森身上。阿玛拉居然一直等着哈里森主动约她出去！但谁又能想到，哈里森的一颗心都在奎因身上呢！ 
recap_text_1_3_7	But there wasn’t much time for gossip. Lori arrived with bad news: a little birdy told her Colton was going to be charged for the food poisoning incident! The revelation set Quinn into action, but it turned out Sam had a confession… 	好吧，现在不是八卦的好时候。罗莉带来了坏消息：她打听到，科尔顿马上就要因为投毒案被起诉了！这消息催促着奎因快点做出抉择，不过，山姆听罢，开始了他的坦白…… 
recap_text_1_3_8	It was Sam who broke into the secret compartment! He was trying to protect Colton’s reputation by hiding his secret: Colton was seeing a therapist. 	闯入隔间的那个人居然是山姆！科尔顿之前找过治疗师，而山姆闯入隔间，将治疗师的名片偷走了。山姆之所以这么做，是为了维护科尔顿的名誉——一旦公众知道科尔顿有过心理问题，舆论定会对他不利！ 
recap_text_1_3_9	But before Quinn could wonder what that meant, Mark called by to tell her about the toxicology report on her food – it turns out that the food poisoning was caused by some kind of medication! Mark insisted that the cops had enough evidence to charge Colton, and that he’d need to turn himself in…dun-dun-dun! 	还没等奎因反应过来，马克顺道前来，告知了案件的毒素检测报告：食物是被某种药物所污染的！马克坚定地认为警方已经有足够的证据去指控科尔顿，他最好主动自首，否则就要蹲大牢了! 
recap_title_1_4	“The Stranger” 	匿名来电
recap_subtitle_1_4	Day 8 – 10 	第八天~第十天
recap_text_1_4_1	Poor Quinn. All that chaos around her, and the pot just kept on boiling! Just as she was trying to come to terms with the news that her ex-hubby was being charged with sabotaging their restaurant, she got an ominous, anonymous warning call…from the Gnomes. They threaten and tease her, then hang up! So rude. 	可怜的奎因掉入了舆论漩涡的中心，而且马上就要被吸入深渊了！前夫即将被警方指控，他马上就要坐实投毒的罪名了，正在这时，她接到了一通匿名的诡异电话，而这通电话……来自地精。他们恐吓并嘲讽了奎因，还不等奎因回应，就挂断了电话。真粗鲁！ 
recap_text_1_4_2	Norman was able to give a little exposition, though; he told Quinn that the Gnomes were a secret society – the oldest in Brimwave, in fact. But before Norman left, he echoed their warning: the Gnomes are best not provoked. 	幸好，老诺曼出现的很是时候。他说地精其实是浪尾岛上最古老的神秘组织。临走前，诺曼严肃提醒奎因，最好不要试图对抗地精，否则…… 
recap_text_1_4_3	After a little emotional support from Sam, Harrison visited, and Quinn recruited him as her detective sidekick. 	还好有朋友在身边，山姆提供了充足的情感支持。哈里森也来了，奎因决定和他组成侦探小队，一探究竟。 
recap_text_1_4_4	The next day, Quinn was able to get confirmation from Carmen that The Bitter Gnomes were REAL. She urged Quinn not to let the name fool her: they’ve ruined lives and businesses. Carmen gave her yet another warning, but would Quinn listen this time? Take a guess. 	第二天，奎因也得到了来自卡门的消息，地精组织真实存在！卡门极力提醒，不要被地精这可笑的名字骗了，他们破坏力极强，毁掉了无数人的生活、打垮了无数商户的生意。卡门已经警告了奎因数次，但这次，奎因会听劝吗？ 
recap_text_1_4_5	Officer Mark visited again to deliver some more interesting news: the medication they found was, in fact, intended for pets. It almost seemed like Mark was on Quinn’s side – he even hinted that he knew there were other forces working against them… 	马克警官再次来访，并带来一个有趣的发现。食物中的药品是宠物专用药。这下，马克加入了奎因的阵营，他向奎因暗示，有一股隐形的势力正在与他们作对…… 
recap_text_1_4_6	Not long later, Colton made a surprise appearance – even though he was supposed to have turned himself in. There were a lot of mixed feelings floating around, so Quinn opted to slow things down and chill with Amala. What a hectic few days, huh!?	不久后，本该去自首的科尔顿竟突然来到了餐厅。奎因百感交集，幸好有朋友阿玛拉陪着她，因此她选择冷静下来，好好地梳理一切。多么忙碌的日子啊！ 
recap_title_1_5	“Trust No One” 	信任危机
recap_subtitle_1_5	Day 11 – 12 	第十一天~第十二天
recap_text_1_5_1	What do you even do with so many loose ends? Especially when you don’t know who to trust…Quinn was in quite the pickle! 	如果你是奎因，你会怎么做？问题是，你根本不知道该相信谁——奎因就处在这样的困境中！ 
recap_text_1_5_2	But then some odd news came in: Colton was apparently heading out of town. Naturally, Quinn wondered what had got him skipping town so quickly – and busted out the magnifying glass to start figuring things out.  	但又有一个奇怪的消息传来：人人都知道，科尔顿要出城了。奎因也自然想弄明白科尔顿为什么这么要这么着急地逃跑。所以，她没放过任何一个细节，开始了调查。 
recap_text_1_5_3	She started with the town sweetheart: Lori. There was something there…she couldn’t be as sweet as everyone said, right? Lori didn’t take kindly to the accusation that she might have something to do with the poisoning. In the game of business, she said, she competes fairly. 	她首先怀疑的是浪尾岛大美人罗莉。总觉得罗莉有些不对劲……有没有可能，她的甜美善良都只是展示给别人看的？但罗莉对这一怀疑不以为然，她坦荡地表示自己只进行公平的商业竞争，不会做出下药这种事。 
recap_text_1_5_4	But she played along with Quinn’s detective game and gave her an alibi: at the time of the food poisoning, she was at Buoy Brew waiting for a ‘friend’ that never showed up. 	即使被怀疑，罗莉还是配合了奎因的调查，并提供了不在场证明：投毒案那天，她在航海家酒吧等着一位老朋友。 
recap_text_1_5_5	Poor Lori, huh? No luck with love! It almost sounded like a sob story, but Sam vouched for her – once upon a time, he revealed, he used to play in her bistro’s house band. Sam can’t help but gossip a little: back in the day, Lori had an affair with a younger man – the singer in the band! What a scandal! 	可怜的罗莉，她的爱情之路从不顺利，简直到了闻者落泪的程度。山姆曾经在罗莉的小酒馆中兼职演奏乐队，他能担保罗莉的人品绝没问题。不过山姆忍不住八卦了一下，之前，罗莉和那乐队主唱小伙子有过一段恋情，这对双方都是丑闻。 
recap_text_1_5_6	But all the fun and games stopped the next day when Quinn got a rude wake-up call. 	但第二天早晨，奎因受到突如其来的惊吓。这下没时间再八卦别人了。 
recap_text_1_5_7	Overnight, someone had left her a creepy porcelain garden gnome on her doorstep! It had an even creepier note pinned to its chest that read “TRUST NO ONE”. 	就在前夜，有人在奎因家门口留下了一个令人毛骨悚然的磁制花园地精！更恐怖的是，它的胸前放着一张纸条，写着“别相信任何人”。 
recap_text_1_5_8	As if Quinn was already getting paranoid! But Norman encouraged her to turn the warning on its head and start trusting her friends rather than chasing shadows. First up? Sam, who volunteered an alibi: he was occupied the night of the incident, helping some old bandmates with a show. 	奎因都有点精神崩溃了！还好有诺曼在，智慧的老人鼓励奎因别理会地精的警告，而是去相信自己的朋友们。山姆给出了不在场证明，事发当晚，他正在帮一些乐队的老朋友举办演出。 
recap_text_1_5_9	The whole situation had more layers than an onion – or so Sam said – but Quinn was still wondering about Colton. Had he upset a contractor like Sam or Riley by underpaying them? Sam ruled that out, saying that Colton always kept up with that sort of thing. 	现在状况百出，可能性简直多如牛毛——这是山姆的比喻。奎因仍然对前夫的行为感到不解，科尔顿是因为少付工资而惹怒了合同工吗？山姆帮忙排除了这个猜想，科尔顿在职时从未拖欠过工资。 
recap_text_1_5_10	Still trying to turn over every stone, Quinn asked Riley where they had been the night of the incident; they said they’d been at the show Sam had been at. Apparently, they were a fan! An anxious, flighty fan, who didn’t stay long enough for Quinn to ask more questions. 	不能放过任何一个细节，奎因又问莱利，事发那天他在做什么。莱利的回答是，他那晚去看了山姆乐队的演出，毕竟他是乐队的狂热粉丝。不过莱利好像有急事，不等奎因问明白就离开了。 
recap_text_1_5_11	But Quinn still had a lot more stones to turn over to get to the bottom of things. She had someone more important to eliminate: Harrison. 	奎因还有太多没弄清楚的细节，她的嫌疑人名单上还有一个重要的名字未排除：哈里森。 
recap_title_1_6	“Just Keep Digging” 	探案进行中 
recap_subtitle_1_6	Day 13 – 16 	第十三天~第十六天
recap_text_1_6_1	Shovel in hand, Quinn got a call: yet another friendly reminder from the Bitter Gnomes to stop her digging. But as we all know by now, it was going to take a lot more than that to stop this determined detective. Quinn was so determined, in fact, that the previous evening she had confronted Harrison about his alibi. It didn’t go well. 	就在奎因拿着铲子干活的时候，又有一个电话打来了：愤怒地精再次友好地提醒她，停止挖掘一切秘密。但我们都知道，奎因侦探意志坚定，谁也无法阻挡她的脚步。对于投毒案，奎因势必找出真凶，因此前夜，她找哈里森辩论了他的不在场证明，过程不太顺利。 
recap_text_1_6_2	Maybe she’d gone a little too hard on him, but his alibi – that he was playing cards at the dock – seemed weak. But Harrison has a habit of being forgiving – the next day, he stopped by to clear the air, and the two apologized to each other. Ain’t that sweet? 	或许奎因有些太严苛了，但哈里森的解释似乎说明不了什么，他说当晚他在码头上打扑克。但哈里森是个宽容的人，第二天，他就来餐厅找奎因澄清说明了，两人都对自己不合适的言辞道了歉。这大概就是爱情吧。 
recap_text_1_6_3	Even sweeter – good old Harrison offered to take Olivia out for a trip to the aquarium, allowing Quinn to focus on her suspect list. Carmen was next to clear her name – she said she was running errands for her parents and stopped by to collect the mail from her PO box. 	更让奎因开心的是，大好人哈里森主动带奥利维亚去水族馆玩了，这样一来，奎因就能集中排查嫌疑人了。下一个嫌疑人是卡门，卡门解释道，当晚她在帮父母跑腿，顺便去邮箱里取了信件。 
recap_text_1_6_4	It seemed like Quinn’s suspect list was finally narrowing down – but that wasn’t the only source of excitement. After Harrison and Olivia got back from their trip, he finally plucked up the courage to ask Quinn out! Kind of. Sort of. It was unclear. 	看来奎因的嫌疑人列表正在缩减，这并不是唯一的喜事。此外，哈里森带奥利维亚回来之后，他终于鼓起勇气约奎因出去了！似乎，大概是有那种意思吧，但两人都不确定。 
recap_text_1_6_5	It was up to Amala to confirm, and she couldn’t have been happier to! It was long past time those two at least TRIED going on a date, right? 	只是不知道阿玛拉会不会难过，但她得知后，居然高兴得不得了！这两人已经太久没约过会了，现在这样多好啊。 
recap_text_1_6_6	So that’s what they did! And it went so well that both Quinn and Harrison found themselves asking: why hadn’t they done this earlier? The timing was never quite right, it seems. 	于是，他们就去约会了。这次约会太顺利了，所以奎因和哈里森都开始质疑自己，为什么不早点迈出这一步呢？因为，现在似乎并不是谈情说爱的好时候。 
recap_text_1_6_7	Basking in the afterglow of a first date, Quinn was ready to get back on track! She set about arranging for Norman to come give his alibi, and said farewell to Carmen, who announced she was leaving the island for a few days to attend a book tour by her favorite author, Ziva Bates. 	奎因沉浸在约会后的幸福感中，但她也没忘了正事！她正准备去问诺曼的不在场证明。卡门也要离开几天浪尾岛，她要去参加她最喜欢的作家，姬瓦·贝茨的新书发布签售。所以，奎因先和卡门道了别。 
recap_text_1_6_8	And then, like clockwork, Norman showed up to spin some more superstitious stories. It turns out he was busy doing just that at the time of the incident – thanks to a special arrangement with the cops to distribute his cryptid pamphlets at the station. And it turns out, in the process of doing so, he had captured some surprising evidence. 	于是，诺曼准时来了，还一并带来了更多迷信的奇幻故事。同时，他也带来了自己的不在场证明，事发当晚，他就是在忙着做这些事——他在警察局附近分发他的奇幻海报和小册子。不过，就在诺曼忙着宣传神奇故事的同时，他也发现了一些令人惊讶的证据。 
recap_text_1_6_9	For an author’s photo to accompany his article in the upcoming issue of the Cryprid Hunter’s Journal, Norman had taken a photo of himself outside the station. But his awkward old-man selfie had caught more than just a cheeky Norman. Guess who was in the background! It was Mark…and Harrison! What had they been chatting about on the night of the incident!? 	作为下一期《猎隐者杂志》中文章的作者，诺曼需要将他本人的照片一起放在杂志上，所以他在警局外拍了一张自拍。但这位老年人的自拍太过糟糕，焦点不在他的脸上。猜猜这照片捕捉到什么了！马克……和哈里森！案子发生那晚上，他们在一起聊什么呢？！ 
recap_text_1_6_10	Eager to get answers, Quinn called on Mark to get the truth, and he didn’t mince words: Harrison lied to her. And to make matters worse, Mark reveals that Harrison was the eyewitness that saw Colton leaving the scene of the crime. A crucial part of the case against him! 	这实在是太奇怪了，奎因立刻叫来了马克。马克也没有隐瞒：哈里森对她说谎了。更糟糕的是，马克说，案发当天，哈里森目睹了科尔顿从犯罪现场匆匆离开，这是对他不利的证据！ 
recap_text_1_6_11	Grab your popcorn, folks! Quinn confronted Harrison, who didn’t have a leg to stand on as he tried to explain himself. Things got so heated that Sam urged him to leave, and Quinn was left distraught. Played a fool! And guess who was ready to come pick up the pieces? None other than Colton. Spicy. 	大家伙，别入戏到把爆米花撒了！于是奎因就直接找哈里森对峙了，哈里森根本拿不出证据，他也不想再辩解了。山姆说服哈里森先离开，只留下奎因独自心烦意乱。她被耍了！猜猜这时谁回到了奎因身边？当然是科尔顿啦！真是一大盆狗血。 
recap_title_1_7	“A Clearer Picture” 	逐渐清晰的真相 
recap_subtitle_1_7	Day 17 – 18 	第十七天~第十八天
recap_text_1_7_1	In the aftermath of first date/betrayal double feature, Amala rode in on her ‘best friend’ horse to help. But it looked like more work needed to be done to make Quinn feel better about it all. 	奎因经历了刚约会就被背叛的双重打击，阿玛拉快马加鞭赶来，试图开导自己的好友。但似乎好友的安慰也不能让奎因心里好受一点。 
recap_text_1_7_2	Colton’s presence didn’t make things much better, either – he set about stepping over the boundaries Quinn had set before. At least Colton was enjoying himself, huh? He and Olivia had some great daddy-daughter time – right up until he found out about Olivia’s day trip with Harrison. Uh-oh.	科尔顿的出现也没让情况更好一些，他越过了奎因设定的界限，不过科尔顿对此十分开心。你问为什么？因为他终于能和奥利维亚来一段快乐的亲子时光了。啊哦，这份快乐持续的时间不长，他得知了哈里森和奥利维亚的一日游。 
recap_text_1_7_3	At least Amala was trying to be helpful – she offered an alibi to lift Quinn’s spirits: she was on a hot date with her long-distance boyfriend, Marcus. Not to be confused with the handsome Officer Mark Yuen. 	阿玛拉提供了她的不在场证明，让奎因好受了一些：阿玛拉那晚和异地恋男友马库斯进行了一场火热的约会。不是那位英俊的马克警官啊！别弄混了！ 
recap_text_1_7_4	But anyway, with Amala crossed off the list, the lineup of suspects was getting smaller and smaller… 	总之，阿玛拉也可以从嫌疑人列表中排除了，嫌疑人阵容已经越来越小…… 
recap_text_1_7_5	Colton tried to make amends with Quinn, apologizing and promising that he’d changed. Blah, blah blah. All that sweet talk came to a crashing halt when Harrison arrived. The boys bickered, and a frustrated Quinn told Colton how things were: Harrison was just a friend. Hah, sure, Quinn. The whole thing ended in Colton dropping a love-bomb. Eugh. 	科尔顿试图补偿奎因，都是老一套的说辞，吧啦吧啦了一大堆废话，又是道歉又是保证他一定会改邪归正。所有甜言蜜语在哈里森到来时戛然而止。于是，男孩们开始争吵，彻底失望的奎因向科尔顿坦白，哈里森只是朋友罢了。没错，只是朋友，于是这场戏以科尔顿的热烈求爱拉下帷幕。真是无言以对…… 
recap_text_1_7_6	The next day, Quinn got another phone call – this time from Dr. Clay, Coconut’s vet. The medicine they’d run out of was back in stock, and an order Colton had made was ready for collection. What the heck? Apparently, someone had bought the entire stock of cat medicine a few weeks back, and it WASN’T Colton. 	第二天，奎因接到了一通电话，是克雷医生打来的，也就是负责给小椰子看病的兽医。医生说之前科尔顿订购的猫咪药品没货了，现在订单可以发货了。什么情况？！显然，有人在几周前买光了猫咪药品，那人显然不是科尔顿。 
recap_text_1_7_7	So, who else was buying the medicine that had been found in the food!? Quinn was ready to chase a new lead. She called Mark over to discuss the new information – but not before checking Mark’s alibi. You can never be too sure, right? 	所以，是谁买了那些药品？！它们一定都被偷偷倒在了食物里！奎因准备顺着这个线索搜寻下去，她给马克打电话，叫他一起来分析这个新线索。不过……马克的嫌疑还没被排除。毕竟谁也说不准，不是吗？ 
recap_text_1_7_8	Apparently, Mark was stood up on a blind date that night. Set up by his co-workers, who think he’s a workaholic! 	还好，马克那天被拉去相亲了。他多管闲事的同事可以作证，因为同事认为马克是个工作狂，所以才组了这个局！ 
recap_text_1_7_9	Sam took the chance to ask Mark out for coffee, but it turned out Mark’s colleagues might have been right. Maybe after the case is closed, said Mark. Poor Sammy. 	山姆抓住机会，鼓起勇气约马克一起去喝咖啡。不过马克一心全扑在这投毒案上，婉拒了山姆。可怜的山姆，看来马克的同事叫他工作狂也很合理…… 
recap_text_1_7_10	That evening, Carmen returned from her trip and checked in with Quinn, who filled her in on everything she’d missed. Carmen was happy that things were working out for Quinn but couldn’t help but make another passive comment towards ‘Quinn’s silly meddling’. Things got a little heated between the two, with Carmen reminding Quinn that she should leave the detective work to the police. 	这天晚上，卡门的旅程结束了，回到了浪尾岛。她立马去见了奎因，激动地对奎因说了签售的一切细节。卡门对于案件终于有些眉目感到开心，但同时，她也对奎因的过度干涉有些不满，甚至评价这种干涉是愚蠢的。于是，两人逐渐开始争吵，卡门坚信这件事应该留给警察来管，奎因把自己放在了危险的境地。 
recap_text_1_7_11	Little did Carmen know how close Quinn was to proving Colton’s innocence…	卡门不知道的是，奎因已经能够证明科尔顿是无辜的了…… 
recap_title_1_8	“Just the Beginning” 	好戏才刚开始
recap_subtitle_1_8	Day 19 – 20 	第十九天~第二十天
recap_text_1_8_1	After exploring a rarely used backroom, Quinn granted Sam a permanent office-workshop at the restaurant, but work came to a sudden halt when they found another piece of evidence: another bottle of Coconut’s medicine. 	奎因在餐厅后面找到了一个不怎么用的空房间，她决定装修一下，送给山姆做办公室和工坊两用的永久房间。收拾了一会儿，几人的装修工作紧急终止，因为它们又发现了另外的线索：小椰子的另一瓶药剂。 
recap_text_1_8_2	Like a true detective, Quinn made sure no one touched the evidence and made a swift call to get Mark on the scene. It turned out that the room was a veritable treasure trove of clues – and one very important clue was found by Olivia: graffiti on the wall of a gnome signed with the initials ‘R.M.’ 	侦探的必修课：不能让任何人碰到证物。因此奎因把药品保护起来，并快速打给马克，让他赶快来到现场。原来，这房间是个线索宝库，奥利维亚还发现了一个极其重要的线索，墙上有个地精图案的涂鸦，旁边写着人名首字母R·M。 
recap_text_1_8_3	Once Mark arrived, the whole gang were all pondering who R.M. could be, but no one had any ideas until Sam sadly suggested that it could be his friend: Riley Maza, who would have had access to the restaurant on the night of the incident! 	等马克一到，所有人都开始沉思R·M可能是谁，但全都毫无头绪。这时，山姆难过地提出了一种可能性，有可能是他的好朋友莱利·马萨。他很有可能在事发当晚潜入了餐厅！ 
recap_text_1_8_4	Mark offers to run fingerprints on the medicine bottle, and they anxiously await the results.	马克去验证瓶子上的指纹了，大伙在焦虑中静静等待着检验结果。 
recap_text_1_8_5	The next day, Quinn came across something peculiar: an origami crane. She was struck by a sentimental reminder of her late mother, who used to make them when Quinn was a kid. Sam suggested that she keep it. I’m not crying, you’re crying! 	第二天，奎因突然发现了个奇特的东西，是一只千纸鹤。奎因已逝的妈妈在奎因小时候会给她折千纸鹤，所以奎因认为这是妈妈给她提示，她短暂地陷入了悲伤之中。山姆安慰了她，并建议奎因一定要留着它。呜呜……我没哭，你才在哭呢！ 
recap_text_1_8_6	Ahem. But back to the matter at hand: Mark returned with the results on the pill bottle! The fingerprint WAS from Riley. 	呃，言归正传，马克的指纹检测结果出来了！那指纹的确属于莱利。 
recap_text_1_8_7	Mark announced that he’d already taken Riley into custody – and in official questioning, the young repair worker had already admitted their involvement in the incident. Result! 	马克宣布，他已经把莱利送进拘留所了，警方正在审问他，这位年轻的修理工终于承认了他的罪行。尘埃落定！ 
recap_text_1_8_8	But in a peculiar turn of events, Riley was insisting on using their one phone call to contact Quinn and apologize. Quinn accepted the call, and Riley explained why they did it. It was simple: money. Apparently, someone was going to pay Riley a LOT if they pulled off the job. 	审问中途，莱利突然要求警察给他一个手机，他想给奎因打电话进行诚恳的道歉。奎因接起这通电话，听完了莱利所有的解释。他的目的很明确也很简单，只是为了钱。显然，只要莱利接下这份卑鄙的活，就会有人给他一大笔钱。 
recap_text_1_8_9	Riley seemed like they wanted to say more, and Quinn guessed that they were hinting at the Gnomes’ involvement – but they were too nervous to talk about it on the phone. Ominous! 	除此之外，莱利没什么要说的了。奎因猜测，莱利想暗示地精组织的存在与介入，但他太紧张了，也不敢在电话里明说。有种不祥的预感…… 
recap_text_1_8_10	But after that, it was time for celebration! The true culprit had been found! Colton’s name had been cleared!  	不过，先庆祝一下吧！他们找到了真凶，科尔顿的罪名也没有啦！ 
recap_text_1_8_11	And Lori was asking for…dating advice? Excuse me, what!? It seemed like Harrison and Colton’s vying for Quinn’s attention had spread, and Lori was interested in what Quinn was doing to vex those two men. Confused, Quinn agreed to help Lori in her dilemma. 	罗莉在问……约会建议？什么，我没听错吧？！听起来，哈里森和科尔顿对奎因雄竞这事儿传播挺广的，罗莉也很好奇奎因到底是怎么做到了。奎因虽然疑惑，但也积极给罗莉提出了建议。 
recap_text_1_8_12	Just as things were getting light-hearted, Quinn got another mysterious call from the Gnomes; this time, the stranger was congratulating Quinn for closing the case. Apparently, the fun was just getting started. 	就在奎因心中的大石头落地之后，奎因又接到了一通来自地精的电话。通话中，那人向奎因贺喜，恭喜她顺利找出了投毒案的真凶。显然，对方在看笑话，而且地精的阴谋还没结束。 
recap_text_1_8_13	But before the Gnomes’ ‘fun’ could begin, Quinn and Amala took the chance for some much-needed spa time. It was time to put away the magnifying glass and get out the cucumber slices! 	但在地精作妖之前，奎因和阿玛拉做了场超棒的深度按摩。有时候，就要放下世间的种种是非，在眼睛上盖两个黄瓜片休息。 
recap_text_1_8_14	It was time to relax...at least until the next mystery began. 	休息吧……至少在下件事发生前，美美地放松吧。 
recap_title_2_1	“Surf’s Up” 	冲浪者 
recap_subtitle_2_1	Day 21 	第二十一天
recap_text_2_1_1	Ah, the magic of facemasks and cucumber! After a night of TLC, everyone was feeling quite refreshed – that is until a surfer man-child crashed his freakin’ boat into the restaurant! 	面膜和黄瓜真的有魔力！经过一晚上的放松，所有人都感觉焕然一新。但紧接着，这种感觉就被一场意外打破，一名冲浪的男人将他那倒霉的船撞上了餐厅！ 
recap_text_2_1_2	Welcome to the stage, Vance-Pierce Cunningham – Amala’s cousin (by marriage). Given her luck so far, Quinn quickly became wary of Vance and his "accidental” boat crash. I mean c’mon. We can all see through that façade, right? 	各位，欢迎回来。万斯·皮尔斯·坎宁安就是这场船祸的罪魁祸首，他竟然还是阿玛拉的远房表弟。鉴于奎因一直以来碰到的“好事”，奎因并不认为这是场意外，她快速对万斯和他那倒霉的冲浪船产生了怀疑。对吧？大家都觉得船撞上餐厅这种事太不对劲了吧？ 
recap_text_2_1_3	Vance was quick to spin a yarn about how he lost control of the boat on his way to see his ‘future wife’, Lori Lynwood. Wait. Lori Lynwood!? 	万斯也很快地开始了他的解释，他说他在见未来妻子的路上，船体一不小心就失控了……等等，他说自己未来的妻子是……罗莉·林伍德？！ 
recap_text_2_1_4	Cue an eruption of disbelief and confusion. But as quickly as he came, Vance made his exit – luckily on foot rather than by boat. Following her instinct, Quinn called in a favor and requested that Mark do some digging on Vance. 	怀疑的苗头一旦开始，就不会再消失了。但万斯很快就离开了，幸运的是他离开时没开船。奎因给马克打了个电话，劳烦他帮忙查查万斯的资料。 
recap_text_2_1_5	But there was more to add to Quinn’s plate; word was spreading that famed author Ziva Bates was headed to Brimwave. 	但奎因要面对的不止这一件事。岛上有传闻，说姬瓦·贝茨就要来到浪尾岛了。  
recap_text_2_1_6	The rumor was that Ms. Bates was looking to invest or buy out a restaurant or two. Better watch out, Quinn! But as Quinn contemplated the possibility of Ziva buying her restaurant, Colton showed up – making it very clear that he wasn’t going anywhere. 	传闻称，这位贝茨女士正在准备投资或收购一两家餐厅。奎因，你要警觉起来啊！正当奎因思考姬瓦收购她餐厅的可能性时，科尔顿突然出现，并誓死保证他不会再离开了。 
recap_text_2_1_7	A new mystery, and new drama too? It looked like Quinn Castillo had a lot on her plate. Ain’t no rest for the wicked, huh? 	又有一个谜团出现了，或许还有场新的狗血大戏？奎因·卡斯提略还有太多新的事情要做，恶人还没有受到制裁呢，对吧？ 
recap_title_2_2	“Collecting Suspects” 	罗列嫌疑人
recap_subtitle_2_2	Day 22 – 23 	第二十二天~第二十三天
recap_text_2_2_1	Something wasn’t adding up for Quinn. How can one woman attract so much drama!? 	奎因真的搞不懂，她怎么能陷入这么多绯闻中？！ 
recap_text_2_2_2	And to make things just a touch stranger, Vance showed up again…looking for his sunglasses. Best to keep an eye on that one. Quinn tried to get some answers, but Vance stuck to his story – nothing out of the ordinary, except the eerie feeling that he was being followed. What was that about? 	万斯的出现让事情更加奇怪了……他回来找撞船那天遗落在这里的墨镜。奎因知道，她最好对万斯保持警惕，所以再次问他关于船的细节。但万斯的说辞依然没变，那天没什么不寻常的地方，只是，他有种被人跟踪监视的感觉。 
recap_text_2_2_3	To lighten the mood, Harrison stopped by to help but Quinn was still on edge about the looming presence of Ziva Bates. What if she really did want to buy the restaurant? Quinn's gears started turning: what if Ziva had something to do with the crash? 	气氛有一丝沉重，于是哈里森也来帮忙开导奎因了，但她仍然为将要到来的姬瓦·贝茨感到不安。如果她真的要收购自己的餐厅呢？奎因的侦探脑瓜飞速转动：姬瓦会不会和这次的撞船事件有关？ 
recap_text_2_2_4	Later, the one and only Lori Lynwood paid a visit. And it seemed she already knew about Brimwave’s infamous man-child Vance and his involvement in the crash. She was quite aware of his ‘crush’ on her – though she called it a borderline-healthy obsession. She was probably right, too. 	过了一会儿，大美人罗莉·林伍德来拜访了餐厅，她也听说了万斯的著名撞船事迹，似乎人人都知道这男人幼稚任性的性格。万斯是个情种，这一点罗莉早有耳闻，不过她有些避之不及，认为这是一种越界的痴迷。或许吧，她是对的。 
recap_text_2_2_5	Quinn couldn’t help but feel the link between Vance and Lori was a little suspicious. What if she was the mastermind behind the crash? 	奎因对这段孽缘也无能为力，但她感觉万斯和罗莉的关系还没有这么简单。罗莉她……会不会也是嫌疑人呢？ 
recap_text_2_2_6	The next day Quinn got a very concerning call from some nosy lawyers about her property. But they were keeping the identity of their client hush-hush. Who could it possibly be? 	第二天，多管闲事的律师给她打了个电话，试图干涉奎因的餐厅地产，奎因对此自然是有些焦虑的。更糟的是，他们不能说出是谁在背后指使。到底是谁在窥视奎因的餐厅？ 
recap_text_2_2_7	Following the call, Quinn got news that Ziva had approached Lori about her bistro…but did that mean Quinn was in the clear? It couldn’t possibly be that easy…right? 	紧接着，奎因得到小道消息，姬瓦已经和罗莉沟通了小酒馆收购一事……这是否代表奎因的餐厅暂时安全了呢？不过，事情不会这么快就结束吧…… 
recap_text_2_2_8	Meanwhile, Colton and Harrison were keeping the tension at the restaurant nice and tight with constant bickering. Ugh, boys. Harrison even had the nerve to ask Quinn out to see a movie in front of Colton. Way to go, Harrison… 	这时，科尔顿和哈里森还在对峙，搞得餐厅氛围非常紧张。唉，男人是这样的。哈里森还在科尔顿面前约奎因出去看电影，祝他成功吧…… 
recap_text_2_2_9	Quinn started to wonder if Harrison had an ulterior motive. Was he really just the fish-man next door? 	奎因震惊，她都开始怀疑哈里森并不是表面上的邻家渔夫男孩了，这男人的确别有用心。 
recap_text_2_2_10	It was almost a mercy when Mark returned with an update about Vance. He’d managed to pull him in for questioning, but Vance had stuck with his story. He just lost control of the boat – no funny business…or so he said. 	幸运的是，马克带来了万斯的消息。马克本来想严厉审问一下，但万斯仍然坚持他的那套说辞：只是船突然失灵了而已，此外没有任何奇怪的地方。 
recap_text_2_2_11	But Quinn wasn’t giving up on the theory that someone had put him up to it. Who had it out for her the most? Was it Ziva? Lori? Or could it have been Harrison…? 	但奎因还是没有放弃自己的怀疑，或许是有人指使万斯呢？谁天天盯着奎因，不让她好过？姬瓦？罗莉？有没有可能是哈里森？ 
recap_title_2_3	“Pulling Strings” 	幕后操控者
recap_subtitle_2_3	 Day 24 – 25 	第二十四天~第二十五天
recap_text_2_3_1	Quinn began to wonder if the whole boat fiasco had something to do with Colton…just like last time. Speaking of: guess who stopped by with some fancy jewelry for Quinn? Maybe he thought he could buy her affection. 	奎因开始怀疑科尔顿和撞船事件有关……不能排除任何人的嫌疑。哦等一下，猜猜谁又来了，还给奎因带来了一些精致的珠宝？没错，是科尔顿。他大概觉得自己能买回奎因的心吧。 
recap_text_2_3_2	Whatever the reason for Colton’s kindness, the new bling was overshadowed by the sudden appearance of a certified drama queen – a blond baddie that would LOVE to speak to the manager. 	不过科尔顿现在不是主角了，舞台灯光聚焦在了一位突然出现在餐厅里的小姐，她一头金发，看起来像是个刻薄的坏人，能制造出很多绯闻的那种。此刻，她正趾高气昂地要见餐厅经理。 
recap_text_2_3_3	Who was she? None other than Colton’s crazy ex-girlfriend, Sophia Roberts – who just so happened to be in Brimwave on ‘business’…though she was very cagey about what that business actually entailed. 	除了索菲娅·罗伯特还能是谁呢，科尔顿的这位疯狂前女友就这么“恰好”来浪尾岛谈生意了。不过，她对这个业务还是比较谨慎的。 
recap_text_2_3_4	After that, Carmen came by with some exciting news: Ziva had announced a new novel! Breakout your bookmarks, people! And the main character was going to be a cellist, just like Carmen…wasn't that happy coincidence? 	不久后，卡门也带来了一个激动人心的消息：姬瓦的新书要出版了！这本书的主角会成长为一名大提琴手，而卡门曾经也演奏大提琴……真是个令人兴奋的巧合！ 
recap_text_2_3_5	But then Vance crashed Carmen’s visit and…offered to help Quinn with renovations? He’s an odd one. Carmen warned that she’d keep a close eye on him, but Vance was too busy showing off his muscles to notice. 	不过，万斯打断了卡门滔滔不绝的分享。他提出……愿意帮奎因重建餐厅？真是个奇怪的人。卡门警告万斯，说她会一直盯着他的，但万斯忙着秀肌肉，完全没注意卡门说了什么。 
recap_text_2_3_6	Lori arrived just in time to get a look at Vance’s gun-show, but she wasn’t impressed – and decided it was finally time to explain their weird relationship. 	罗莉也来了，正巧碰上了万斯的猛男秀。但罗莉完全没有被那壮硕的肌肉吸引，反而认为这是澄清两人关系的好时机。 
recap_text_2_3_7	Vance helps out, showing off his shredded muscles, Lori comes by. Finally, someone’s here to properly explain their relationship. 	幼稚的大男孩万斯、迷人的罗莉都在餐厅了，众人好奇心爆棚，都在等着罗莉解释他们之间的关系。 
recap_text_2_3_8	It turns out that Vance was once Lori’s water-skiing instructor, and Lori was his best student. Teacher’s pet, apparently. It was love at first sight…for Vance, at least – which made this a very peculiar love story. 	其实，万斯曾经是罗莉的水上运动教练，而罗莉也是他教过的学生里最有天赋的那个。同时，罗莉也是个听话的学生。万斯坦白，第一眼见到罗莉，他就坠入爱河了，而罗莉对他却没有意思。所以，两人之间只是奇特的单方面恋情。 
recap_text_2_3_9	Lori only became more entangled in the web of connections after she revealed that she had worked with Sophia in the past – and that Sophia was now working for Ziva! That quickly made Sophia an addition to Quinn’s suspect list. And to make matters worse, Lori also let slip that Vance had been asking her odd questions about Quinn’s restaurant. 	罗莉透露，索菲娅曾经与她合作过一段时间，正因如此，她才陷入了复杂的人际关系之中。而那个索菲娅现在又成了姬瓦的小跟班！于是，奎因快速把索菲娅的名字列在了嫌疑人清单上。罗莉还透露，万斯向她打听过奎因的餐厅，问的都是很奇怪的问题。 
recap_text_2_3_10	But over brunch the next day, Lori dismissed the idea that Vance was the true threat – there had to be someone else pulling the strings of this Vance marionette. 	但在第二天早上，罗莉排除了万斯的嫌疑，一定是背后有人指使他，万斯本人不过是一枚棋子罢了。 
recap_text_2_3_11	And then – speaking of suspicious people – Colton showed up to start the latest battle. Naturally, Quinn suggests that he had something to do with Sophia’s random arrival on the scene – but he claimed he had nothing to do with it. He didn’t even know she was on the island…or so he said.  	说到嫌疑人，科尔顿又来了，并开启他的求爱大作战。他坚称自己与索菲娅绝无任何联系，也不知道为什么她会来到浪尾岛。科尔顿极力和索菲娅撇开关系，说他都不知道索菲娅上岛了……反正就是这些话。 
recap_text_2_3_12	It turned out to be Amala that came in clutch with some info about Sophia. She’d been doing some digging, and had discovered that Sophia had made it big as an influencer – mostly from writing reviews and promos on her fairly popular blog. 	阿玛拉带着有关索菲娅的消息来了，她一直都在挖掘这位金发女郎的消息。阿玛拉发现索菲娅是个大网红，会在博客平台上晒一些宣传和评论，而且非常受欢迎。 
recap_text_2_3_13	And what was the latest article on her blog? Well, it was about dear old Quinn, of course. Sophia didn’t much like her, or the restaurant. Quinn added her to the suspect list with extreme prejudice. 	猜猜索菲娅发的最新博客是什么？好吧，当然和奎因有关。看来索菲娅不太喜欢奎因的餐厅与餐厅主人。总之，现在奎因对她充满了偏见，狠狠地把索菲娅加到了嫌疑人名单上。 
recap_title_2_4	“At the Crossroads” 	艰难的抉择
recap_subtitle_2_4	Day 26 – 28  	第二十六天~第二十八天
recap_text_2_4_1	Dubbing him ‘Vance the Flex’ after he made another surprise appearance, Quinn found herself drawn into Vance’s favorite topic of discussion: Lori. Quinn wanted to know why he’d been talking to Lori about her, and Vance claimed it was just an excuse to talk to her at all. What a weird guy.	万斯再一次来到餐厅时，奎因戏称他为“骄傲的万斯”。万斯对有关罗莉的话题滔滔不绝，而奎因竟然也听入迷了。不过，奎因有点奇怪，为什么万斯要问罗莉关于餐厅的问题呢？万斯解释道，因为只有这样，他才能和罗莉说上话。真是个奇怪的男人。 
recap_text_2_4_2	But what’s this? Good news!? What a turn of events! Sophia’s article actually turned out to be a good thing – it got people talking about Quinn’s restaurant. And any publicity is good publicity, right? Take that, Sophia!	同时，好消息也突然来了，猜猜是什么？索菲娅的差评文章反而起到了宣传作用，大家都很好奇，因此纷纷讨论起奎因的餐厅。哪怕是负面宣传，也能起到正面的效果，索菲娅，没想到吧！ 
recap_text_2_4_3	Still, Quinn wanted to know what her deal was, and took time to talk to her woman-to-woman. She finds out that Sophia arrived AFTER the boat crash. 	尽管如此，奎因还是好奇索菲娅在打什么算盘，于是，两人进行了一场女人之间的对话。索菲娅声称，她是在撞船之后才抵达岛上，并且她有机票作为不在场证明。 
recap_text_2_4_4	And thinking about it, it didn't seem like Sophia’s style – so Quinn crossed her off her list. But what about her employer, Ziva Bates? Quinn did a little digging and discovered that Ziva had a little history with Lori. A while back, Ziva had presented Lori with the award for ‘Best Bistro’. Maybe that was her way in…	仔细想想，在背后动手脚不像是索菲娅的风格，所以奎因把她从名单上划掉了。但她的老板姬瓦·贝茨呢？奎因在调查中发现，曾经姬瓦和罗莉有一些接触，不久之前，姬瓦给罗莉颁发了“最佳小酒馆奖”，或许，这就是姬瓦阴谋的开始…… 
recap_text_2_4_5	The next day, the original dream team were back at it again! But hold on – Mark had given himself a massive papercut at the office, which worried sweet little Sam. 	第二天，奎因的老朋友们都来了。哦，马克的手在办公室里被纸割伤了，可把山姆给心疼坏了。 
recap_text_2_4_6	Sam fussed over him, but before long, the trio were done dillydallying. Quinn decided to take the next step on her investigative adventure, and contacted Brimwave’s harbormaster, Lloyd Halpern – an old friend of her father’s, and the expert on all goings-on down at the docks.	山姆对马克的伤口反应很大，但这三位很快就把注意力放到了正事上。奎因决定继续她的调查，所以她联系了劳埃德·哈尔博，浪尾岛的码头管理者，同时也是奎因父亲的老朋友，他对码头发生的一切了如指掌。 
recap_text_2_4_7	Lloyd gave her a big breakthrough: apparently, someone was fiddling with Vance’s boat a few nights ago. But who could that have been? Was it someone sabotaging his boat? 	劳埃德给了她一个重要线索：几天前，有人动过万斯的船。但谁能对冲浪船做手脚呢？那人是要故意破坏万斯的船吗？ 
recap_text_2_4_8	It looked like Quinn was finally getting somewhere with her case – she even decided to cross Colton off her suspect list, even though it seemed like he was guilt-tripping her into doing it. Supposedly, he’s been the model ex-husband. Why would he ever want to ruin Quinn and the business they built together? 	看来，撞船案终于得到了一些进展。科尔有点故意装委屈的意思，让奎因心软，于是奎因把他从嫌疑人名单中划掉了。这么看来，科尔顿或许是一名模范前夫，早知有今日，当初又何必要背叛奎因，毁掉了两人的心血生意呢？ 
recap_text_2_4_9	Anyway – never mind him. Quinn had arranged, via Lori, to have a face-to-face meeting with Ziva the next day. It was the moment everyone had been waiting for – and tension was high as she revealed whose restaurant she wanted to invest in. 	算了，先别管科尔顿了。奎因通过罗莉和姬瓦约了一场面对面谈判会。所有人都在等这个，他们很关心姬瓦究竟要投资谁的餐厅。 
recap_text_2_4_10	Ziva showed Quinn a check with a number on it so big that her eyes went wide. She hadn’t seen a number that big since math class! Ziva offered a deal: she’d let Quinn stay on as manager so long as she got to call the shots. Wasn’t Quinn lucky? 	姬瓦甩出一张支票，奎因从来没见过这么一长串数字，她的眼睛都瞪大了！这位阔气的女士提出一个交易：奎因还可以做餐厅经理，但要由姬瓦自己掌控大局、发号施令。奎因这算是赚了吗？ 
recap_text_2_4_11	Ziva gave Quinn some time to think things through, but after some class-A meddling from Sophia, Colton made a choice: he was going to leave – for real this time – to take some time for himself. Emotional maturity from Cole? Whoa, didn’t see that coming. 	姬瓦让奎因好好思考一下。不过，在索菲娅不厌其烦的骚扰后，科尔顿做出了一个决定：他要离开了，这次是真的要离开了，他要给奎因和自己一点时间，去冷静下来好好思考。看起来，科尔顿似乎成熟了一些？哇，真没想到事情的走向是这样的。 
recap_text_2_4_12	Not long after, Quinn got ANOTHER curveball. Carmen showed up to encourage her to sell the restaurant. Having Carmen’s blessing was a big deal, but could Quinn really part with the restaurant? It did seem to be a hotspot for bad luck, after all. 	不久后，奎因又迎来了一个突发事件。卡门专门过来，支持奎因卖掉餐厅。得到卡门的支持和祝福是一件值得高兴的事，但奎因真的准备好卖出自己的心血了么？毕竟，谁也不知道收购之后会发生什么，对吧？ 
recap_text_2_4_13	The day ended with a visit from an unhappy Lori. Ziva had offered to buy her bistro as well. Weird, right? She up to something, but Lori and Quinn were quickly hatching up a plan…what if they joined forces?	这天晚上，罗莉前来拜访奎因，她看起来不太开心。姬瓦也想出资收购她的小酒馆。听起来真奇怪啊，不是吗？姬瓦肯定有什么别的目的，但奎因和罗莉快速制定了计划，这两位联手，可不知道会发生什么…… 
recap_text_2_4_14	Then, maybe they’d have an upper hand against Ziva. Watch out, Ziva, an unlikely pair have just entered the game…	她们或许能和姬瓦一决高下。小心行事吧，姬瓦，你可能惹了不该惹的人…… 
recap_title_2_5	“Taking a Dive”	圆梦
recap_subtitle_2_5	Day 29 – 30 	第二十九天~第三十天
recap_text_2_5_1	Can we say ‘fangirl’!? Ziva was officially in town, and Carmen was set on going to the latest stop on her book tour. But before Carmen set off, Quinn had a chance to see the book that was entrancing her. Well, isn’t this a coincidence? Ziva’s novel involves someone crashing a boat…just like Vance did.	姬瓦要正式进城了，这是她的最后一场新书发布签售会，卡门也要跟随偶像的步伐，真是个迷妹！卡门出发之前，奎因终于有了点空闲时间，于是她看了姬瓦的新书。书中，有一个角色开船出了事故，把船撞入了店铺……和万斯的行为一模一样，这真的是巧合么？ 
recap_text_2_5_2	The timing was impeccable. Quinn brought up her suspicions to Carmen, but that just led to another heated row between them. Carmen proclaimed that she’d had enough of Quinn’s detective nonsense and left Quinn in the dust of a ruined morning.	这实在是太可疑了，奎因向卡门表示她怀疑姬瓦，于是两人再次产生了嫌隙。卡门表示，她真的受够了奎因自以为是的侦探行为。于是卡门夺门而出，没有再理会奎因。 
recap_text_2_5_3	As if that wasn’t enough, Quinn got another blow to the gut right after. Sam arrived with a postcard from her father, Dominic Castillo – who had been away for years, and barely ever wrote back home. Dominic and Quinn didn’t have the best relationship, so all Quinn wanted to do was brush it under the rug.	老天爷好像嫌奎因的生活还不够乱，再次跟她开了个玩笑。山姆带来了给奎因带来她父亲多米尼克的明信片，他多年前就离开了浪尾岛，也从来没给家里写过信。多米尼克和奎因的关系并不好，所以，奎因现在只想把这明信片藏到看不到的位置。 
recap_text_2_5_4	But all that had to take a backseat anyway, because Ziva called by to check in on her potential future investment. Quinn was yet to make a decision on selling the restaurant to someone that gave off such creepy villain vibes. Seriously – ‘shady’ is written all over Ziva. She left but gave Quinn two days to make a choice.	不过，现在更要紧的事不是这个。姬瓦又来催促奎因了，询问了关于餐厅与奎因投资意向的问题。其实奎因还完全没下定决心，她不知道把餐厅卖给姬瓦会发生什么，并且她认为姬瓦身上有种可怕的卑鄙感，说真的，“阴暗”这个词简直就是为姬瓦量身打造的。于是姬瓦给了奎因两天思考时间，便离开了。 
recap_text_2_5_5	Ah, yes, and the cherry on top: Sophia. Like the day wasn’t already a disaster. You’re not gonna believe this, but OMG! She fell into the swimming pool while trying to hit on Harrison! He had to jump in and save the poor thing, who – looked like a sad, wet poodle. Looks like the day had a silver lining after all.	哦，今天还有更糟的呢，可别忘了索菲娅。我的天，这事说出去别人都不敢信：她搭讪哈里森的时候掉进游泳池了！哈里森还能怎么办呢，他只能跳进游泳池，救上这个可怜的女孩。索菲娅当时看上去简直像个被打湿的伤心贵宾犬。看来今天还不算太糟糕…… 
recap_text_2_5_6	The next day was a brand-new day, and it was time for olive branches and reconciliations – starting with Carmen. Quinn apologized for being too pushy, and Carmen admitted that she should’ve at least heard her out. Aww, sweet. They proceeded to discuss the remaining dubious suspects: Ziva, Lori, Vance and Harrison – but were interrupted by Vance breezing in. As he does.	全新的一天开启了，奎因决定心态平和，试着与生活和解——就从和卡门的沟通开始吧。奎因为自己前一日强势的态度诚恳道歉，卡门也表示，自己至少应该听完奎因的观点。真不错，这才是朋友的相处方式。于是，两人开始谈论剩下的嫌疑人：姬瓦、罗莉、万斯和哈里森。不过，万斯像他第一次出场那样，唐突地出现，并打断了两人的谈话。 
recap_text_2_5_7	The three of them got chatting, and then the weirdest thing happened: Vance revealed that he was a fan of the recent movie adaptation of one of Ziva’s books, Criminal Concerto. That book was one of Carmen’s favorites, as it’s about a cellist – just like her. Vance turned on the charm, saying that she looks just like the main character, but Carmen pointed out that she’d stopped playing ages ago.	于是三人聊了起来，他们聊到了一件奇怪的事：万斯说他很喜欢一部电影，那部电影改编自姬瓦的小说《犯罪协奏曲》，巧的是，这也是卡门最爱的书之一，因为这本书的主角和她本人一样，都是大提琴手。万斯指出，卡门和主角一样，都拥有大提琴手特有的魅力。不过卡门表示，她很久以前就不碰大提琴了。 
recap_text_2_5_8	It seemed like she’d given up on her art – but all Carmen needed, thought Quinn, was some encouragement. And Quinn had plenty to give. She threw out the bright idea that Carmen could play a piece or two at the opening of the stage they’d been building at the restaurant. It sounded like the perfect idea, but Carmen wasn’t so sure, and said she’d think about it.	看起来，卡门似乎放弃了成为一名艺术家的机会——不过奎因认为卡门需要的只是一些支持和鼓励，而奎因可最擅长鼓舞打气了。她提出了一个绝妙的点子：餐厅里马上要搭好舞台了，而卡门可以在舞台开幕式上演奏一两首曲子，这是卡门圆梦的好时机。听起来很不错，但卡门有些犹豫，她还需要再考虑一下这个提议。 
recap_text_2_5_9	And then guess who showed up? No prizes. It’s Colton again. Like two awkward sea turtles, he and Quinn tried to make conversation, but they both failed miserably and ended up talking about the weather. Painful. Truly painful.	无奖竞猜，猜猜谁来了？又是科尔顿。他和奎因就像两只尴尬的海龟一样试图交流，但两人都不知道该说点什么，所以最后只能聊起天气。曾经的一对爱侣变成这样，可真悲哀…… 
recap_text_2_5_10	What they didn’t know was that Sophia was in the audience and saw the entire dumpster fire interaction. But for once, she wasn’t there to tease but to offer some wise(-ish) words for the two of them: stop trying to force it. The troubled couple agreed to put things on pause for a while. Phew.	两人并没有察觉到索菲娅也在场，她目睹了两人惨不忍睹的互动过程。这次，金发女孩没有恶劣地嘲弄谁，她给出了明智的建议：别强求自己和对方。这对陷入情感危机的前夫妻很赞成，暂且搁置了这段不合时宜的感情。唉…… 
recap_text_2_5_11	But enough romance! Back to business! Quinn made another call to Lloyd – she wanted to double check something. It wasn’t Harrison that Lloyd had seen sabotaging Vance’s boat, right? The answer seemed obvious, really: golden retriever boy Harrison wasn’t who Lloyd saw – and in fact, Harrison had set off on a fishing trip that day.	浪漫氛围到此为止，言归正传！奎因又联系了劳埃德，她想再确认一件事。她问劳埃德，那天在万斯船上搞鬼的人不是哈里森，对吧？劳埃德给出了明确的回复：他看到的不是那位金发的渔民男孩儿。而且，哈里森那时候已经出发去钓鱼了。 
recap_text_2_5_12	Relieved, Quinn crossed Harrison off her list. That just left Vance, Ziva and Lori as the main suspects.	奎因终于松了一口气，划掉了列表上哈里森的名字。那么万斯、姬瓦和罗莉就是主要嫌疑人了。 
recap_title_2_6	“When Stars Collide”	科尔顿的释然
recap_subtitle_2_6	Day 31 – 32	第三十一天~第三十二天
recap_text_2_6_1	Determined to make Carmen the star, Quinn was working hard on preparations for a big show. Sam did his part and encouraged Carmen, but things got emotional. Carmen was still iffy on the idea of returning to the stage. But a particular visitor had something to say about that…	奎因下定决心，一定要让卡门成为开幕式的焦点，她为这场大型开幕式做足了准备。山姆一边干活，一边鼓励卡门，不过事情还是有些偏离正轨。卡门依然在犹豫，时隔多年，自己是否要再次回到舞台上演奏。这时，一位特别的客人有话要说…… 
recap_text_2_6_2	Ziva rocked up, and Carmen almost fainted! Imagine your favorite celebrity showing up like that! Quinn made introductions, and Carmen just about managed to keep herself together. But it turns out Ziva RECOGNISED Carmen from one of her previous signing events. Fan girl scream!	姬瓦来了，卡门几乎激动地要晕过去了！想象一下，你最爱的明星出现在你面前，卡门现在就是这样！奎因把卡门介绍给姬瓦，卡门强装镇定，但她没想到姬瓦还记得自己。姬瓦记得她去过新书签售会！迷妹尖叫！ 
recap_text_2_6_3	Ziva had written a special message in Carmen’s copy of her book – “never give up on your dreams” – and it seems being reminded of that encounter was exactly what Carmen needed to make her decision. Basking in the inspiration of her favorite author, Carmen finally agreed to do the show.	姬瓦在卡门的书上留下了一句特别的留言——“永远不要放弃你的梦想”——似乎正是这句话和签售会那场特别的相遇，让卡门下定了决心。她沉浸在偶像的鼓励中，最终同意上场演奏。 
recap_text_2_6_4	But that wasn’t all what Ziva was there for…tick-tock goes the clock: it was almost time for Quinn’s answer. Was she going to sell the restaurant? Quinn still wasn’t enticed, but Ziva was still captivated by the property. It didn’t seem like she was backing down anytime soon.	不过，这可不是姬瓦的全部目的。一分一秒过去了，留给奎因的思考时间所剩无几。奎因要卖掉餐厅么？其实她并没有被姬瓦的条件打动，但卡门也不会立刻让步，她还觊觎着餐厅的房产。 
recap_text_2_6_5	Soon after, Mark visited to compare notes with Quinn, but Sam quickly took over proceedings. You’ve never seen anyone fuss so much over a papercut! Sam was trying his best to flirt, and jokingly tried to convince Mark he should get tattoos instead. Mark said he was afraid of needles, but Little Sammy Sweetheart said he could always hold his hand.	过了一会儿，马克来餐厅了，奎因和他讨论起关于餐厅的意见。不过，山姆很快加入了这场讨论，他还在为马克手上的伤口大惊小怪！这位工匠想尽办法和警官调情，还开起了玩笑，让马克去纹身。但马克拒绝了，他怕针。小甜心山姆立马自荐，说自己可以一直握着他的手，这样就不会痛了哦。 
recap_text_2_6_6	Later that day, Carmen made a triumphant return! She was ready with evidence that Ziva wasn’t involved with the wreck: a schedule for Ziva’s book tour. She pointed out that the date Ziva had written that memorable dedication in her book was the same day as the crash. Quinn couldn’t argue with that! So that just left Vance and Lori on the suspect list.	晚些时候，卡门凯旋而归，并带来了一些对姬瓦有利的证据，那是一份姬瓦巡回签售会的日程表。卡门说，撞船案和签售会在同一天，而且就是那天，姬瓦在签售会上为她写下了那句祝福语。证据确凿，奎因无法反驳！于是嫌疑人只剩下了万斯和罗莉。 
recap_text_2_6_7	Apparently unable to help himself, Colton came back the next day with another gift for Olivia – but also the news that he was leaving. For real this time – back to the mainland, and his family. With Colton gone, would Quinn’s heart grow fonder? Or, upon his inevitable return, would he get the same cold shoulder?	显然，科尔顿无法抑制自己的感情，所以他第二天又来了，并给奥利维亚带了礼物。这次，他真的要离开了，离开浪尾岛，回到本土的家人身边。科尔顿走了，奎因和他的心会更亲近吗？也许，等科尔顿回来时，还会受到奎因的疏离和冷眼？ 
recap_text_2_6_8	Vance and Lori showed up again, and it became blatantly obvious that Vance would do anything Lori told him to. It’s kind of pathetic, honestly. But Lori didn’t show up with just her boy toy in tow, but also Ziva news. She’d caught wind of a rumor that there was a budding new romance between Ziva and a local resident. It couldn’t possibly be Carmen, could it? What a scandal!	万斯和罗莉也来了。很明显，万斯的心全在罗莉身上，罗莉让他做什么就做什么，看起来有点可怜。但罗莉不只带来了她的绯闻对象，还带来了关于姬瓦的消息。她听说了一个谣言，传闻称姬瓦和一位浪尾岛本地人正在暧昧。那个人一定不是卡门，对吧？真是个丑闻！ 
recap_text_2_6_9	But wait! There was even more news – this time Sam’s was the one with the dish, and he was ready to share. He’d heard some gossip from his punk friends about supposed bad-boy Vance. It was well known amongst Sam’s friends that Vance had been kicked out and cut off by his well-off family. Poor kid? Yeah, right.	等等！还有更多消息，这个瓜来自山姆，他迫不及待就要分享了。他从朋友的朋友那里听闻了万斯的八卦。这位坏男孩来自富裕的家庭，却被家里赶出来，让他自生自灭，还断绝了给万斯的金钱支持。看来，万斯也是个可怜的孩子。 
recap_text_2_6_10	Quinn was hungry for more where that came from, so she turned to Amala for more details. A rebellious, greedy rich kid who was fond of getting up to no good for money and status? It sounded more and more like he was the culprit after all. But did he pull his latest stunt just to catch Lori’s attention, or was there something else going on?	奎因想知道更多内幕，所以她去找了阿玛拉，她知道更多细节。听起来，万斯是个叛逆、贪婪的富家子弟，他为了钱能不惜一切代价，什么事都能做得出来。听起来，万斯就是那个罪魁祸首。那么，他最近做的这些事，究竟是为了吸引罗莉的注意力，还是另有隐情？ 
recap_title_2_7	“It’s Showtime!”	开幕式演出
recap_subtitle_2_7	Day 33	第三十三天
recap_text_2_7_1	The day of the concert came around faster than expected! While Quinn, Sam and Amala were hard at work making the final preparations, the subject of their chatter turned to that perennial topic: Colton.	音乐会的日子很快就到了！奎因、山姆和阿玛拉一边努力做最后的准备，一边闲聊。聊着聊着，他们又谈起奎因的那位前夫：科尔顿。 
recap_text_2_7_2	Quinn’s friends revealed that, before leaving Brimwave, Colton had stopped by to talk to both of them – apparently, he wanted to make sure that Quinn was well looked after while he was away. That’s so nice! ...right?	据奎因的朋友们透露，离开浪尾岛之前，科尔顿分别找他们两人聊过。科尔顿主要是想确保，他不在的这些日子里，奎因的朋友们能照顾好她。他可真不错，不是么？ 
recap_text_2_7_3	Whatever his intentions, it didn’t help Quinn’s already tangled feelings about him. And then, as if on cue, Harrison showed up to make that knot of feelings even bigger. Quinn, thinking that honesty was the best policy, revealed to him that she was still unsure where her heart lay. He didn’t take it too well, and quickly left, saying that he ‘forgot’ something at the docks. What a mess.	但无论他的本意是什么，都没有改变奎因对他复杂的感情。然后，就像是爱情电影一样，哈里森的出现让奎因更加纠结。奎因本人认为，在恋爱中，真诚是最重要的，所以她直接向哈里森坦白，说还不确定自己的心意。哈里森看起来不太高兴，很快就离开了。他的借口也很烂，说自己把什么东西落在码头上了。真是一团糟啊。 
recap_text_2_7_4	It didn’t get any easier after Olivia chose that moment to tell Quinn how much she liked both Harrison AND Colton! If only Quinn could pick both. Or neither. If she could just figure out which one she really liked, maybe things would be a bit better.	偏偏奥利维亚在这时也要添乱，这小女孩说她对爸爸和渔人都很喜欢呢！女儿的话让奎因更难以抉择了，如果能两个都要就好了，两个都不要也行……要是奎因真能明白自己的心意，也许就没这么多事了。 
recap_text_2_7_5	Turning her attention back to more important matters, Quinn finally hashed things out with Lori and heard her alibi. Lori was on the mainland volunteering at a homeless shelter. Heart of gold, this one!	但奎因选择把注意力放到更重要的事情上，罗莉也提供了不在场证明，她那天在内陆，参与了帮扶流浪汉的志愿者活动，罗莉真是有金子一般的善心。 
recap_text_2_7_6	But despite getting all the information she needed, Quinn was close to breaking point. She’d been going in circles for weeks now, and only getting more freaked out. But luckily, Lori and Olivia were there to help her through it and calm her down before the show. You got this, Quinn!	虽然案件已经有了些眉目，但奎因还是想快点找到下个突破点。这几周来，奎因一直没有进展，甚至在崩溃的边缘，她的心中也愈发害怕。但幸运的是，罗莉和乖女孩奥利维亚都陪着她，让奎因能冷静地面对即将到来的开幕表演。奎因，你能撑过去的！ 
recap_text_2_7_7	Ziva arrived with a gift for Carmen’s debut: a brand-new cello. Wowza! Quinn took the time to apologize to Ziva for thinking ill of her and suspecting her of causing the boat accident. She graciously accepts, and the two of them eagerly await Carmen’s arrival.	姬瓦为卡门的首演带来了一份礼物：一把全新的大提琴。奎因向姬瓦真诚地道歉，坦白说自己对她有些不好的猜测，曾认为姬瓦是造成撞船案的罪魁祸首。姬瓦欣然接受了道歉，原谅了奎因。两人热切地等待着卡门的到来。 
recap_text_2_7_8	What showed up instead was a ball of nerves, but Quinn was there to calm Carmen down. It was time for Carmen to step up and live her dream.	卡门来了，她紧张得要命。但还好有奎因和姬瓦在，卡门也调整到了最好的状态。现在就是她梦想成真的时刻。 
recap_text_2_7_9	And she smashed it! Carmen’s performance was seen by everyone, and rightly celebrated as a great success. She even made a few people cry with her music! As the day drew to a close, there was even a sweet romantic moment between Ziva and Carmen. Ziva insisted that she was Carmen’s biggest fan. Someone get the tissues!	多么美妙的音乐！所有人都沉浸在卡门的音乐里，乐曲结束后，庆祝和喝彩的掌声久久没有停歇。甚至有不少人被乐声打动，流下了真诚的泪水。开幕式结束了，姬瓦和卡门也迎来了浪漫时刻，姬瓦坚称自己已经成为了卡门的头号粉丝。太感人了，拿张纸巾擦擦泪吧！ 
recap_text_2_7_10	But let’s not forget the elephant in the room, Vance-Pierce Cunningham: the last man standing on Quinn’s suspect list…	但别忘了正事，那位坏男孩还没解决呢。万斯·皮尔斯·坎宁安，他是奎因名单上的最后一个嫌疑人。 
recap_title_2_8	“A Turn of Luck”	运气好转
recap_subtitle_2_8	 Day 34 – 35	第三十四天~第三十五天
recap_text_2_8_1	Focusing back on the case, Quinn revisited the scene of the bizarre boat crash – and found a pair of sunglasses that may or may not have belonged to Vance. But wait, wasn’t he looking for those a few days before? Weird…	让我们继续审视撞船案。奎因再次来到离奇的犯罪现场，并发现了一副墨镜。这墨镜或许是万斯的，也可能不属于他。不过，等一下，万斯前几天不就是在找这副眼镜么？真奇怪…… 
recap_text_2_8_2	Carmen was basking in the afterglow of her great show and was even ready to help Quinn with her case – that is until Ziva came along to whisk her away. Ziva had decided to take Carmen as her plus-one to a fancy little shindig – and they were getting there via her HELICOPTER! Relationship goals. Quinn barely had time to ask for a doggy bag!	卡门还沉浸在成功的表演中，她兴奋极了，甚至想要帮助奎因一起探索撞船案，不过姬瓦把她接走了。姬瓦决定带着卡门去参加一场豪华宴会，而卡门的身份是她的女伴。她们还要乘坐姬瓦的私人飞机呢！二人的关系得到了巨大进展。姬瓦的动作快到奎因还没反应过来。 
recap_text_2_8_3	Amala came by, and Quinn updated her on her latest clue: Vance’s sunglasses. Amala also found it strange, as she’d caught Vance poking around the restaurant a few days before. He had told her he was looking for his sunglasses, but that seemed fishy. Quinn and Amala wonder if the ‘missing sunglasses’ were just an excuse for Vance to snoop around. But what exactly was he looking for?	阿玛拉过来了，奎因透露了那副墨镜的存在。阿玛拉也觉得非常奇怪，前几天她看到万斯在餐厅附近溜达，他说他丢了一副墨镜，当时万斯的样子也非常可疑。奎因和阿玛拉怀疑，所谓墨镜只是万斯在餐厅周围窥探的借口。所以，万斯到底在找什么？ 
recap_text_2_8_4	Right on time, Sam offers some more background on Vance: he used to hang around with Sam’s old crowd, but they quickly identified him as a poser. Even back then, no one really liked him. Ouch. He used to vandalize places and was a real wannabe bad-boy. Eventually, he cleaned up his act…but maybe he was going back to his old ways?	幸好，山姆来了，他带来了万斯的更多背景消息：这男孩曾经和山姆的老朋友混在一起，朋友们很快发现万斯不对劲，他是个装腔作势的人，因此当时没人喜欢他。哦对，他之前特别爱搞破坏，是个典型的小混混。但最后，他改邪归正了……现在看来，他不会又想搞事情吧？
recap_text_2_8_5	That afternoon, Ziva and Carmen returned after leaving the party early – apparently it was a “dog soiree” and both Carmen and Ziva are more cat ladies. But while the two were away, one good thing did happen: Carmen talked Ziva out of her aggressive strategy to buy the restaurant! Instead, Ziva decided to offer Quinn a silent partnership – and Quinn agreed! The start, perhaps, of a beautiful partnership.	下午，姬瓦和卡门回来了，她们没待太久。宴会明显是狗派作风，但卡门和姬瓦都是猫派。但终于有件好事发生了：卡门劝说姬瓦，让她放弃了收购餐厅的想法！因此姬瓦决定更换策略，与奎因成为餐厅合作人，奎因很快就同意了！或许，这会是个美好的开始。 
recap_text_2_8_6	The next day, Harrison was back on the scene. Perhaps sensing Quinn’s recent good luck, he gifted her a lucky cat statue. Or, you know, just because.	第二天，哈里森又来了。也许是看奎因最近很顺利，他给奎因带来了一个幸运猫摆件，祝愿奎因能够延续运气。 
recap_text_2_8_7	Later, Mark came over to compare notes; it turned out that his superiors were discouraging him from investigating, but he was sure there was more to it. They say Vance is innocent, which is hard to believe! Like, seriously!? Quinn was glad to have Mark around – the only person happier was Sam, who not realizing Mark was visiting, bumped into him and dropped a big basket of fruit. His face went SCARLET in embarrassment.	然后，马克也来和奎因交流意见了。他的上司居然阻止他调查，并说万斯是无辜的，但马克坚信事情没有这么简单，上级的说法很难让人信服。真的，没人会相信吧！马克极力破案，全力支持奎因，奎因高兴极了。但更高兴的是山姆，他一开始没看到马克来了，所以抱着水果篮飞奔过来，结果撞到了马克。山姆窘迫得不行，脸都涨得通红。 
recap_text_2_8_8	Anyway, Quinn gave Mark her notes, catching him up to speed on what she’d learned from Lloyd about someone messing with Vance’s boat the night before the crash. Mark, excited for a new lead, said he’d take a look at the local security footage down at the marina.	奎因把笔记给马克看了，他了解了劳埃德所说的情况，也就是事故发生前一晚，有人在万斯的船上捣乱一事。新线索出现，马克表现得很兴奋，他立马说自己会去看看码头上的监控录像。 
recap_text_2_8_9	It really seemed like things were looking up. But Quinn had this uneasy feeling that something wasn’t right…some creepy feeling at the back of her neck. Like she was being watched…but by who? Was it the Gnomes that Norman warned her about – back at their schemes? She wasn’t sure, but Norman urged her to keep on her toes – and NEVER forget the Gnomes.	事情似乎愈发明朗了，但奎因却不安起来，她总觉得哪里不对劲……潜意识中，好像有人在暗中盯着她，有种毛骨悚然的感觉……是谁？是诺曼所说的地精吗？他们又要耍什么阴谋诡计？虽然奎因不了解传闻的全貌，但她时刻记得老诺曼的警告——永远别忘记愤怒地精。 
recap_title_2_9	“A Little Scheme”	地精的密谋
recap_subtitle_2_9	 Day 36 – 37	第三十六天~第三十七天
recap_text_2_9_1	It was time to confront Vance.	是时候和万斯对峙了。 
recap_text_2_9_2	Quinn called him over to ask about the sunglasses and quickly caught him right where she wanted him: stuck in his own sticky web of lies. Somehow, he managed to wiggle his way out, but Quinn was onto him.	奎因把万斯叫来，询问了关于墨镜的事。万斯明显被问住了，他的解释漏洞百出。万斯没解释为什么，反而急着要离开，但奎因盯着他呢。 
recap_text_2_9_3	Ziva came by, praising Quinn’s natural skills at decorating and talking up how excited she was about their future partnership. But why did she have to sound so villainous? Ziva admitted that sometimes she can give off antagonistic vibes, but reassured Quinn that her efforts to help were genuine. And she certainly doesn’t want to mess up her budding relationship with Carmen.	姬瓦顺路来拜访，她称赞了奎因的装修技术，并表示自己无比期待与奎因的合作。但她的语气为什么听起来那么不怀好意呢？姬瓦承认，有时她会表现出针锋相对的感觉，但并不是真心的，而且她想真心对待奎因，真诚地合作。毕竟，她不想搞砸和卡门刚萌芽的感情。 
recap_text_2_9_4	Since Ziva was a bestselling writer of romance thrillers, Quinn decided to run her case notes by her. After taking in the details of the mystery, Ziva left Quinn with one piece of advice – a little mantra she sometimes used in her writing: “keep your friends close and your enemies closer.”	考虑到姬瓦是专业的畅销书作家，并且创作的都是浪漫惊悚小说，奎因决定与她分享案件细节。姬瓦了解了一切细节，并给出了建议，这是一句她常用在小说中的话：“知己知彼才能百战百胜。” 
recap_text_2_9_5	After hanging out with Olivia for a short while, Ziva found inspiration in her vivacious imagination and passion for space adventures. Ziva claimed she had an idea for a new book, and it involves Olivia’s space adventures! It was starting to seem like Quinn and Ziva’s partnership was going to work out after all.	姬瓦和奥利维亚玩了一会儿，她从孩子的想象中获取了灵感，尤其是奥利维亚对太空冒险的热爱打动了她。于是她宣称自己已经有了新书的灵感，并且会把奥利维亚的太空冒险写进去！或许，奎因和姬瓦的伙伴关系进展不错，最后能成功呢。 
recap_text_2_9_6	The next day, it was time for even more good news; Mark returned with the footage of the person sabotaging Vance’s boat. But unfortunately, they were wearing a Gnome mask, concealing their identity. Sort of.	第二天，马克带来了监控视频。这本该是新的线索，但那人戴着地精面具，很难辨认出身份。大概是无法判断嫌疑人了。 
recap_text_2_9_7	Quinn, following her instincts, employed Lori to honey-trap Vance. Good thinking, Quinn! Lori, the smooth operator, was able to get Vance to admit that he took money in exchange for sabotaging his own boat and crashing it into Quinn’s restaurant.	奎因想了一个绝妙的主意，她让罗莉去引诱万斯说出真相。祝你成功，奎因！小酒馆经营者可是十分圆滑的，罗莉真的让万斯承认了他的诡计。万斯说，有人让他开船撞上奎因的餐厅，只要他照做，就能得到一大笔钱。 
recap_text_2_9_8	With Mark waiting in the wings to hear the confession, Vance is arrested and taken away to the station. Quinn thanked Lori, but she was just glad to be rid of him – and fair enough! So long, Vance-Pierce Cunningham! Another mystery solved.	马克听了万斯的招供，于是，这坏男孩被正式逮捕了，再也无法逍遥法外。奎因很感谢罗莉，罗莉也非特别高兴——她终于能摆脱这烦人的追求者了。终于，万斯·皮尔斯·坎宁安落网了，撞船谜团也随之解开！ 
recap_text_2_9_9	And you know what that means! Another celebration! Quinn had cracked the case – with a little help from her friends, of course. But hold on – there was more! The party was almost cut short as Harrison delivered the news: Amala was too sad to be there because she’d broken up with her boyfriend. Poor thing…	所以，这意味着什么呢？庆祝时间到！奎因在朋友的帮助下破案了！但等等，还不止这些，哈里森带来了一个消息：阿玛拉和前男友分手了，她伤心得不得了。可怜的女孩…… 
recap_text_2_9_10	Harrison advised Quinn to wait until Amala was ready to talk and assured her that she’d get by with a little help from trash TV and ice cream for now.	哈里森建议奎因先不要看她，他已经给阿玛拉准备好了失恋后的必备物品，包括但不限于冰激淋和无聊肥皂剧。 
recap_text_2_9_11	In the meantime, there was room for celebration: Mark arrived, not in his board shorts but in uniform, bearing some news…Vance had been booked and was locked up at the station. And he’d even confessed that the Gnomes were the masters pulling the strings all along! 	这时候，庆典开始啦！马克穿得很正式，他知道一些万斯的事情。万斯一直被关着，而且在警局被严密看守。他终于承认了——一直以来，都是地精在背后操控他！ 
recap_text_2_9_12	Mark gave Quinn a stern warning: the Gnomes were serious business – but Quinn was determined to take them on. But not until after they celebrated their win with a pool party!	马克严肃地告诫奎因：那群地精是可怕的存在，要千万小心，奎因也牢牢记住了。但以后再想这件事吧，眼下最重要的是泳池派对！ 
recap_title_3_1	“Heart to Heart” 	相亲软件
recap_subtitle_3_1	Days 38 – 40 	第三十八天~第四十天
recap_text_3_1_1	A new day, a new project! This time, Quinn was looking to renovate the restaurant’s old greenhouse. It was a big project, and she’d need some help – so it was perfect that Sam was back from his little break. 	新的一天来了，要开始干活了！今天，奎因打算翻新餐厅旁的旧温室。这可是个大项目，她也需要不少帮助，所以山姆结束了他的休假，投入到翻新工作中。
recap_text_3_1_2	But Quinn couldn’t shake Amala from her thoughts; she knew that her friend was upset and wasn’t sure how to help. Harrison contributed some sound advice to Quinn: just be a friend. There’s nothing easier than that. 	但阿玛拉还是没从失恋中走出来，奎因无能为力，她也不知道自己能做点什么。哈里森给奎因提出了些不错的建议：别想太多，做朋友能做的一切就好了。 
recap_text_3_1_3	She invited Amala over and heard the woeful tale of Amala and Marcus’s recent troubles. They’d been in a long-distance relationship for ages, but it was hard to sustain. Recently they’d been arguing, and after one fight too many, they’d called it quits. Quinn, putting on her best friend pants, offered the perfect fix for a heartbroken Amala: a girls’ night. 	她邀请阿玛拉来餐厅，并听阿玛拉倾诉了她和男友马库斯的爱情悲剧。他们两个异地恋很久了，但现在无法坚持下去了。前段时间，他们一直吵架，并在某次大吵后提出了分手。奎因作为阿玛拉最好的朋友，提供了一个美妙的方案：女孩时间！ 
recap_text_3_1_4	Meanwhile, Sam was excited by a new arrival at the greenhouse: a snappily dressed Mark! Apparently, Mark was taking vacation days and offered to help with the greenhouse. It turned out he had a secret talent: gardening!  	同时，山姆也开心得不得了，马克来温室帮忙了，还穿着休闲装！这位警官近期在休假，并且主动帮忙来翻修温室。很少人知道马克的爱好，他其实特别擅长园艺！ 
recap_text_3_1_5	Quinn couldn’t help but wonder if there was something more to Mark’s sudden leave of absence but tried to keep her focus on Amala. It was all going fine – just like old times – until Sophia appeared. Uh-oh.  	马克突然说自己有事就离开了温室，也没细说原因。于是奎因把注意力转移到阿玛拉身上，一切都那么美好，她俩好像回到了那些旧时光。但是，索菲娅的出现让温馨的气氛全部消散了。  
recap_text_3_1_6	Having heard about Amala’s boy trouble, Sophia offered a solution to Amala’s pitiful love life: an app called Heart2Heart. Before Quinn could object, Sophia was giving Amala a crash-course in online dating – and to her surprise, it kinda worked. 	听了阿玛拉分手的遭遇后，索菲娅提了个意见，她说阿玛拉应该下载一个叫“心电心”的app，这是一个交友软件。奎因还没反对呢，索菲娅就直接帮阿玛拉下载了，而且还教会了她怎么使用。app居然为阿玛拉匹配成功了，看来索菲娅的主意还是有点用处的。 
recap_text_3_1_7	By the next day, Amala already had multiple matches, and the app had set her up on a couple of phone dates. Why does every dating app need to have a gimmick these days? Quinn didn’t have much choice but to go along with Sophia’s grand plan. 	第二天，阿玛拉的app上已经出现了不少匹配对象，app甚至还给她安排了一场电话相亲。看来现在的相亲软件都有两把刷子啊！奎因还能说什么呢？其实阿玛拉也算暂时走出了失恋的阴影吧。
recap_text_3_1_8	Over in the boys’ camp, the sparks weren’t exactly flying, much as Sam was wanting them to. Instead, Mark was inclined to share a little about his reputation at his job. Since his dad was the first to work the Gnome case, Mark had inherited a ‘golden boy’ reputation.  	反观男孩子那边，氛围就没有这么浪漫了，现实并没有像山姆所期望的那样，擦出爱的火花。马克一直都在讲他工作的事情，他还说自己在警局晋升得很快，因为他爸爸曾经是第一个调查地精案件的警察。 
recap_title_3_2	“Suspicious Suitors” 	奇怪的约会
recap_subtitle_3_2	Days 41 – 43 	第四十一天~第四十三天
recap_text_3_2_1	With Mark committing to the greenhouse renovations, Quinn became determined to figure out his deal. Mark didn’t take vacations…so why now? But even though Quinn was ready to interrogate Mark, she still had to consider Amala and her friendship duties. 	马克正努力翻修温室，奎因却还是心存疑虑。马克并没有真正休假，而是请假了，他为什么要在这几天请假呢？奎因一边想着如何审问马克，一边尽朋友的职责关心阿玛拉。 
recap_text_3_2_2	Amala was facing her first date with a guy called Chad (why is it always a Chad?), and despite Quinn’s valiant efforts to encourage her, the date took a nosedive almost straight away. Chad was boastful, rude, and somehow managed to push all of Amala’s buttons. She ended the call shouting at him and threatened to give up on the whole idea of dating. 	阿玛拉马上就要迎来她的第一场约会了，那男人名叫查德（怎么老有叫查德的啊），尽管奎因用尽全力鼓励阿玛拉，但约会还是一团糟。查德是个自说自话的自大狂，他粗暴无礼，完全踩中阿玛拉的所有雷点。她生气地对查德怒吼，然后挂断了电话。阿玛拉简直被这无礼的匹配对象吓到了，甚至再也不想约会了。 
recap_text_3_2_3	But Sophia descended like a hawk and talked Amala into trying at least one more date. Quinn, wanting to be encouraging, agreed – one more try couldn’t hurt, right? 	索菲娅出现了，她劝说阿玛拉再试着约会一次，奎因也赞同。毕竟，多试一次能有什么坏处呢？ 
recap_text_3_2_4	Meanwhile, there was another couple dominating the world of romance: Ziva and Carmen! And they were on FIRE! It hadn’t taken long for Ziva to bring Carmen into her world of socialites and dog soirees. Carmen had even gotten invitations to perform at parties, and spent time schmoozing with high-society snobs. Quinn tried to shake off her quiet, private worry that the two of them were moving too fast. 	这时，又有一对情侣坠入爱河了——姬瓦和卡门简直谈得热火朝天！姬瓦完全将卡门带入了她的世界，她们一起去参加宴会，与名流打交道。卡门还受邀在宴会上表演大提琴，她见到了不少上流社会的势利眼。奎因觉得她俩的进展有点快了，但她压下了这份担忧。 
recap_text_3_2_5	Sam was starting to get somewhere with Mark, too – and even managed to pick out Mark’s favorite flowers for a little arrangement. Super cute. 	山姆也和马克有了一些进展，他专门挑马克喜欢的花布置了温室，真的超级可爱。 
recap_text_3_2_6	But it seems that kind of success wasn’t meant for Amala. On her second date – with a soft-spoken high school guidance counselor named Jack – it almost looked like there was a chance…at first. But there were no flying sparks, and Amala left disappointed. 	阿玛拉开启了第二场约会，依然不怎么顺利。这位匹配对象名叫杰克，是一位高中辅导员，他说起话来轻声细语，两人之间没擦出任何火花，于是阿玛拉失望地离开了。 
recap_text_3_2_7	Whoa! Looks like there WAS a hidden reason for Mark’s sudden lack of uniform – he wasn’t just on vacation, he’d been SUSPENDED. Who knew Mark was a bad boy!? 	咦，马克没穿制服！所以，他不是在休假，而是被停职了。马克究竟犯了什么事？！
recap_text_3_2_8	Of course, Quinn started digging for more info; Mark explained that he had been punished for investigating Vance, despite being warned not to. Perhaps, Quinn feared, the Gnomes’ influence had even spread to the Brimwave police department. 	于是，奎因就问了马克，马克的说法是，当时警局上级一直警告他不要调查万斯，但他没听劝，把万斯抓捕了，因此受到了惩罚。奎因担心极了，或许地精的势力已经渗透了浪尾岛警署部门。 
recap_text_3_2_9	Quinn couldn’t worry about that, though: with Amala upset, she had to do something. She called on Harrison to play peacemaker, and managed to give a sincere apology to Amala, who graciously accepted. 	不过，奎因现在该操心的不是这个。她得为好朋友做点什么，所以奎因找哈里森做和事佬，向阿玛拉进行了真诚的道歉，承认最近自己忽视了阿玛拉的心情，阿玛拉当然欣然接受了。 
recap_text_3_2_10	The mystery was only deepening, and though Quinn had her two best friends by her side, there was still one person missing: her dad. 	这个谜团越来越离谱，不仅身边两个最好的朋友出了岔子，还有一个人失踪了：她的父亲。
recap_title_4_1	“The Mall” 	大沙滩球购物中心 
recap_subtitle_4_1	Days 44 – 47 	第四十四天~第四十七天
recap_text_4_1_1	Just when things seemed to be calming down again, another ominous omen appeared on Quinn’s doorstep: a leaflet with the words ‘HISTORY REPEATS ITSELF’ scrawled on it. 	最近似乎风平浪静，然而，一张不祥的纸却打破了这份平静。这张纸出现在奎因的家门口，上面写着几个大字：“历史会重演”。 
recap_text_4_1_2	The leaflet – which looked to be advertising the ‘Big Beach Ball Mall’ – seemed fairly old, with the words clearly added more recently. It was an utterly perplexing piece of evidence, and Quinn didn’t quite know where to start. 	这是张宣传“大沙滩球购物中心”的传单，看起来有些年头了，而几个字明显是最近才写上的。真是令人不安又困惑，奎因根本无从下手。 
recap_text_4_1_3	Even if she had, she’d have been immediately sidetracked – because guess who called? That’s right: Colton. The man just couldn’t stay away. He called to say he was coming back soon – which obviously didn’t impress Quinn. And Harrison wasn’t too happy about it, either! 	就算奎因有些想法，她现在也没法开始调查——某个人的电话打扰了她的思路。猜猜是谁打来的？没错，就是科尔顿，这男人永远都惦记着奎因。他打电话告诉奎因，自己马上就会回到浪尾岛。不过奎因对此没什么表示，哈里森得知后也不太高兴！ 
recap_text_4_1_4	Instead, Quinn distracted herself and tried to focus on the mystery of the leaflet (a classic Quinn move) by asking Amala and Lori if they knew anything about the ‘Big Beach Ball Mall’. Neither of them had heard of it, but Lori mentioned that the last time someone tried to build a mall in Brimwave, it never got off the ground. Coincidence? I think not! 	奎因把自己的注意力放到传单上，她分别去问阿玛拉和罗莉，问她们是否知道传单上的“大沙滩球购物中心”，但她们压根没听说过。不过，罗莉提到，之前有人试图在浪尾岛建造一个购物中心，但一直都没开工。这是个巧合吗？不太像哦。 
recap_text_4_1_5	Meanwhile, more drama was brewing. Amala had something to tell Quinn, and she was kind of cautious about her reaction. Amala had come across Harrison on the dating app, Heart2Heart. Quinn had mixed feelings about the news, but decided it wasn’t any of her business. 	同时，更多好戏正在酝酿开场。阿玛拉有话要说，她看起来不知道怎么开口：哈里森居然也在“心电心”相亲app上，阿玛拉看到了他的个人社交账号。奎因听后心情复杂，但她认为这是哈里森的个人自由。 
recap_text_4_1_6	Not long after, Quinn got into an argument with Carmen – it turns out you probably shouldn’t try and tell your friend who’s been single for AGES that she might be moving too fast. And on top of that, she started pressing Carmen about the Gnomes again. Let’s just say it ended badly. 	不久后，奎因和卡门之间再次爆发了争吵。她俩的破裂证明，不要试图干涉朋友的感情问题，尤其是你觉得朋友的感情进展太快了的时候，永远别说。最糟糕的是，奎因又提到了地精，不断地追问，结局当然是糟糕透了。 
recap_text_4_1_7	However, Quinn WAS making progress on the mysterious leaflet front. While Sam thought the idea of a mall was cool, Sophia ruled out the possibility that Ziva would be involved in such a tacky project. Instead, it seemed that the ‘Big Beach Ball Mall’ project was linked to Brimwave’s history. Mark, recognizing the name, suggested that Quinn should talk to Norman about it. 	不过，传单一事有了新的进展。山姆认为购物中心很酷，但索菲娅认为，姬瓦不会在这种俗气的项目上参与投资。马克知道这个商场的名字，“大沙滩球购物中心”似乎与浪尾岛的历史有关，他建议奎因去问问诺曼。 
recap_text_4_1_8	Norman proved right away that he was definitely the person to talk to. Back in the eighties, he had fearlessly led a local protest group that campaigned against the construction of the infamous ‘Big Beach Ball Mall’. 	诺曼听闻后，表示奎因可问对人了。在八十年代，他领导了一个抗议组织，专门与购物中心背后的资本对抗，他们反对在浪尾岛上建造“大沙滩球购物中心”，当时这个商场简直臭名昭著。 
recap_text_4_1_9	The insidious corporation behind the mall had been trying to acquire the land Quinn’s restaurant was built on, and Norman’s group – together with Carmen’s parents and other Brimwave residents – had managed to stop them. 	购物中心背后的公司十分阴险，一直在试图收购奎因餐厅的地产。诺曼的组织一直都在抗争这种卑鄙行为，卡门的父母也在组织里呢。结果是，他们暂时成功了。 
recap_text_4_1_10	And the name of their group? The Bitter Gnomes. 	你问这组织叫什么？叫“愤怒地精”！ 
recap_text_4_1_11	That’s right! Norman was once the leader of the Gnomes – but it seemed the group had changed their principles since he had been in charge. Now the question is: why? And what were they up to? 	没错，诺曼曾经是地精的领导者。不过，现在看来，地精已经抛弃了原来的初衷，完全改变了。问题是，地精为什么会变成现在这样？他们的目的又是什么？ 
recap_title_5_1	“Gym Rat” 	健身狂科尔顿 
recap_subtitle_5_1	Days 48 – 50 	第四十八天~第五十天
recap_text_5_1_1	Well, it did seem inevitable, didn’t it? Colton was back on the scene, and he had plans. 	科尔顿的回归看起来是不可避免的，他自有计划。 
recap_text_5_1_2	While back home in Soldale for the past few weeks, Colton had been hitting the weights, and he brought that gym bro energy back to Brimwave. Overcome with excitement to get his family back together and get them fit, he quickly proposed turning one of the restaurant’s disused rooms into a gym. Quinn wasn’t convinced but she couldn’t help but give him a chance. 	过去的几周，他回到了内陆的家中，并一直在举铁、训练肌肉，于是他也把健身的风气带到了浪尾岛。科尔顿觉得自己能挽回家人，而且带着她们一起强身健体，他兴奋极了。所以科尔顿提出将餐厅的一个废弃房间改造为健身房。奎因其实并没有被说服，但她还是想给前夫一个机会。 
recap_text_5_1_3	Nothing could be simple in Quinn’s world, could it? She soon discovered some suspicious, sandy footprints in the kitchen that didn’t seem to belong to anyone they knew. 	奎因的世界里总是困难重重，这不，她又发现了一些奇怪的东西。厨房里有些可疑的脚印，这脚印不属于她们任何人。 
recap_text_5_1_4	But wait, there’s more! A bunch of fish was missing from the freezer! It looked like another mystery was afoot. And it was just as well! Quinn probably needed a distraction from Colton’s overenthusiastic return. 	等会儿，事情还没这么简单。冰柜里的鱼少了很多！看起来，又来了一个谜团。奎因认为，是时候从科尔顿的热情提议中抽离出来，调查这奇怪的一切了。 
recap_text_5_1_5	The next day, she invited Mark round to help make some professional theories about where the footprints came from. Mark was pretty confident they were from a man, and as if right on cue, a barefoot Harrison showed his face. Or…feet? Either way, that’s that mystery solved. Right? 	第二天，奎因把马克请了过来，这位警官当然知道关于脚印的专业知识。马克看后，自信地表示这脚印属于一个男性，于是，一张人脸在所有人的脑海中浮现……哈里森？他有时候就不穿鞋……这谜团看似解开了，但哈里森为什么要偷鱼呢？ 
recap_text_5_1_6	Mark granted Quinn the title of ‘Junior Detective’ for her stellar work. But hold on…why would Harrison, a fisherman, be stealing fish? It simply didn’t add up. Was there some kind of connection between the Gnomes, the ‘Big Beach Ball Mall’, and the missing fish? 	马克授予奎因“初级侦探”的称号，她已经具备了破案的潜质。但稍等一下，为什么哈里森一个渔民会偷鱼啊？这说不通吧。这些鱼和地精、大沙滩球购物中心有什么关系么？ 
recap_text_5_1_7	Despite Quinn’s efforts to distract herself, Colton was somehow becoming less annoying. Quinn hated to admit it: she was missing the early days of their relationship – back before they opened the restaurant. The good old days… 	奎因努力让自己别多想，她同时发现，科尔顿似乎没有原来那么烦人了。这时，奎因不得不承认，她开始怀念原来那段恋爱的日子，当时还没有餐厅，真的非常美好…… 
recap_text_5_1_8	If only Colton would stop being so immature! He was clearly still jealous of Harrison – and even suggested that Harrison could be purposefully undersupplying them with fish, but Quinn was quick to dismiss that as nonsense. 	如果当时，科尔顿再成熟一点就好了！他还在嫉妒哈里森，甚至明说哈里森可能缺斤少两，少给了很多鱼，但奎因认为，这当然不可能。 
recap_text_5_1_9	Colton had an ace in the hole, though: while he was back home, he’d paid off his debts. But not by himself. His family had helped him out of his fiscal catastrophe, and Colton was more than ready to turn over a new leaf. He said that he was ready to be dedicated to THEIR family now. Oh, the sweet melody of responsibility – music to Quinn’s ears… 	不过，科尔顿在挽回奎因这件事上亮出了王牌——他已经把债务还清了，虽然是他家人帮他还的吧，但他已经摆脱了债务问题，准备开启新的人生了。科尔顿诚恳地说，他愿意为家庭付出一切。哦，真是个负责的男人，奎因有点沦陷了，耳畔响起了浪漫的音乐…… 
recap_text_5_1_10	…but at the moment they almost kissed, Harrison walked in. Ahem. Way to ruin a moment. 	两人越来越近……马上就要吻在一起了！这一刻，哈里森走了进来，彻底破坏了浪漫的氛围。 
recap_text_5_1_11	Maybe there was still a spark – somewhere, deep down. But either way, there was a rocky road ahead. 	或许吧，他们的心中都还保留着爱的火花，只是藏得太深了。但不论如何，前方都是崎岖而困难的。 
recap_title_5_2	“Monster, Monster!” 	有怪物！ 
recap_subtitle_5_2	Days 51 – 52 	第五十一天~第五十二天
recap_text_5_2_1	A new clue! While clearing out some junk to make way for yet more gym equipment, Quinn and Colton found a tiny little fish, stripped to the bone. What the heck!? 	奎因和科尔顿在一起清理垃圾，他们打算为健身房腾出一些空间。突然，一条新的线索出现了，他们发现了一条小鱼的鱼骨，什么意思？ 
recap_text_5_2_2	Colton was insistent that they must have rats and offered to call an exterminator – but after Quinn dismissed that idea, Colton set his sights on Sam. Sam quickly proved his loyalty (because he’s a sweetheart) by offering to pay for replacement fish with his own money. 	科尔顿坚持认为这是老鼠搞的鬼，并打算进行一些灭鼠操作。但奎因觉得不可能，于是科尔顿又开始怀疑是山姆偷了鱼，但山姆很快就澄清了自己，一方面是因为他一直是个乐于助人的小甜心，另一方面是因为，这些鱼是他自费为餐厅购买的。 
recap_text_5_2_3	Tired of all of Colton’s silly accusations, Quinn turned her focus to something more important, and called Carmen over to apologize for their fight – but of course it didn't go well at all. It was up to Lori to step in and break up their little tiff. 	科尔顿的解释真的有点蠢，奎因也不想和他掰扯了，她把注意力转移到更重要的事情上。奎因给卡门打了个电话，对二人的争吵主动道歉，但不太顺利。于是，罗莉开始帮忙修补两人的嫌隙。 
recap_text_5_2_4	Luckily, the next day Colton was out running errands – which gave Quinn a chance to clear her head. She met with Ziva, who praised the idea of turning the backroom into a gym – but revealed that she had other reasons for her visit. 	还好，科尔顿第二天出去办事了，奎因终于有时间清醒一下了。她去见了姬瓦，姬瓦称赞了关于健身房的想法，不过她透露，自己此行还有一个目的。 
recap_text_5_2_5	The squabble between Quinn and Carmen had gone on for long enough, and Ziva was ready to extinguish it. Seeing no reason to keep Ziva in the dark, Quinn finally explained to her all the mysteries surrounding the restaurant. Ziva listened, and promised to talk to Carmen about how much Quinn needed her help. 	奎因和卡门的争吵已经持续了太长时间，奎因希望姬瓦插手，帮她们和好。此外，奎因觉得没必要向姬瓦隐瞒了，向她说出了餐厅的所有谜团。姬瓦听后，答应了奎因的请求，表示自己要去和卡门谈谈。 
recap_text_5_2_6	But then a new twist revealed itself! Sophia came with some spicy news: she’d matched with Harrison on Heart2Heart. Harrison, you naughty boy! 	然后就发生了一件狗血的事！索菲娅过来对奎因说，她在心电心app上和哈里森配对成功了。现在我们这里是什么情况？ 
recap_text_5_2_7	Quinn tried to act unbothered, but she couldn’t help but feel a little hurt – especially after Sophia accused her of being “all over” Harrison not too long ago. Sophia was, apparently, trying her hardest to make a complicated love triangle into a love square. What a mess! 	奎因装出一副不在乎的样子，但她心里还是有点受伤，索菲娅还指责她对哈里森不专一。显然，索菲娅的加入让这段三角恋变得更奇怪了，他们几个简直都能组成配对群体了，真是一团糟！ 
recap_text_5_2_8	It appeared that things around the restaurant had hit a lull…but not for long – Olivia came screaming “Monster, monster!” 	餐厅周围似乎是没什么奇怪的事了……但好景不长，奥利维亚突然尖叫着跑来，她大喊：“怪物，怪物！” 
recap_text_5_2_9	Apparently, after sneaking into the freezer to take an ice cream, she’d seen something move in the shadows. Colton stepped up to go and face the monster… 	这孩子偷偷溜到冰箱，想去拿冰激淋，却看到阴影处有什么在移动，科尔顿站出来了，走上去一探究竟…… 
recap_text_5_2_10	…but in the end, it wasn’t a spine-tingling monster. Instead, all they found was a very satisfied Coconut rolling around in an endless supply of fishy treats. 	其实，根本就不是什么怪物，而是滚来滚去的小椰子——它一身鱼腥味，在冰柜里滚来滚起，开自助餐呢。 
recap_text_5_2_11	What a hullabaloo over nothing! Maybe Quinn’s mystery senses weren’t fully attuned. Or maybe her senses were clouded by all the drama. Either way, she was glad it wasn’t another Gnome plot. 	奎因心里终于松了口气，还好不是什么地精的阴谋！奎因体质特殊，太容易陷入奇怪的谜团里了，她已经习惯了这些，却依然有些累。不管如何，现在的结局是好的！ 
recap_text_5_2_12	But she knew it was only a matter of time until a new diabolical plan unfolded… 	但奎因知道，事情还没有结束呢，地精的邪恶计划还需要时间…… 
story_recap_title	Harbor Gossip	小港八卦
story_recap_bubble_1	Hey there, ready to read the latest gossip?	嘿，准备好接收最新的八卦了吗？
story_recap_bubble_2	Missed the gossip? Don’t worry, I’ve got you covered!	错过了八卦？没关系，我来替你补课！
story_recap_bubble_3	Come grab your copy of Harbor Gossip!	拿一本你的小港八卦吧！
story_recap_bubble_4	I’ve got all the latest Brimwave drama!	这里有绝对的一手八卦！
story_recap_bubble_5	Look no further! You can find all the gossip right here!	走过路过别错过！来吃最新鲜的瓜！
story_recap_volume	Volume {0}	第{0}卷
story_recap_coming_soon	coming soon	敬请期待
recap_guide1_1	Hey! I know a lot goes on in Brimwave, but we’ve got you covered! 	在浪尾岛发生了很多故事，快来这里复习吧！
recap_guide1_2	Click here to visit the news stand! 	点击这里参观报刊亭！
story_recap_entry	Recap	剧情回顾
pop_buff_gold_title	Gold Rush!	淘金热!
pop_buff_energy_title	Energy Mania!	能量狂欢!
pop_buff_eventtoken_title	Event Points Plus!	积分狂欢!
pop_buffitemcd_title	The Cooldown Perk!	冷却助力!
pop_buff_gold_desc	<color=#fef733>For {0}m</color>, earn bonus coins by completing orders!	<color=#fef733>{0}分钟内</color>，完成订单可赚取额外金币!
pop_buff_energy_desc	<color=#fef733>For {0}m</color>, earn bonus energy by completing orders!	<color=#fef733>{0}分钟内</color>，完成订单可赚取额外能量!
pop_buff_eventtoken_desc	<color=#1c8ee6>For {0}m</color>, earn bonus event points by completing orders!	<color=#1c8ee6>{0}分钟内</color>，完成订单可赚取额外活动积分!
pop_buffitemcd_desc	<color=#fef733>For {0}m</color>, all generators will skip the cooldown timer!	<color=#fef733>{0}分钟内</color>，移除母体棋子冷却时间!
album_recycle_title	Star Store	星星小铺
album_recycle_starnum	You have: {0} <sprite="icon_property" name="icon_star"> on duplicate cards	你有：{0}颗重复卡牌星星<sprite="icon_property" name="icon_star">
album_recycle_desc	Redeem stars from duplicate cards to earn rewards!	使用重复卡牌上的星星兑换奖励
album_recycle_skip_btn	Skip	跳过
album_recycle_tip	Not enough stars!	星星数量不足！
album_recycle_confirm_desc_1	The duplicate cards below can be redeemed for stars!	我们已自动为你选出了用于兑换的卡牌
album_recycle_confirm_desc_2	You will use <color=#fff36f>{0}</color> cards and consume <color=#fff36f>{1}</color><sprite="icon_property" name="icon_star">.	你将使用<color=#fff36f>{0}</color>张重复卡牌，共消耗<color=#fff36f>{1}</color>颗<sprite="icon_property" name="icon_star">
album_recycle_btn	Redeem	兑换
seaChest_bigprize	Find <sprite="icon_property" name="icon_key"> to win	找到<sprite="icon_property" name="icon_key">获得
seaChest_bigprize_content	Rewards:	奖励:
seaChest_bigprize_desc	You found a prize pearl!	你找到了珍珠!
seaChest_bigprize_title	Congratulations!	恭喜!
seaChest_btn1	OK	好的
seaChest_btn2	Go!	冲!
seaChest_btn3	Claim	领取
seaChest_btn4	Great!	太好了
seaChest_btn5	OK	好的
seaChest_btn6	Claim	领取
seaChest_btn7	OK	太棒了
seaChest_desc	Find all the <sprite="icon_property" name="icon_key"> to get the big treasure!	找到全部的<sprite="icon_property" name="icon_key">获得终极大奖!
seaChest_empty	Empty!	空的!
seaChest_end_desc	Quinn didn't manage to find the treasure. Maybe next time!	奎因没能找到宝藏，等下一次寻宝再加油!
seaChest_end_desc_find	With your help, Quinn found the treasure!	在你的帮助下，奎因找到了宝藏!
seaChest_end_return	Unused Tridents converted to:	未使用的三叉戟转化为:
seaChest_end_title	Event Over	活动结束
seaChest_finalprize_desc	You found all the pearls, and the treasure too!	你找到了全部珍珠，获得宝藏!
seaChest_finalprize_title	Congratulations!	恭喜!
seaChest_guide_1_1	Earn tridents by using energy. Here's one to start off our search!	消耗体力可以获得三叉戟。现在你有了一个，让我们来开始寻宝吧！
seaChest_guide_1_2	Choose an oyster and tap to open it.	选择一个贝壳，点击打开它。
seaChest_guide_1_3	Pearls mean rewards, but there's a bigger reward for collecting all of them!	找到珍珠就可以获得下方的奖励，集齐全部珍珠还有终极大奖！
seaChest_howtoget	How to earn tridents?\n1) Use energy\n2) Random drops from oysters	如何获得三叉戟？\n1. 消耗体力\n2. 打开贝壳有概率获得
seaChest_instruction_1	Use energy to earn Tridents	消耗体力获得三叉戟
seaChest_instruction_2	Choose an oyster and open it	选择一个贝壳并打开它
seaChest_instruction_3	Find pearls and win rewards!	找到珍珠获得对应奖励
seaChest_instruction_title	How the Event Works	活动规则
seaChest_notenoughkey	Not enough tridents!	三叉戟不足!
seaChest_pre_countdown	Event starts in:	活动即将开始:
seaChest_pre_desc	There are rumors of treasure on Brimwave's shores, and Quinn is determined to find it!	有传言说，浪尾岛的海底有宝藏，奎因决心找到它！
seaChest_pre_start	Event starts!	活动开始!
seaChest_title	The Undersea Search	海底寻宝
item_jazz_re_ch_1_1_1_name	Blue Notes Box	抒情蓝调礼盒
item_jazz_re_ch_1_2_1_name	Cool Jive Box	炫光点歌礼盒
item_jazz_re_ch_1_3_1_name	Smooth Groove Chest	柔和律动宝箱
item_jazz_re_ch_1_4_1_name	Zoot Suit Chest	复古时髦宝箱
item_jazz_re_ch_spe_1_name	Cat's Meow Chest	显赫奢华宝箱
album_speedup_confirm_desc	You will spend {0} <sprite="icon_property" name="icon_gem"> to speed up.	你将使用 {0} <sprite="icon_property" name="icon_gem"> 加速。确定吗？
GoldSearch_end_return	Unused <sprite="icon_property" name="icon_hammer"> converted to:	未使用的<sprite="icon_property" name="icon_hammer">转化为:
GoldSearch_gift_name	Gold Rush Pack	掘金大礼包
GoldSearch_gift_desc_1	You can only choose one bundle!	挑一个你最喜欢的吧！
event_end_remind_desc	Event Almost Over!	活动时间所剩无几!
album_end_remind_desc	There's not much time left until this event ends, so move fast!	在本届集卡活动结束前完成收集!
event_end_remind_btn	GO	开始!
task_144_1	The Firestarter	再次着火
task_144_2	Twisted Firestarter	故意纵火？
task_144_3	Low Battery	精疲力尽
task_144_4	Brain Power	头脑风暴
task_144_5	Deep Purple	紫色布料
task_144_6	Pawns and Players	游戏的一环
task_144_7	Excuses, Excuses	全是借口
task_144_8	Couch Calling	沙发的召唤
task_144_9	Fire Damage	损失
task_144_10	The Deadline	无法通融的期限
task_144_11	A Little Concern	莱利的担忧
task_144_12	Under Pressure	缓解压力
task_144_13	The Purple Dragon	喷火紫色恶龙
task_144_14	Flower Power	花花能量
task_144_15	Nightmare Fuel	梦魇克雷恩
task_144_16	Cinderella	像灰姑娘一样
task_145_1	Back in Action	重新行动
task_145_2	No Visitors	谢绝探病
task_145_3	Work and Research	历史小课堂
task_145_4	Flashy Badge	警徽也行不通
task_145_5	Did You Know…	冷知识！
task_145_6	Missing Person	谁送的花？
task_145_7	Tangled Nets	一团糟
task_145_8	Hard Facts	无可动摇的事实
task_145_9	Pointing Fingers	胡乱指责
task_145_10	Dead Leaves	枯叶的妙用
task_145_11	Under the Radar	毫无痕迹
task_145_12	The Third-Degree	严厉逼供
task_145_13	The Protector	最帅保镖马克
task_145_14	Hot Head	矛盾爆发
task_145_15	Copy That	发号施令
task_146_1	Hidden Talent	垃圾处理小能手
task_146_2	Curious Incident	奇怪的小插曲
task_146_3	Hot Pursuit	信任危机
task_146_4	Doubting Dom	可疑的多米尼克
task_146_5	The Caretaker	尽责守卫者
task_146_6	The Results Are In	检测结果出来了
task_146_7	Old Doubts	陈年往事
task_146_8	Flimsy Heels	细高跟鞋
task_146_9	Day Watch	白班
task_146_10	Kept in the Dark	蒙在鼓里
task_146_11	Time Machine	如果有时光机
task_146_12	Mystery Magnet	谜团磁铁奎因
task_146_13	Good Times Roll	追忆美好时光
task_146_14	Tissue Anyone?	需要纸巾吗？
task_146_15	Discharged	出院许可
task_147_1	Precious Cargo	贵重物品
task_147_2	Welcome Home	欢迎回家
task_147_3	The Note	纸条留言
task_147_4	Heart's Truth	接受命运
task_147_5	Enemy No. 1	头号敌人
task_147_6	Live Bait	诱饵卡门
task_147_7	No More Apologies	道歉也没用
task_147_8	Calling for Backup	增援
task_147_9	Nesting	小鸟归巢
task_147_10	The Afterparty	大肆狂欢
task_147_11	Vile Woman	坏女人
task_147_12	Ready, Set…	等待行动
task_147_13	Your Own Good	都是为了你好
task_147_14	Excuses, Excuses	重重借口
task_147_15	Crocodile Tears	鳄鱼的眼泪
task_147_16	Trick no Treat	只有戏弄，没有真情
item_flower_re_ch_1_1_1_name	Blossom Chest	盛放礼盒
item_flower_re_ch_1_2_1_name	Sunny Chest	明媚礼盒
item_flower_re_ch_1_3_1_name	Fragrant Chest	芬芳礼盒
item_flower_re_ch_1_4_1_name	Hovering Chest	翩翩礼盒
item_flower_re_ch_spe_1_name	Vibrant Chest	生机盎然礼盒
item_lost_re_ch_1_1_1_name	Blossom Chest	盛放礼盒
item_lost_re_ch_1_2_1_name	Sunny Chest	明媚礼盒
item_lost_re_ch_1_3_1_name	Fragrant Chest	芬芳礼盒
item_lost_re_ch_1_4_1_name	Hovering Chest	翩翩礼盒
item_lost_re_ch_spe_1_name	Vibrant Chest	生机盎然礼盒
task_148_1	Dark Tower	黑暗之塔
task_148_2	Design 101	设计101
task_148_3	Step On In	一起帮忙
task_148_4	Team Meeting	分工明确
task_148_5	Dusty History	客房之谜
task_148_6	Overnight Run	连夜逃跑
task_148_7	Cut Lose	及时补救
task_148_8	The Sirens	警笛
task_148_9	By a Hair	就差一点
task_148_10	Recruiting Agent	成立交流会
task_148_11	That's That	这样就好
task_148_12	Take Time	交给时间
task_148_13	Poof, Gone	凭空消失
task_148_14	No Justice	警局内鬼
task_148_15	Pause, Rewind	猜忌奎因
task_148_16	Going in Circles	原地踏步
task_149_1	Starting Point	着手点
task_149_2	Defensive Line	早晨来电
task_149_3	Confusing Crane	克雷恩之谜
task_149_4	Work Outing	外出工作
task_149_5	Intro to Gnomes	地精组织的门槛
task_149_6	House Expert	最好人选
task_149_7	Big Cheese	意料之外
task_149_8	Prickly Thorns	约会愉快
task_149_9	On the Fence	夹在中间
task_149_10	Ziva's Knight	姬瓦背后的秘密
task_149_11	Ghost in the Room	真假职业
task_149_12	Thorn in the Side	及时行乐
task_149_13	Late Apologies	迟来的道歉
task_149_14	Rogue Asset	照片盗贼
task_149_15	Facing Hydra	迎战“九头蛇”
task_150_1	Brighter Side	寻宝计划
task_150_2	In the Corner	转折点
task_150_3	Cut in Two	兵分两队
task_150_4	Team Tactics	商讨战术
task_150_5	Cold Choices	固执的选择
task_150_6	Pickle Jar	政治游戏
task_150_7	Better Than That	更好的发展
task_150_8	The Shadow	地精的阴影
task_150_9	Ghost Story	幕后故事
task_150_10	Concerned Corner	无能为力
task_150_11	House Rules	职业低谷
task_150_12	Set it Off	和平相处
task_150_13	Family Friend	姬瓦的婚姻
task_150_14	A Friendly Game	橄榄球
task_150_15	Uneven Field	未知风险
timed_order_banana_title	Banana Peel's Prize	浣熊出没!
timed_order_banana_desc	Finish a time-limited order for Banana Peel the raccoon to earn a reward!	完成小香蕉浣熊的限时订单并获得奖励！
item_west_re_ch_1_1_1_name	Rancher's Chest	牧场主宝箱
item_west_re_ch_1_2_1_name	Prickly Cactus Chest	荒野仙人掌宝箱
item_west_re_ch_1_3_1_name	True North Chest	镖客罗盘宝箱
item_west_re_ch_1_4_1_name	Bad Bandit's Chest	斗牛宝箱
item_west_re_ch_spe_1_name	The Prospector's Chest	探索者宝箱
invite_friend_title	Better With Friends	邀请好友
invite_friend_step_1	Invite your friends to play	邀请你的好友玩游戏
invite_friend_step_2	Your friends join the game	你的好友加入
invite_friend_step_3	Claim your rewards!	领取奖励！
invite_friend_desc_1	Friends Joined:	加入的好友
common_rethink_btn	Rethink	再想想
invite_friend_btn	Invite	邀请
invite_success_title	Party Time!	好友加入!
invite_success_desc	Your friend has started playing!	您的好友已加入游戏!
invite_success_btn	OK	太棒了
loading_tips_1	Long-press on decorations to change them!	长按场景装扮，可以更换它哦！
loading_tips_2	If the board is full, drag items to your inventory to store them.	棋盘满了？试试把棋子放进仓库吧！
progress_pack_reward_claimed	Claimed	已领取
task_151_1	Playing With Fire	玩火
task_151_2	Your Rodeo	意见分歧
task_151_3	Proverbial Bull	孤军奋战
task_151_4	Playing The Villain	再访庄园主建筑
task_151_5	Errant Investigator	奎因在哪？
task_151_6	Beyond Redemption	无药可救
task_151_7	Restoration	安全住处
task_151_8	Evil Queen	无法信任
task_151_9	Next Door	住在隔壁
task_151_10	Second Chances	给她个机会
task_151_11	Off The Board	立场不同
task_151_12	Bring It	拿下游戏
task_151_13	Healthy Attitude	积极态度
task_151_14	Imposition	意外来电
task_151_15	A Ghostly Gift	神秘礼物
task_152_1	Deal Breaker	手握把柄
task_152_2	Creature of Influence	内心的独角兽
task_152_3	Package Delivery	克雷恩的礼物
task_152_4	A Look Inside	一枚戒指
task_152_5	Frankie's Homework	弗兰基的调查
task_152_6	Something Borrowed	母亲的戒指
task_152_7	Left in Doubt	陷入迷茫
task_152_8	Happy Spirits	状态好转
task_152_9	True Crime	事情真相
task_152_10	Hold Me Back	再度失望
task_152_11	Shock, Horror	脸色煞白
task_152_12	Lori's Theory	罗莉的理论
task_152_13	Scare Tactics	心理战术
task_152_14	History Hoard	突破点
task_152_15	Mysterious Morello	神秘莫雷洛家族
task_153_1	Juggling Questions	谜团重重
task_153_2	Vance's Revival	满血复活的万斯
task_153_3	Light Guesswork	猜想
task_153_4	Fabled Enemies	假想敌
task_153_5	College Try	坚定的拒绝
task_153_6	Bad Influence	相提并论
task_153_7	Like a Hawk	紧盯姬瓦
task_153_8	Off Day	倒霉的一天
task_153_9	Morello Sleepover	客房原主人
task_153_10	Food Brain	满脑子吃的
task_153_11	The Headhunter	交流会猎头
task_153_12	Taming the Flames	暴风雨前的宁静
task_153_13	Playing with Fire	玩火
task_153_14	Lies and Half-Truths	谎言和瞎话
task_153_15	Unknown Informer	伤心的科尔顿
task_154_1	Mr. Softie	脆弱多米尼克
task_154_2	Steady Shadows	无处遁形
task_154_3	Missing Morello	莫雷洛女士
task_154_4	Fresh Misery	性格相似
task_154_5	Art Relief	绘画疗愈法
task_154_6	The White Flag	休战吧
task_154_7	Rightly Buried	合理公正
task_154_8	Gravy Boat	轻松一点
task_154_9	Live Telly	狗血剧直播
task_154_10	Well Aware	回不到从前
task_154_11	Another Day	放下疑问
task_154_12	United Front	统一战线
task_154_13	Cool Jets	冷静一点
task_154_14	New Bridge	一笔勾销
task_154_15	Good News, Bad News	不利证物
task_154_16	Party Gnome	地精派对
task_154_17	Played for Fools	被耍了
progress_pack_title	Energy Challenge	能量挑战!
progress_pack_desc	Earn up to <size=130%><color=#FFE400>{0}</color> <sprite="icon_property" name="icon_energy"></size>!	赢取至多<size=130%><color=#FFE400>{0}</color><sprite="icon_property" name="icon_energy"></size>！
progress_pack_bought_desc	Keep collecting coins to earn rewards.	继续收集金币来完成挑战！
progress_pack_finish_desc	Challenges complete! Claim your rewards before the time's up!	所有挑战完成！请在时间结束之前领取所有奖励！
progress_pack_task_desc	Collect {0} coins	收集{0}金币
progress_pack_purchase_title	Rewards Locked	奖励未解锁
progress_pack_purchase_desc	Buy now to claim the rewards you've earned!	请先购买来领取你已经完成的挑战奖励！
character_intimacy_amala_idle_1	The tallest mountain on Earth is actually a volcano!	世界上最高的山是一座火山！
character_intimacy_amala_idle_2	I hope you've finished your homework! Just kidding.	希望你做完作业了！哈哈，开玩笑的。
character_intimacy_amala_idle_3	Do you want a gold star? I've got the BEST gold stars!	你想要一个金星星吗？我会奖励你最漂亮的星星！
character_intimacy_amala_idle_4	I might have a power-nap during recess…	我有个特殊的能力：在课间休息的时候打盹……
character_intimacy_amala_idle_5	Oh boy. I think we have finger painting scheduled later.	天哪，我们接下来该画手指画了。
character_intimacy_amala_idle_6	I read an pretty interesting article online the other day…	前几天，我在网上读到了一篇特别有趣的文章……
character_intimacy_amala_hello_midnight_1	Oh gosh. Why am I awake right now?	我的天，我怎么这会儿醒了？
character_intimacy_amala_hello_midnight_2	I need to get back to bed. You should too!	我要回去睡觉了，你也快睡吧！
character_intimacy_amala_hello_midnight_3	This isn't good. I have work in the morning.	这可不行，早上我还得起来上班呢。
character_intimacy_amala_hello_morning_1	Morning, class! Oh— It's you. Hi!	同学们早安！哦，是你啊，你好！
character_intimacy_amala_hello_morning_2	Nothing like a good spicy chai to start the morning!	没有什么比香料茶更适合开启每个早晨啦！
character_intimacy_amala_hello_morning_3	It's the calm before the storm…	这是暴风雨前的宁静……
character_intimacy_amala_hello_afternoon_1	I love my class, but BOY am I tired.	我爱我们班的孩子，但管理起来真是太累了！
character_intimacy_amala_hello_afternoon_2	You survived the morning too, huh?	你也挺过了劳累的中午，对吗？
character_intimacy_amala_hello_afternoon_3	Not long until home time, now!	马上就能回家了，就是现在！
character_intimacy_amala_hello_evening_1	Oh, hey! I'm on my way to class. Spin class, I mean.	我正要去上课，别误会，是去上动感单车健身课啦。
character_intimacy_amala_hello_evening_2	Fancy seeing you here! I'm working late.	很高兴在这见到你，我一直工作到了现在。
character_intimacy_amala_hello_evening_3	I swear I'll go home soon.	我发誓马上就会回家。
character_intimacy_amala_hello_night_1	Hey, get to bed! It's a school night. I think.	嘿，该上床睡觉了，明天还要上班呢。
character_intimacy_amala_hello_night_2	Did you have too much sugar or something?	你是摄入了太多糖分吗？
character_intimacy_amala_hello_night_3	Hey you! I'm just finishing up some lesson plans!	你好，我刚备完课，做了一些计划。
character_intimacy_amala_gift_1	Thanks so much! You're so kind.	太谢谢你了，你人真好。
character_intimacy_amala_gift_2	Ah! This'll help me get through the next period.	啊，它一定会帮我度过下一段时光。
character_intimacy_amala_gift_3	This is just what I needed!	我刚好需要这个！
character_intimacy_amala_gift_4	Aw! I don't deserve this. Thank you!	哦！这真是太贵重了，谢谢！
character_intimacy_amala_gift_5	A gift? For me? That's lovely.	礼物？给我的？太可爱了吧。
character_intimacy_amala_gift_6	Thanks! That's so sweet.	谢谢，真是太棒了。
character_intimacy_amala_gift_prefer_1	Wow! You've been paying attention in class!	哇哦，看来你上课的时候好好听讲了！
character_intimacy_amala_gift_prefer_2	Seriously!? This can't be for me!	这不会是给我的吧？！真的吗？！
character_intimacy_amala_gift_prefer_3	Aw! How did you know I loved these?	你怎么知道我喜欢这个的！
character_intimacy_amala_gift_prefer_4	Oh, you DEFINITELY get extra marks for this!	哦，我一定会给你加分！
character_intimacy_amala_gift_prefer_5	Someone's looking for extra credit!	看来有人想要一些额外小奖励哦？
character_intimacy_amala_level_up_1	I don’t have teacher’s pets, but…	我现在还没有特别偏爱的学生，要不然你……
character_intimacy_amala_level_up_2	You and me, we're going out later!	咱们俩一会儿出去玩吧！
character_intimacy_amala_level_up_3	What would I do without you?	没有你，我可怎么办啊？
character_intimacy_amala_level_up_4	You know what? I give you an A-plus!	你猜怎么着？我要给你一个优秀的评价！
character_intimacy_amala_level_up_5	Have you been studying friendship? It's paying off!	你一直在学习如何促进友谊吗？学得也太好了！
character_intimacy_amala_gift_ready_1	One of the kids got me this…do you want it?	这是一个孩子给我的，你想要吗？
character_intimacy_amala_gift_ready_2	Just a little something to say thanks!	给，这是我表达谢意的礼物！
character_intimacy_amala_gift_ready_3	For my favorite student.	给我最喜欢的学生。
character_intimacy_amala_gift_open_1	What do you think? Do you like it?	你觉得怎么样，喜欢吗？
character_intimacy_amala_gift_open_2	I hope you like it!	希望你喜欢！
character_intimacy_amala_gift_open_3	So? Is it an A-plus gift or what?	怎么样？我送的礼物是不是超级棒？
character_intimacy_amala_desc	A patient school teacher with mama bear energy.	像妈妈一样有耐心的老师。
character_intimacy_profile_amala_job	Kindergarten Teacher	幼儿园教师
character_intimacy_profile_amala_relationship	Quinn's and Harrison's best friend, Vance's cousin.	奎因和哈里森的最好的朋友，万斯的表亲。
character_intimacy_profile_amala_like	Chai, spin class, romance novels	奶茶、动感单车、言情小说
character_intimacy_profile_amala_dislike	Litter, mediocre stationery	垃圾、廉价文具
character_intimacy_profile_amala_story	As a middle child of an esteemed family, Amala has always had to juggle living in the shadow of her older sister, and being a role model to her tenacious brother and sisters. She found her calling in education, but strives to have a life outside the busy classroom. Amala volunteers, dabbles in tap dancing, coding and crocheting, and values her peace and quiet – at least when she can find it.	作为一个备受尊敬的家族中的第二个孩子，阿玛拉从小就活在她姐姐的阴影之下，并努力想要成为她弟弟妹妹们的楷模。终于，她在教育界找到了自己的价值。同时在忙碌的课堂之外，她也在努力寻找属于自己的生活。于是在工作之余，阿玛拉也在从事志愿者工作、并且还尝试了踢踏舞、编程和钩针编织等活动，每每此时，她都会沉浸在属于自己的短暂宁静时刻。
amala_intimacy_return_gift_title	Amala's Bookish Reward Box	阿玛拉的读书奖励盒
amala_intimacy_return_gift_desc	A box of rewards for the true teacher's pet. Tap to open!	给老师心中最棒的学生准备的奖励，点击打开！
character_amala_moment_1_name	Not a Golfer	不是高尔夫球手
character_amala_moment_1_desc	She keeps it quiet, but Amala is an avid bowler. It's a welcome stress-reliever.	万万没想到，阿玛拉竟然是狂热的保龄球爱好者，打保龄球是她一直以来缓解压力的好方式。
character_amala_moment_2_name	Dedicated Dinosaur	敬业的园丁
character_amala_moment_2_desc	When it comes to teaching, Amala is never shy; she'll always commit to the bit.	面对工作，阿玛拉从不马虎，她总是会全心投入到教学当中。
character_amala_moment_3_name	Pool Pals	泳池伙伴
character_amala_moment_3_desc	Harrison has always been there for Amala, even when it came to braving the pool.	哈里森一直是阿玛拉的坚强后盾，即便是在游泳池里也不例外。
character_story_amala_1a_name	Perfect Story I	完美故事（一）
character_story_amala_1a_scene	Mishra Family Home	米什拉家族聚会
character_story_amala_1a_intro	At a family event, Amala faces her worst nightmare…	在家族聚会上，阿玛拉要面对最糟糕的一夜了……
character_story_amala_1b_name	Perfect Story II	完美故事（二）
character_story_amala_1b_scene	Mishra Family Home	米什拉家族聚会
character_story_amala_1b_intro	The scramble for good cover stories begins…	一场完美故事的争论大战开始了……
character_story_amala_1c_name	Perfect Story III	完美故事（三）
character_story_amala_1c_scene	Mishra Family Home	米什拉家族聚会
character_story_amala_1c_intro	Amala and Quinn hone in on a foolproof story…	阿玛拉和奎因把故事变得越来越自圆其说……
character_story_amala_2a_name	The Shadow I	姐姐的影子（一）
character_story_amala_2a_scene	Sam's Workshop	山姆的工作室
character_story_amala_2a_intro	Amala turns to Sam for some career advice…	阿玛拉向山姆寻求了一些职业建议……
character_story_amala_2b_name	The Shadow II	姐姐的影子（二）
character_story_amala_2b_scene	Sam's Workshop	山姆的工作室
character_story_amala_2b_intro	Amala thinks about her future as a teacher…	阿玛拉畅想她作为教师的未来……
character_story_amala_3a_name	Special Sauce I	秘制酱料（一）
character_story_amala_3a_scene	Downtown Brimwave	浪尾岛市中心
character_story_amala_3a_intro	Harrison takes Amala to a favorite food truck…	哈里森带阿玛拉去了最棒的热狗摊……
character_story_amala_3b_name	Special Sauce II	秘制酱料（二）
character_story_amala_3b_scene	Downtown Brimwave	浪尾岛市中心
character_story_amala_3b_intro	Amala and Harrison are at a loss of words…	阿玛拉和哈里森有一丝不知所措……
item_gift_amala_1_name	Amala's Bookish Reward Box	阿玛拉的读书奖励盒
item_gift_amala_1_desc	A box of rewards for the true teacher's pet.	给老师心中最棒的学生准备的奖励。
item_toyland_re_ch_1_1_1_name	Bonny Dolly Chest	花花娃娃宝箱
item_toyland_re_ch_1_2_1_name	Full Deck Chest	同花顺宝箱
item_toyland_re_ch_1_3_1_name	Playbox Chest	精巧积木宝箱
item_toyland_re_ch_1_4_1_name	Skylark's Chest	飞天爆竹宝箱
item_toyland_re_ch_spe_1_name	Perfect Playtime Chest	游戏时间宝箱
item_undersea_re_ch_1_1_1_name	Beach Comber's Box	海滨玩乐礼盒
item_undersea_re_ch_1_2_1_name	Shallow Seas Box	清新浅海礼盒
item_undersea_re_ch_1_3_1_name	Kelp Forest Box	海藻森林礼盒
item_undersea_re_ch_1_4_1_name	Deep Sea Box	幽幽深海礼盒
item_undersea_re_ch_spe_1_name	Sweet Neptune Box	甜美海王星礼盒
event_mdnew_preview_desc	You can exchange your points to decorate the event space!  	你可以使用活动积分兑换装饰来装扮活动区域！
invite_link_title	Gossip Harbor	绯闻港口
adventure_btn_continue	Tap to Continue	点击继续
adventure_btn1	OK	好的
adventure_delete_desc	Are you sure you want to delete this item? It cannot be recovered.	确定要删除这个物品吗？删除后将不可撤回。
adventure_delete_title	Are you sure?	确定吗？
adventure_fail_title	Event over!	活动结束!
adventure_guide_1_1	Here are the treasures we're looking for!	这是我们要找的宝藏。
adventure_guide_1_2	Tap here to add the tools to the board, then merge them!	点击将棋子添加到棋盘上，然后合成它们吧。
adventure_instruction_title	How the Event Works	活动规则
adventure_item_unlock	New Item Found!	找到新物品！
adventure_kitchen_btn	Go to Kitchen	去厨房
adventure_pre_countdown	Event starts in:	活动即将开始:
adventure_pre_start	Event starts!	活动开始!
adventure_ready_btn	Go!	冲!
adventure_success_title	All treasure found!	所有宝藏已找齐!
adventure_bubble_delete	Drag items to here to delete them.	将棋子拖拽到此处删除
unclaim_rewards_desc	Uh-oh! Looks like you forgot to collect some rewards. Don't worry, we kept them safe for you.	噢！看来有些奖励你忘记领取了。别担心，我们有替你保管得好好的。
unclaim_rewards_title	Unclaimed Rewards	未领取奖励
offer_tennis	Sportsball Bundle	球类精通礼包
item_tennis_re_ch_1_1_1_name	Bold Topsin Box	勇之正旋礼盒
item_tennis_re_ch_1_2_1_name	Jump Shot Box	厉之灌篮礼盒
item_tennis_re_ch_1_3_1_name	Quick Kicks Box	迅之飞踢礼盒
item_tennis_re_ch_1_4_1_name	Sharp Spike Box	猛之重扣礼盒
item_tennis_re_ch_spe_1_name	Sportsball Chest	精巧运球宝箱
invite_link_desc	Let's play Gossip Harbor together!	快来《绯闻港口》和我一起玩吧！
item_main_glass_1_name	Sea Glass Pebble	一块海玻璃
item_main_glass_2_name	Sea Glass Pebbles	几块海玻璃
item_main_glass_3_name	Sea Glass Cairn	海玻璃小塔
item_main_glass_7_name	Sea Glass Bowl	海玻璃碗
item_main_glass_8_name	Sea Glass Whale	海玻璃鲸鱼
item_caviar_1_name	Taste of Caviar	鱼子酱
item_caviar_2_name	Bowl of Caviar	一罐鱼子酱
item_caviar_3_name	Blinis and Caviar	鱼子酱薄饼
item_caviar_4_name	Caviar Treat	鱼子酱小点
item_caviar_5_name	Lavish Caviar Canape	美味鱼子酱头盘
item_caviar_6_name	Chef's Caviar Special	豪华鱼子酱大餐
hint_cannot_delete	Cannot Delete	无法删除
task_155_1	Mailbox Full	无人接听
task_155_2	The Bull	倒霉保安
task_155_3	Loose Reigns	办法总比困难多
task_155_4	Guest House Roomies	客房室友
task_155_5	Old Cole	曾经的科尔
task_155_6	Inside Scopp	内幕
task_155_7	Upstairs Repairs	楼上的情况
task_155_8	Bitter Pill	难以接受的事实
task_155_9	Spinning Radar	耐心等待消息
task_155_10	Brace, Brace	疯狂弗兰基
task_155_11	Blabbing Bouncer	撬开保安的嘴
task_155_12	Hold the Tomatoes	炸青番茄
task_155_13	A New Theory	另一种可能性
task_155_14	Runaway Cole	逃亡者科尔
task_155_15	Wit's End	明明是朋友
task_155_16	Stop and Go	走走停停
task_155_17	Grown-Up Talk	大人的对话
task_156_1	The Scholars	资深专家
task_156_2	Skunk Ape Schedule	臭鼬猿的活跃期
task_156_3	Nightclubbing	酒吧狂欢
task_156_4	Leads to Chase	弗兰基领先
task_156_5	Wild Ramona	狂野的蕾蒙娜
task_156_6	Anger Comes Easy	火气蹭蹭就上来了
task_156_7	Conflicting Stories	冲突的流言
task_156_8	Inseperable	形影不离三人组
task_156_9	Tourist Hordes	即将到来的赤脚节
task_156_10	Party Girl	派对女孩
task_156_11	Cone Seeker	撞电线杆
task_156_12	Executioner	西装家伙
task_156_13	The Fixer	克雷恩的手下
task_156_14	Top Dog	大红人
task_156_15	Old Souls	老年人的好心态
task_156_16	The Weapon	利器
task_157_1	Caffeine Fiend 	三杯半咖啡
task_157_2	Advanced Search	两份档案
task_157_3	Cyclical Cycles	关系缓和
task_157_4	Low Blow	面对事实
task_157_5	Devious Hands	头号心腹
task_157_6	Phase Three	第三阶段
task_157_7	Second Drafts	拾起写作
task_157_8	Another Look	新的猜测
task_157_9	The Return	科尔回来了
task_157_10	Lost Details	酒后断片
task_157_11	Expert Advice	专业建议
task_157_12	Final Hours	真相大白
task_157_13	Pocket Crane	口袋
task_157_14	Origami Master	纸鹤主人
task_157_15	Subliminal Messages	坦诚相待
task_157_16	Familiar Shoulders	彼此依靠
task_158_1	Best Shot	早安
task_158_2	The Editor	文案编辑
task_158_3	Chicken	不要逃避
task_158_4	Advice Oasis	金点子一箩筐
task_158_5	Scary Woman	可怕的女人
task_158_6	Time Is Money	时间就是金钱
task_158_7	Classic Cole	胆小鬼科尔
task_158_8	Morello House	莫雷洛之家
task_158_9	Cannonballs	自知之明
task_158_10	Sending Hints	克雷恩的提示
task_158_11	With Someone	婚外情猜测
task_158_12	Bad Omen	鬼压床
task_158_13	Stepping Up	惊魂未定
task_158_14	Fresh Start	重新开始
task_158_15	Over the Edge	过界
task_158_16	Verge of Breaking	八卦
task_158_17	Me And You	终于挑明
offer_oresearch	Mystic Cave Bundle	神秘晶洞礼包
Search_end_desc	Oh no! You didn't find all the items in time. Better luck next time!	很遗憾我们没有找到全部物品，下次好运吧！
OreSearch_gift_name	Precious Stones Pack	珍奇矿石大礼包
interaction_cg2_1_1	Help them	帮助她们
interaction_cg2_2_1	Start a new life	开启新生活
joker_card_get_title	Congratulations!	太厉害了!
joker_card_get_desc_1	You've got a	你获得了一张
joker_card_show_name	JOKER CARD	小丑卡
joker_card_timing	Expires in: {0}	有效期:{0}
joker_card_time_expired	Time expired!	已过期!
joker_card_start_choose_btn	Choose now!	现在使用!
joker_card_choose_complete_set	Complete the set	完成卡组
joker_card_choose_btn_tip	Tap to choose the card you want!	点击选择你想兑换的卡牌!
joker_card_show_missing	Only show missing cards	只显示未拥有的卡牌
joker_card_choose_btn	Claim	选择这张
joker_card_choose_confirm_desc	Are you sure this is the card you want?	你确定要兑换这张卡牌吗？
joker_card_choose_confirm_desc2	You already have this card. Do you still want it?	你已经拥有这张卡了，确定仍要兑换吗？
joker_card_choose_confirm_btn	Confirm	确认
joker_card_choose_cancel_btn	Cancel	取消
joker_card_use_finish_title	Card Unlocked!	明智的选择!
joker_card_use_finish_desc	You've unlocked a new card	你拥有了一张新卡牌
album_tutorial_joker_card_title	Joker Card	小丑卡
album_tutorial_joker_card_1	Find the Joker Card during special events!	通过完成特定活动获取小丑卡
album_tutorial_joker_card_2	Use Joker Cards to finish your album faster!	使用小丑卡加速完成卡册收集!
joker_card_choose_confirm_title	Redeem	兑换
pickaxe_notice	Not enough <sprite="icon_property" name="icon_pickaxe">\nCollect it on the main board!	<sprite="icon_property" name="icon_pickaxe">不足，\n快去主棋盘收集吧！
OreSearch_end_return	Unused <sprite="icon_property" name="icon_pickaxe"> converted to:	未使用的<sprite="icon_property" name="icon_pickaxe">转化为:
OreSearch_rule	Turn on <sprite="icon_property" name="icon_boostenergy"> to get multiple  <sprite="icon_property" name="icon_pickaxe">!	开启 <sprite="icon_property" name="icon_boostenergy"> 能量助力获得加倍的<sprite="icon_property" name="icon_pickaxe">！
temp_item_desc	Merge this frozen item with a regular item before the timer runs out to use it for free!	该棋子被冻结了。在倒计时结束前和普通棋子进行合并来使用它！
temp_item_info_desc	Frozen items will vanish when the timer runs out, but you can merge them with regular items before they do!	被冻结的棋子会在倒计时结束后融化消失。但消失之前仍可以和普通棋子进行合并操作。
temp_item_remove_desc	You will remove the frozen item and get a coin. Are you sure you want to do this?	你将移除冻结棋子并获得一个金币。确定要这么做吗？
temp_item_tutorial_1	Look, a frozen item! Let's see what we can do with it!	看，一个被冻结的棋子！我们得尽快采取行动！
temp_item_tutorial_2	Frozen items will melt! Merge it before the timer runs out to use it for free!	被冻结的棋子会融化消失，但在消失之前仍然可以和普通棋子进行合并噢！
progress_conflict_gem	Gems	钻石
progress_conflict_coin	Coins	金币
progress_conflict_level	Level	等级
progress_conflict_storytitle	Story Progress	剧情进度
progress_conflict_storydesc	Day {0}\nTask {1} 	第{0}天\n任务{1} 
progress_save_time_local	Current\n Last update: {0} ago	当前\n最近更新时间：{0} 前
save_progress_desc1	Get exclusive rewards!	获得专属奖励！
save_progress_desc2	Sync your progress across multiple devices!	在多个设备同步你的进度！
save_progress_desc3	Get the latest news on our game!	获取游戏最新资讯！
save_progress_tips	Don't worry, we won't post on your behalf!	我们不会代表您发布任何内容
item_main_glass_4_name	Sea Glass Fish	海玻璃小鱼
item_main_glass_5_name	Sea Glass Bracelet	海玻璃手链
item_main_glass_6_name	Sea Glass Flower	海玻璃花朵
break_egg_time_desc	Times Remaining: {0}	剩余次数：{0}
seaChest_probability	Probability Disclosure	概率公示
activity_merge_sports_title	The Brimwave Race	浪尾岛竞赛
activity_merge_sports_subtitle	Collect sneakers to earn extra event points!	收集运动鞋即可赚取额外的活动积分！
activity_merge_desc	Collect sneakers to earn extra event points!	收集运动鞋即可赚取额外的活动积分！
activity_merge_sports_finish_text	Great work! You've collected all the sneakers! It's time for the awards ceremony.	干得好! 您收集了所有运动鞋! 是时候去参加颁奖典礼了!
task_159_1	Sous Chef Wanted	手忙脚乱
task_159_2	Packed Menu	精致菜单
task_159_3	Flavor Profiles	独特风味
task_159_4	Delivery Boy	救星送货员
task_159_5	Kitchen Thrills	惊险厨房
task_159_6	The Big Race	捉摸不透
task_159_7	Down at City Hall	市政厅楼下
task_159_8	Sharpened Forks	食物里有虫子
task_159_9	Super Jinx	安静午后
task_159_10	Oncoming Storm	风雨欲来
task_159_11	One Man Mob	讨要说法
task_159_12	Taking Fault	公关处理
task_159_13	Sweet Talkin' Sophia	能说会道的索菲娅
task_159_14	Drama King	招摇的市长
task_159_15	Same Place	发现共同点
task_159_16	Sam Savers	拯救山姆
task_160_1	Fighting Fiascos	祸不单行
task_160_2	Imbedded Intruder	莱利的纸鹤
task_160_3	Unlikely Target	不可能的目标
task_160_4	Inspector Ick 	大功告成
task_160_5	New News	新消息
task_160_6	Watchful Eye	警惕
task_160_7	Frankie's Farewell	弗兰基的告别
task_160_8	Out of Left Field	马上就来
task_160_9	Gone Too Soon	刚好错过
task_160_10	Reputation Ruin	名声扫地
task_160_11	Viral Nightmare	无风不起浪
task_160_12	Queens' Orders	明哲保身
task_160_13	First Order	小座谈会
task_160_14	Halls of City Hall	调查监控
task_160_15	Holding Up	危机四伏
task_160_16	Sinking Feeling	惴惴不安
task_160_17	Gloomy Goober	山姆的自责
task_161_1	Flying By	卧室里的纸鹤
task_161_2	Cutting the Strings	拿起剪刀
task_161_3	Open Doors	齐聚一堂
task_161_4	Passing Scores	通过检查
task_161_5	Secret Vault	秘密保险库
task_161_6	Messy Counters	展开调查
task_161_7	Blind Spots	视线盲区
task_161_8	A Can of Worms	市政厅的秘密
task_161_9	Catch and Release	猜忌与信任
task_161_10	The Rescuers	初识
task_161_11	Chemistry Lesson	新助手万斯
task_161_12	Party People	举办派对
task_161_13	Heavy Burdens	压力山大
task_161_14	Parting Pints	离别小酌
task_161_15	Opening the Vault	袒露秘密
task_161_16	All for One	人人为我
task_161_17	One for All	我为人人
task_162_1	Wormy ID	红蚯蚓
task_162_2	Absent Post	山姆离岗
task_162_3	A Game of Tag	出发调查
task_162_4	Morning Alarm	一大早的警告
task_162_5	Break for Pastries	调查必需品
task_162_6	New Measures	加强安防
task_162_7	Battle Armor	酷爆了
task_162_8	Night Watch	夜间警卫
task_162_9	Water Science	浆板冲浪
task_162_10	Silver Lining	一线希望
task_162_11	Open to Doubt	不容置疑
task_162_12	Young Muse	写作灵感
task_162_13	Big Catch	红蚯蚓商人
task_162_14	On the Hook	告知真相
task_162_15	Taking the Bait 	无法接受
task_162_16	Leaving it Behind	努力挽回
task_162_17	Abandoned Tears	好友的背叛
task_163_1	Dialed In	无心玩乐
task_163_2	Deep Funk	轮班陪伴
task_163_3	But Maybe, No	没有如果
task_163_4	Debbie Downer	都走吧
task_163_5	Strange Sight	奇怪的人
task_163_6	The Tower	来杯香槟
task_163_7	In the Dark	哈里森的秘密
task_163_8	Lost Mukseteer	三剑客结束了
task_163_9	Hollow Promise	永不背叛
task_163_10	Writer's Muse	写作灵感
task_163_11	Under the Rug	不是好时机
task_163_12	Time Off	硬撑罢了
task_163_13	In the Water	头脑风暴
task_163_14	New Trends	餐厅爆火
task_163_15	Due Credit	女孩间的谈话
task_163_16	Viral Regrets	哈里森的道歉
task_163_17	Open Declaration	宣战信号
time_2	The previous night…	前一天晚上……
title_text_dock	The Docks	码头
title_text_cafe	Olga's Café	奥尔加咖啡店
title_text_dt	Downtown	市中心
summary_text_159_7	Mark bumps into Lori at the Barefoot Festival meeting…	马克在赤脚节动员会上遇见了罗莉……
summary_text_159_8_2	Mayor Bruno is ready to commence the Barefoot Festival meeting…	布鲁诺市长已经准备好开始赤脚节动员会……
summary_text_161_5	Between classes, Saul visits Amala’s classroom…	课间时分，索尔来到了阿玛拉的教室里……
summary_text_161_14	Colton and Frankie wait for the next ferry to Soldale…	科尔顿和弗兰基在等待下一班前往苏达市的渡船……
summary_text_162_5	Mark insists on making a pit stop before they chase their lead…	马克坚持要在追踪线索前做一个“甜蜜”停顿……
summary_text_162_13_1	Sam and Mark chase their lead back to the marina…	线索引领山姆和马克来到了渔船码头……
summary_text_163_16_2	Sophia tracks down Harrison to record a confession…	索菲娅逮到了哈里森并且录下了他的口供。
chestbuff_title	Bonus Chest Rush	惊喜奖励
chestbuff_desc	Earn a bonus chest by serving orders within the timer!	规定时间内完成订单即可获得额外随机惊喜奖励!
chestbuff_btn	Go!	冲!
chestbuff_popdesc	You'll be randomly rewarded with one of these items:	你将随机获得以下奖励之一:
fblinkrewardwindow_getreward_title	Gifts Delivered	礼物已送达
fblinkrewardwindow_getreward_desc	Thank you for your support. Gossip Harbor has sent you special gifts!	感谢您的支持，我们为您准备了礼物！
fblinkrewardwindow_alreadyhave_title	Gift Already Received	礼物已领取
fblinkrewardwindow_alreadyhave_desc	Follow us on our Facebook Page to find all the latest news about our amazing offers and gifts.	您已经领取过这份礼物。关注我们的\nFacebook主页，获取关于免费福利的最新资讯！
fblinkrewardwindow_expired_title	Link Expired	链接已过期
fblinkrewardwindow_expired_desc	Sorry, this link is no longer available. Follow us on our Facebook Page to find all the latest news about offers and gifts.	真遗憾，此链接已失效。请关注我们的\nFacebook主页，获取关于免费福利的最新资讯。
item_fish_trophy_a_1_name	Top Angler Trophy	钓鱼大师奖杯
item_fish_trophy_c_1_name	Top Angler Trophy	钓鱼大师奖杯
item_fish_trophy_b_1_name	Top Angler Trophy	钓鱼大师奖杯
item_fish_trophy_a_1_desc	For completing the Fisherman's Challenge! Disappears after producing 3 rounds of reward items.	赠予完成所有挑战的钓鱼大师！产生3轮奖励物品后消失。
item_fish_trophy_b_1_desc	For completing the Fisherman's Challenge! Disappears after producing 2 rounds of reward items.	赠予完成所有挑战的钓鱼大师！产生2轮奖励物品后消失。
item_fish_trophy_c_1_desc	For completing the Fisherman's Challenge! Disappears after use.	赠予完成所有挑战的钓鱼大师！用完后消失。
bingo_desc	Connect numbers in a row, column or diagonal to get BINGO and get rewards!	小球填满一行、一列或对角线即可达成BINGO并获得奖励!
bingo_final_reward_tag	Final Reward	最终大奖
bingo_ball_num_desc	remaining: {0}	剩余: {0}
bingo_info_1	Use energy to obtain <sprite="icon_property" name="icon_bingoball">	消耗体力获取<sprite="icon_property" name="icon_bingoball">
bingo_info_2	Put the balls into the grids with the same numbers and connect them in a row, column or diagonal line to get BINGO and get points	将小球放入对应数字的格子并连成一行、一列或对角线\n达成BINGO获得星星积分
bingo_info_3	Get points to pass the level and get rewards!	集齐星星积分通关并获得奖励
bingo_reward_desc	My dears, keep playing BINGO to get these lovely rewards!	在这里查看全部关卡奖励！
bingo_reward_desc2	The final reward after finishing the Bingo board is...	最终大奖等你来拿！
bingo_final_reward_title1	Congratulations!	干得漂亮!
bingo_final_reward_title2	You won the final prize!	恭喜你赢得大奖!
bingo_convert_desc	<color=#fff587>The remaining <sprite="icon_property" name="icon_bingoball"> will be converted to:  </color>	<color=#fff587>剩余的<sprite="icon_property" name="icon_bingoball">将被转化为：</color>
bingo_guide_1	The ball is marked with the Bingo number.	小球上标有目标数字
bingo_guide_2	Click on the grid with the same Bingo number to place mark it.	点击标有目标数字的格子，将小球放入其中
bingo_guide_3	Click on the grid with the same Bingo number to place mark it.	点击与小球标有相同数字的格子，将小球放入格子
bingo_guide_4	You need to click on the grid with the same number as the ball below!	需要点击与下方小球数字相同的格子哦！
bingo_guide_5	Go to the main merge board to use energy and get a Bingo ball!	去主棋盘消耗体力获取小球吧！
bingo_pack_title	Bingo Bonanza Pack	Bingo大礼包
customize_card_gift_title_1	1 of {0}	1/{0}
customize_card_gift_title_2	Rare Card Deal	精选卡牌
customize_card_gift_desc_1	Guaranteed 1 rare card!	必得以下新卡之一！
customize_card_buy_limit	Available:1/1	限购:1/1
customize_card_gift_desc_2	Random draw contains 1 of the above cards. If there's a card labeled "Complete the set," you must get one.	从{0}张卡牌中随机抽取一张。若其中存在\n带有『完成卡组』标签的卡牌，则必得其中一张。
card_tripack_title	Booster Pack Special	集卡特供
bingo_end_desc	This event is over! Stay tuned for the next one!	活动已结束，敬请期待下次活动！
bingo_success_desc	Congratulations! Stay tuned for the next one!	恭喜! 敬请期待下次活动！
event_pre_desc	Event starts in:	活动开启倒计时：
bingo_go	BINGO	BINGO
bingo_start_desc	Event started!	活动开始！
offer_swim	Paddler's Bundle	泳池派对礼包
item_w_task_bluejar_1_1_desc	The brewing is complete! Tap for rewards.	酿造完成！点击获取奖励。
item_w_task_bluejar_1_1_name	Blue Potion	蓝色药水
item_w_task_bluejar_2_1_desc	The brewing is complete! Tap for rewards.	酿造完成！点击获取奖励。
item_w_task_bluejar_2_1_name	Blue Potion	蓝色药水
item_w_task_bluepotion_1_desc	Merge this with the Witch's Cauldron to brew rewards!	移动到炼药锅上即可解锁奖励！
item_w_task_bluepotion_1_name	Blue Elixir	蓝色试剂
w_task_btn	Start	开始
w_task_desc	Finish today's tasks to earn special items and rewards!	完成今日任务即可获得特殊物品来解锁奖励！
w_task_flower_title	Flower Power	鲜花盛放
item_w_task_flower1_1_1_desc	The flowers have grown! Tap for rewards.	开花了！点击可获得奖励。
item_w_task_flower1_1_1_name	Blooming Flowers	盛开的花
item_w_task_flower1_2_1_desc	The flowers have grown! Tap for rewards.	开花了！点击可获得奖励。
item_w_task_flower1_2_1_name	Blooming Flowers	盛开的花
item_w_task_flower1_3_1_desc	The flowers have grown! Tap for rewards.	开花了！点击可获得奖励。
item_w_task_flower1_3_1_name	Blooming Flowers	盛开的花
item_w_task_flower2_1_1_desc	The flowers have grown! Tap for rewards.	开花了！点击可获得奖励。
item_w_task_flower2_1_1_name	Blooming Flowers	盛开的花
item_w_task_flower2_2_1_desc	The flowers have grown! Tap for rewards.	开花了！点击可获得奖励。
item_w_task_flower2_2_1_name	Blooming Flowers	盛开的花
item_w_task_flower2_3_1_desc	The flowers have grown! Tap for rewards.	开花了！点击可获得奖励。
item_w_task_flower2_3_1_name	Blooming Flowers	盛开的花
item_w_task_flower3_1_1_desc	The flowers have grown! Tap for rewards.	开花了！点击可获得奖励。
item_w_task_flower3_1_1_name	Blooming Flowers	盛开的花
item_w_task_flower3_2_1_desc	The flowers have grown! Tap for rewards.	开花了！点击可获得奖励。
item_w_task_flower3_2_1_name	Blooming Flowers	盛开的花
item_w_task_flower3_3_1_desc	The flowers have grown! Tap for rewards.	开花了！点击可获得奖励。
item_w_task_flower3_3_1_name	Blooming Flowers	盛开的花
item_w_task_flowerpot1_1_1_desc	Finish today's tasks to earn Seed and Watering Can; merge them with Flower Pot to grow rewards!	完成今天的任务即可获得种子和浇水壶；将它们移动到此花盆上即可解锁奖励！
item_w_task_flowerpot1_1_1_name	Flower Pot	花盆
item_w_task_flowerpot1_2_1_desc	Finish today's tasks to earn Seed and Watering Can; merge them with Flower Pot to grow rewards!	完成今天的任务即可获得种子和浇水壶；将它们移动到此花盆上即可解锁奖励！
item_w_task_flowerpot1_2_1_name	Flower Pot	花盆
item_w_task_flowerpot1_3_1_desc	Finish today's tasks to earn Seed and Watering Can; merge them with Flower Pot to grow rewards!	完成今天的任务即可获得种子和浇水壶；将它们移动到此花盆上即可解锁奖励！
item_w_task_flowerpot1_3_1_name	Flower Pot	花盆
item_w_task_flowerpot2_1_1_desc	Finish today's tasks to earn Seed and Watering Can; merge them with Flower Pot to grow rewards!	完成今天的任务即可获得种子和浇水壶；将它们移动到此花盆上即可解锁奖励！
item_w_task_flowerpot2_1_1_name	Flower Pot	花盆
item_w_task_flowerpot2_2_1_desc	Finish today's tasks to earn Seed and Watering Can; merge them with Flower Pot to grow rewards!	完成今天的任务即可获得种子和浇水壶；将它们移动到此花盆上即可解锁奖励！
item_w_task_flowerpot2_2_1_name	Flower Pot	花盆
item_w_task_flowerpot2_3_1_desc	Finish today's tasks to earn Seed and Watering Can; merge them with Flower Pot to grow rewards!	完成今天的任务即可获得种子和浇水壶；将它们移动到此花盆上即可解锁奖励！
item_w_task_flowerpot2_3_1_name	Flower Pot	花盆
item_w_task_flowerpot3_1_1_desc	Finish today's tasks to earn Seed and Watering Can; merge them with Flower Pot to grow rewards!	完成今天的任务即可获得种子和浇水壶；将它们移动到此花盆上即可解锁奖励！
item_w_task_flowerpot3_1_1_name	Flower Pot	花盆
item_w_task_flowerpot3_2_1_desc	Finish today's tasks to earn Seed and Watering Can; merge them with Flower Pot to grow rewards!	完成今天的任务即可获得种子和浇水壶；将它们移动到此花盆上即可解锁奖励！
item_w_task_flowerpot3_2_1_name	Flower Pot	花盆
item_w_task_flowerpot3_3_1_desc	Finish today's tasks to earn Seed and Watering Can; merge them with Flower Pot to grow rewards!	完成今天的任务即可获得种子和浇水壶；将它们移动到此花盆上即可解锁奖励！
item_w_task_flowerpot3_3_1_name	Flower Pot	花盆
item_w_task_hat_e_1_1_desc	Finish today's tasks to earn the Magician's Wand; merge it with the Hat to conjure rewards!	完成今日任务即可获得魔术棒；将其移动到此帽子上即可解锁奖励！
item_w_task_hat_e_1_1_name	Magician's Hat	魔术师的帽子
item_w_task_hat_e_2_1_desc	Finish today's tasks to earn the Magician's Wand; merge it with the Hat to conjure rewards!	完成今日任务即可获得魔术棒；将其移动到此帽子上即可解锁奖励！
item_w_task_hat_e_2_1_name	Magician's Hat	魔术师的帽子
item_w_task_hat_e_3_1_desc	Finish today's tasks to earn the Magician's Wand; merge it with the Hat to conjure rewards!	完成今日任务即可获得魔术棒；将其移动到此帽子上即可解锁奖励！
item_w_task_hat_e_3_1_name	Magician's Hat	魔术师的帽子
item_w_task_hat_f_1_1_desc	The magic has happened! Tap for rewards.	魔术完成了！点击获取奖励。
item_w_task_hat_f_1_1_name	Magician's Hat Surprise	魔术帽惊喜
item_w_task_hat_f_2_1_desc	The magic has happened! Tap for rewards.	魔术完成了！点击获取奖励。
item_w_task_hat_f_2_1_name	Magician's Hat Surprise	魔术帽惊喜
item_w_task_hat_f_3_1_desc	The magic has happened! Tap for rewards.	魔术完成了！点击获取奖励。
item_w_task_hat_f_3_1_name	Magician's Hat Surprise	魔术帽惊喜
w_task_instruction_flower	Earn the Flower Plot, Seeds and Watering Can by finishing daily tasks, then merge them to grow rewards!	通过完成今日任务获取花盆、种子和浇水壶，将种子和浇水壶移动至花盆上即可解锁奖励！
w_task_instruction_magic	Earn the Magician's Hat and Wand by finishing daily tasks, then merge them to conjure rewards!	通过完成今日任务获取魔术帽和魔术棒，将魔术棒移动至魔术帽上即可解锁奖励！
w_task_instruction_potion	Earn the Cauldron and Elixirs by finishing daily tasks, then merge them to brew rewards!	通过完成今日任务获取炼药锅和试剂，将试剂全部移动至炼药锅上即可解锁奖励！
w_task_instruction_title	How to play?	活动规则
item_w_task_jar_e1_1_1_desc	Finish today's tasks to earn Elixirs; merge them with the Cauldron to brew rewards!	完成今日任务即可获得药水；将其移动到此锅上即可解锁奖励！
item_w_task_jar_e1_1_1_name	Witch's Cauldron	炼药锅
item_w_task_jar_e1_2_1_desc	Finish today's tasks to earn Elixirs; merge them with the Cauldron to brew rewards!	完成今日任务即可获得药水；将其移动到此锅上即可解锁奖励！
item_w_task_jar_e1_2_1_name	Witch's Cauldron	炼药锅
item_w_task_jar_e2_1_1_desc	Finish today's tasks to earn Elixirs; merge them with the Cauldron to brew rewards!	完成今日任务即可获得药水；将其移动到此锅上即可解锁奖励！
item_w_task_jar_e2_1_1_name	Witch's Cauldron	炼药锅
item_w_task_jar_e2_2_1_desc	Finish today's tasks to earn Elixirs; merge them with the Cauldron to brew rewards!	完成今日任务即可获得药水；将其移动到此锅上即可解锁奖励！
item_w_task_jar_e2_2_1_name	Witch's Cauldron	炼药锅
item_w_task_jar_e3_1_1_desc	Finish today's tasks to earn Elixirs; merge them with the Cauldron to brew rewards!	完成今日任务即可获得药水；将其移动到此锅上即可解锁奖励！
item_w_task_jar_e3_1_1_name	Witch's Cauldron	炼药锅
item_w_task_jar_e3_2_1_desc	Finish today's tasks to earn Elixirs; merge them with the Cauldron to brew rewards!	完成今日任务即可获得药水；将其移动到此锅上即可解锁奖励！
item_w_task_jar_e3_2_1_name	Witch's Cauldron	炼药锅
w_task_magic_title	The Magic Show	魔术表演
item_w_task_magicwand_1_desc	Merge this with the Magician's Hat to conjure rewards!	移动到魔术帽上即可解锁奖励！
item_w_task_magicwand_1_name	Magician's Wand	魔术棒
w_task_potion_title	Sam's Experiment	山姆的实验
item_w_task_purplejar_1_1_desc	The brewing is complete! Tap for rewards.	酿造完成！点击获取奖励。
item_w_task_purplejar_1_1_name	Purple Potion	紫色药水
item_w_task_purplejar_2_1_desc	The brewing is complete! Tap for rewards.	酿造完成！点击获取奖励。
item_w_task_purplejar_2_1_name	Purple Potion	紫色药水
item_w_task_purpotion_1_desc	Merge this with the Witch's Cauldron to brew rewards!	移动到炼药锅上即可解锁奖励！
item_w_task_purpotion_1_name	Purple Elixir	紫色试剂
item_w_task_redjar_1_1_desc	The brewing is complete! Tap for rewards.	酿造完成！点击获取奖励。
item_w_task_redjar_1_1_name	Red Potion	红色药水
item_w_task_redjar_2_1_desc	The brewing is complete! Tap for rewards.	酿造完成！点击获取奖励。
item_w_task_redjar_2_1_name	Red Potion	红色药水
item_w_task_redpotion_1_desc	Merge this with the Witch's Cauldron to brew rewards!	移动到炼药锅上即可解锁奖励！
item_w_task_redpotion_1_name	Red Elixir	红色试剂
item_w_task_seed1_1_desc	Merge this and the Watering Can with the Flower Pot to grow rewards!	将种子和浇水壶均移动到花盆上即可解锁奖励！
item_w_task_seed1_1_name	Mysterious Seeds	神秘种子
item_w_task_watercan_1_desc	Merge this and the Seed with the Flower Pot to grow rewards!	将种子和浇水壶均移动到花盆上即可解锁奖励！
item_w_task_watercan_1_name	Watering Can	浇水壶
set_reward_desc	Set Reward:	卡组奖励:
progress_pack_buy_desc	Buy now and collect coins to get challenge rewards!	购买并收集金币来赢取能量奖励！
eventtok_name	Event Points	活动积分
random_chest_name	Lucky Chest	幸运宝箱
joker_common_card_name	JOKER CARD	小丑卡
battlepass_title_Sundaepass	Sundae season	清凉季
battlepass_taskComplete_Sundaepass	You've completed all the Sundae season tasks! Congratulations!	您已经完成了清凉季的所有任务！恭喜！
battlepass_endDesc_Sundaepass	The Sundae season is over! Come back next season for more rewards!	清凉季已结束，一起期待更精彩的下一季活动吧！
battlepass_tutorial_2_Sundaepass	To advance your progress toward new rewards, you'll need to score points!	在清凉季中升级来获取奖励！
orderItemGift_title	Big Order Backup	订单助力
orderItemGift_desc	Working on a big order? Don't worry, Sam is here to help finish it!	山姆来帮助你一起完成订单了！
album_upgrade_btn	Prestige Rewards	升级卡册
album_upgrade_guide	Finished the collection and want to earn upgraded rewards? Tap to learn more.	将卡册升至高级版并再次完成收集，即可赚取更丰厚的奖励！点击按钮查看详情。
album_upgrade_title	Prestige Higher Rewards	高级版卡册
album_upgrade_desc	Complete the collection again to earn upgraded rewards!	再次完成收集并获得更丰厚的奖励!
album_upgrade_notice	Activating Prestige Rewards will reset your collection progress and star points.	升级卡册后，你当前已获得的卡牌将被清空，且无法恢复。
album_upgrade_cancel_btn	Cancel	稍后再说
album_upgrade_notice_title	Warning	提示
album_upgrade_notice_desc	By activating Prestige Rewards, you'll lose your remaining {0} <sprite="icon_property" name="icon_star"> on duplicate cards. Do you want to redeem them at Star Store first?	升级卡册后，你当前已获得的卡牌将被清空。你还有{0}颗卡牌星星<sprite="icon_property" name="icon_star">未在星星小铺兑换，是否前往使用？
album_upgrade_notice_cancel	Redeem	前往兑换
album_upgrade_notice_confirm	Activate	继续升级
album_upgrade_congrat_title	Prestige Rewards Activated	卡册升级成功!
album_upgrade_congrat_desc	To get you started, here are some bonus packs!	我们为你准备了惊喜卡包!
WestSearch_avatar_name	Sheriff Sam	治安官山姆
WestSearch_avatar_desc	Exactly the kind of reliable partner you want by your side.	毫无疑问，他是你可靠的伙伴!
item_buff_gold_name	Gold Rush!	淘金热！
item_buff_energy_name	Energy Mania!	能量狂欢！
item_buff_eventtoken_name	Event Points Plus!	积分狂欢！
WestSearch_title	Prospector Peculiarities	掘金奇旅
WestSearch_desc_upcoming	Help Rusty the Prospector in his search for gold to earn rewards!	帮助淘金者拉斯蒂寻找黄金，赢取奖励！
WestSearch_desc_main	Find gold items for Rusty to earn rewards!	为拉斯蒂寻找黄金物品以获得奖励！
WestSearch_complete_desc	It seems Rusty has found all the gold in this area!	看来拉斯蒂已经找到了这里所有的金子！
WestSearch_end_desc	Oh no! You didn't find all the items in time. Better luck next time!	很遗憾我们没有找到全部的金子，下次好运吧！
WestSearch_note_desc_new_1	1.Finish orders to collect <sprite="icon_property" name="icon_pickaxe">! 	1.完成订单收集<sprite="icon_property" name="icon_pickaxe">！
WestSearch_note_desc_2	2. Use <sprite="icon_property" name="icon_pickaxe"> to break the bricks and uncover treasures!	2.用<sprite="icon_property" name="icon_pickaxe">敲碎砖块寻找藏在下面的宝藏！
WestSearch_note_desc_3	3. Earn rewards by collecting all the treasures!	3.用找到的宝藏兑换豪华奖励！
WestSearch_start_tutorial_2	Hey! Tap this icon to check out a new event!	点击入口查看新活动！
WestSearch_operate_tutorial_1	Try using the pickaxe to break the blocks here.	试试用镐子砸这块砖！
WestSearch_operate_tutorial_2	Looks like the other half is still stuck! Try hitting it again.	已经露出一半了，再敲碎这块试试！
WestSearch_operate_tutorial_4	Tap to preview the exclusive avatar reward.	点击这里查看头像奖励
order_boost_title	Rave Reviews	好评如潮
order_boost_rule_desc	Earn good reviews by completing orders with emojis, and win a big reward!	完成带有笑脸的订单来获得好评，并赢取大奖！
order_boost_finished_title	Review Targets Reached!	好评达成!
order_boost_finished_desc	Wow! Look at all those good reviews. Open the pack for your rewards!	哇噢！顾客给的好评还真不少！打开礼盒来赢取你的大奖吧！
order_boost_reward_title	Rave Reviews Pack	好评大礼包
order_boost_reward_desc	A pack of items tailored to help with your current orders.	装满了订单需要的棋子的超级大礼包！
order_boost_activate_tutorial_1	Hey! We really need to get some good reviews. Can you help?	嘿！我们很需要顾客的好评来提升声誉。你能帮帮忙吗？
order_boost_activate_tutorial_2	Complete orders with emojis to earn good reviews!	完成带有笑脸符号的订单即可获得好评！
order_boost_activate_tutorial_3	When we've collected enough, there'll be big rewards!	当收集了足够多的好评后，就可以领取大奖了！
order_boost_finished_tutorial_1	Well done! We've earned enough reviews for now!	干得很棒！我们已经收集齐一波好评了！
order_boost_finished_tutorial_2	Let's go claim the rewards!	让我们去领奖吧！
order_boost_close_btn	OK	好的
order_boost_finished_btn	Claim	领取
pack_large_1_name	Large Starter Pack	大号新手卡包
pack_large_2_name	Large Common Pack	大号普通卡包
pack_large_3_name	Large Uncommon Pack	大号罕见卡包
pack_large_4_name	Large Rare Pack	大号稀有卡包
pack_large_5_name	Large Epic Pack	大号史诗卡包
WestSearch_require_tutorial_2	Finish orders to help him search the desert and earn rewards!	完成订单，帮助他在沙漠找到金子并获得奖励！
WestSearch_note_desc_1	1. Collect <sprite="icon_property" name="icon_pickaxe"> by tapping on <sprite="icon_property" name="icon_energy"> generators.	1.点击<sprite="icon_property" name="icon_energy">母体棋子可能获得<sprite="icon_property" name="icon_pickaxe">
task_164_1	The Great Escape	逃跑计划
task_164_2	Breakfast Remedy	丰盛早餐
task_164_3	Tipsy Texts	酒后短信
task_164_4	Hot News	恋情曝光
task_164_5	Whale of a Tale	鲸鱼传说
task_164_6	Viral Burnout	深海女巫
task_164_7	The Next Phase	下一阶段
task_164_8	Brinner Time	早晚饭
task_164_9	Hungover Echos	特别嘉宾
task_164_10	Shore Sights	海岸风景
task_164_11	Lost in the Crowd	派对女郎
task_164_12	Tossed Flag	输不起
task_164_13	Whale Watching	观赏鲸鱼
task_164_14	Camera Ready	架好相机
task_164_15	Tricky Hands	神秘布鲁诺
task_164_16	Tone it Down	低调一点
task_164_17	Red Alert	红色警报
task_165_1	Back To It	山姆特色
task_165_2	Clear Air	重归于好
task_165_3	Morning Dish	解酒早餐
task_165_4	Whale of a Press	鲸鱼事件
task_165_5	Artist's Work	灵感爆棚
task_165_6	Wrecking News	沉船新闻
task_165_7	A Mixed Bag	隐隐担心
task_165_8	Rough Waters	焦灼
task_165_9	Stained Secrets	失踪的画作
task_165_10	Burning Questions	重蹈覆辙
task_165_11	Dinghy Digs	别担心
task_165_12	The Great Mother	海神天后
task_165_13	Interrupting Interloper	奇怪的人
task_165_14	Opposite Angles	重要看法
task_165_15	Perpendicular Points	鲸涛骇浪
task_165_16	Turning Tales	宣战
task_165_17	Stranger Shores	惶惶不可终日
task_166_1	Wake-Up Call	警钟
task_166_2	Strange Visitors	神秘人
task_166_3	Under the Folds	新发现
task_166_4	Passing Notes	纸鹤背后的信息
task_166_5	Dinner Party	晚宴
task_166_6	Business Call	困在苏达市
task_166_7	Friendly Favor	好友的支持
task_166_8	Tale Spin	玻利维亚
task_166_9	Mystery Insurance	无条件信任
task_166_10	Not Friends	不是朋友
task_166_11	Weird Texts	别扭的和好
task_166_12	Wayside	闺蜜谈心
task_166_13	Smitten Kitten	只是朋友
task_166_14	Uneasy Life	旅途归来
task_166_15	Hellraiser	新的信息
task_166_16	If I See Him	原谅
task_166_17	Letters Inside	字母背后
summary_text_164_13	Mark, Colton, Olivia and Dominic arrive to catch a peek at the whale…	马克、科尔顿、奥利维亚和多米尼克来到这里，想看一眼鲸鱼……
title_text_bm	Brimwave Marina	浪尾岛海滨
summary_text_165_4_2	Mayor Bruno gives a press conference about the whale attack…	布鲁诺市长就鲸鱼袭击事件召开新闻发布会……
task_167_1	Desk Work	居家工作
task_167_2	Unexpected Call	意料之外的电话
task_167_3	Ruthless Encounters	他见过她
task_167_4	The Next Move	下一步行动
task_167_5	Frozen Resolve	姬瓦的支持
task_167_6	Frail Boundaries	偶像剧女主
task_167_7	Burned Truths	计划赶不上变化
task_167_8	Back in State	罗莉的纸鹤
task_167_9	Leavin' on a Jet Ski	疯狂的科尔顿
task_167_10	Final Farewells	一切平安
task_167_11	Mixed Motions	模仿哈里森
task_167_12	Somber Wings	新的发现
task_167_13	Coming Clean	多姆的担忧
task_167_14	Double-Edged Love	创作背后
task_167_15	Finding Vowels	新的字母
task_167_16	Fresh Eyes	集思广益
task_167_17	Jigsaw Pieces	哈里森的下落
task_168_1	The Verge	边缘
task_168_2	Philanthropic Type	精神控制
task_168_3	A Bird Named John	约翰
task_168_4	The Albatross	信天翁
task_168_5	Old As The Island	同根同源
task_168_6	Typi-Cole	五个字母
task_168_7	Top Bloke	搭档
task_168_8	Ancestor Interest	宝藏进展
task_168_9	Immaculate Timing	父女谈话
task_168_10	Traitorous Hazel	爆料内幕
task_168_11	Memories of Mom	妈妈的回忆
task_168_12	The Last Visit	最后一面
task_168_13	Wild Stories	复杂的感情
task_168_14	A Tragic Accident	悲惨事故
task_168_15	Clutching At Straws	救命稻草
task_168_16	Scatter-brained	一团糟
task_168_17	Strange Circumstances	敞开心扉
title_text_class	Amala's Classroom	阿玛拉的教室
summary_text_167_6	During lunchtime, Saul swings by Amala's classroom…	午餐时分，索尔来到阿玛拉的教室……
summary_text_167_10	Amala receives a phone call from an unknown number…	阿玛拉突然接到了一个陌生电话……
title_text_deli	Milagro Deli	米拉格罗熟食店
summary_text_168_begin	Before the school day starts, the teachers grab a few minutes…	开学前，老师们正在争分夺秒准备教学计划……
summary_text_168_7	Frankie and Colton head out to meet Frankie's friend for lunch…	弗兰基带着科尔顿去和她的朋友一起吃午饭……
summary_text_168_10	Sophia and Vance enjoy a lunch date at a fancy eatery…	索菲娅和万斯正在一家高档餐厅约会……
summary_text_168_13	After lunch with Frankie's friend, she and Colton chat…	聚会结束后，弗兰基和科尔顿闲聊……
task_169_1	Strange Rocks	神秘的岩石
task_169_2	Dangling Truth	悬而未决的真相
task_169_3	Silver Tongue	巧舌如簧
task_169_4	Rock Paranoia	岩石恐慌
task_169_5	Probably Nothing	可能没什么
task_169_6	Eighty Point Four!	八十点四！
task_169_7	Spotted	难舍的过去
task_169_8	The Calf	小鲸鱼
task_169_9	Lake Lift	湖堤之行
task_169_10	Practically Vibrating	活力满满
task_169_11	Nap Time	时不我待
task_169_12	Old Stories	古老的传说
task_169_13	Problem Solvers	问题解决者
task_169_14	Emperor Blurr	宇宙帝王布鲁鲁
task_169_15	The Kindest Option	善良的选择
task_169_16	Attitude Shift	态度的转变
task_169_17	Waste of Space	白费口舌
summary_text_169_6_end	Near the centre of the island, Norman hunts for the Skunk Ape…	在岛中心附近，诺曼在寻找臭鼬猿……
summary_text_169_13	Quinn and Amala arrive at the lakeshore…	奎因和阿玛拉抵达湖边……
summary_text_169_17	Quinn calls Mayor Bruno for to help the baby whale…	奎因打电话给布鲁诺市长，想让他救救小鲸鱼……
item_midfall_re_ch_1_1_1_name	Wishful Box	万事如意礼盒
item_midfall_re_ch_1_2_1_name	Plentiful Box	风调雨顺礼盒
item_midfall_re_ch_1_3_1_name	Enticing Chest	金玉满堂宝箱
item_midfall_re_ch_1_4_1_name	Emerald Dragon Chest	鸿运当头宝箱
item_midfall_re_ch_spe_1_name	Lovely Lantern Chest	良辰美景宝箱
pack_bonus_name	Surprise Pack	惊喜卡包
chest_bigprize_content	Rewards:	奖励:
chest_bigprize_title	Congratulations!	恭喜!
chest_btn1	OK	好的
chest_btn2	Go!	冲!
chest_btn3	Claim	领取
chest_btn4	Tap to continue	点击任意位置继续
chest_btn5	OK	好的
chest_btn6	Claim	领取
chest_btn7	OK	太棒了
chest_empty	Empty!	空的!
chest_end_title	Event Over	活动结束
chest_finalprize_title	Congratulations!	恭喜!
chest_instruction_title	How the Event Works	活动规则
chest_pre_countdown	Event starts in:	活动即将开始:
chest_pre_start	Event starts now!	活动开始!
ringchest_bigprize	Find <sprite="icon_property" name="icon_thumb"> to win	找到<sprite="icon_property" name="icon_thumb">获得
ringchest_bigprize_desc	You found the ring!	你找到了戒指!
ringchest_desc	Find all the <sprite="icon_property" name="icon_thumb"> to get the surprise!	找到全部的<sprite="icon_property" name="icon_thumb">获得终极大奖!
ringchest_end_desc	Imelda didn't get her surprise, but she still loves that Norman planned something special!	伊梅尔达没有得到惊喜，但她还是很爱诺曼精心为她准备的这些！
ringchest_end_desc_find	With your help, Norman found his perfect gift for Imelda!	在你的帮助下，诺曼找到了适合给伊梅尔达的礼物!
ringchest_end_return	Unused keys converted to:	未使用的钥匙转化为:
ringchest_finalprize_desc	It took a few candidates, but Norman found the perfect ring!	你找到了全部戒指，获得惊喜奖励!
ringchest_guide_1_1	Earn keys by playing. Here's one to start off the search!	玩主线可以获得钥匙。现在你有了一个，让我们开始吧！
ringchest_guide_1_2	Choose a jewelry box and tap to open it.	选择一个首饰盒，点击打开它。
ringchest_guide_1_3	Rings mean rewards, but there's a bigger reward for collecting all of them!	找到戒指就可以获得下方的奖励，集齐全部戒指还有终极大奖！
ringchest_howtoget	How to earn keys?\n1) Just play our game\n2) Random drops from jewelry boxes	如何获得钥匙？\n1. 玩我们的游戏\n2. 打开首饰盒有概率随机获得
ringchest_instruction_1	Earn keys by playing	玩游戏获得钥匙
ringchest_instruction_2	Choose a jewelry box and open it	选择一个首饰盒并打开它
ringchest_instruction_3	Find rings and win rewards!	找到戒指获得对应奖励
ringchest_notenoughkey	Not enough keys!	钥匙不足!
ringchest_pre_desc	Norman's looking for a lovely new ring for Imelda. Help him find the perfect gift!	诺曼要送给伊梅尔达一个新戒指，快帮他找到完美的礼物！
ringchest_title	The Perfect Ring	完美戒指
chest_probability	Probability Disclosure	概率公示
loading_tips_4	Purchased pieces will be displayed in the upper left corner.	购买的棋子会暂存在棋盘左上方
task_170_1	Bad News Rocks	厄运岩石
task_170_2	Bruno's Wall	布鲁诺的屏障
task_170_3	Devil's Deal	恶魔的交易
task_170_4	An Utter Travesty	荒唐至极
task_170_5	Adrift And At Peace	漂泊与安宁
task_170_6	Analysis Mode	分析阶段
task_170_7	The Dingus	小傻瓜
task_170_8	Good Vibes	愉快的氛围
task_170_9	Another Mystery	另一个谜团
task_170_10	Lean Into Life	享受生活
task_170_11	A Lovely Surprise	令人愉快的惊喜
task_170_12	Sophia's Strats	索菲娅的计划
task_170_13	Flights of Fancy	奇思妙想之旅
task_170_14	Wealth And Corndogs	财富与热狗
task_170_15	Blowhole!	喷气孔！
task_170_16	The Only Option	唯一的选择
task_170_17	All Roads	众矢之的
summary_text_170_2_end	In front of cameras and journalists, Mayor Bruno begins his briefing…	在摄像机和记者面前，布鲁诺市长开始了他的汇报……
summary_text_170_10	Up at the lake, Olivia plays by the shore as Lori supervises…	在湖边，奥利维亚在岸边玩耍，罗莉则在旁边看护……
time_1	Meanwhile…	与此同时……
title_text_city	City Hall	市政厅
task_171_1	Hard Landing	上岸
task_171_2	Bitter Rivals	死对头
task_171_3	Important Business	要事
task_171_4	Dial Tone	铃声
task_171_5	A Modest Proposal	妥协
task_171_6	Free Reign	任意行事
task_171_7	Morally Speaking	道德高地
task_171_8	Real Place	真实的地方
task_171_9	Unfolding Evidence	浮出水面
task_171_10	Pranks Suck	很烂的恶作剧
task_171_11	New Memories	新回忆
task_171_12	Wildcard	未知数
task_171_13	The Star	明星
task_171_14	False Lead	假线索
task_171_15	Special Dealings	救援在即
task_171_16	Honest Dealings	坦诚以对
task_171_17	The Vanguard	先锋队
task_172_1	The Goon Squad	恶棍
task_172_2	Aliens!	外星人！
task_172_3	Blast Off	冲冲冲
task_172_4	Moonlighting	兼职
task_172_5	My Friend	我的朋友
task_172_6	Whale Circus	鲸鱼马戏团
task_172_7	Vile Lies	卑鄙的谎言
task_172_8	Worth His Salt	有两把刷子
task_172_9	S.S.S.S.S	无敌超次元扫描仪
task_172_10	Biba	必芭
task_172_11	A Good Shoeing	鞋子攻击
task_172_12	Whale Whisperer	鲸语者
task_172_13	Hatchets To Bury	和解
task_172_14	Something Brash	冲动行事
task_172_15	Torment	折磨
task_172_16	Lost In Space	迷失太空
task_172_17	Coiled Snake	难缠的毒蛇
summary_text_171_8	Dominic and his old friend Lloyd meet for lunch…	多米尼克和他的老朋友劳埃德一起吃午餐……
summary_text_171_11	With some time to himself, Colton decides to make a call…	独自一人时，科尔顿决定打个电话……
summary_text_171_13	Halfway through a date with Vance, Sophia's patience wears thin…	与万斯的约会进行到一半时，索菲娅的耐心渐渐消磨殆尽……
summary_text_172_8	Mark arrives to find Lloyd already observing the rescue…	马克到达时，发现劳埃德已经在看救援行动了……
summary_text_172_11	Bruno struggles to maintain his latest press conference…	布鲁诺费力地维持他的最新新闻发布会……
summary_text_172_13	Colton returns to Frankie on a park bench, looking glum…	科尔顿回到公园长椅上的弗兰基身边，看起来闷闷不乐……
title_text_soldale	Downtown Soldale	苏达市中心
title_text_lake	Lake Sometime	浮生湖
title_text_brew	Buoy Brew	航标面食店
title_text_planetarium	Brimwave Planetarium	浪尾岛天文馆
album_end_card	You collected <color=#fff691>{0}</color> cards	你收集了<color=#fff691>{0}</color>张卡牌
album_end_deck	Completed <color=#fff691>{0}</color> sets	完成了<color=#fff691>{0}</color>个卡组
album_end_player	Collected more than <color=#fff691>{0}</color> of players	击败了<color=#fff691>{0}</color>的玩家
item_tomato_re_ch_1_1_1_name	Tart Tomato Box	番茄野餐礼盒
item_tomato_re_ch_1_2_1_name	Love Apple Box	多汁西红柿礼盒
item_tomato_re_ch_1_3_1_name	Sweet Scarlet Box	活力番茄礼盒
item_tomato_re_ch_1_4_1_name	Acidic Allies Chest	酸甜联盟宝箱
item_tomato_re_ch_spe_1_name	Food Fighter Chest	丢番茄高手宝箱
item_dance_re_ch_1_1_1_name	Birdsweet Box	美妙歌声礼盒
item_dance_re_ch_1_2_1_name	Fiery Solo Box	炙热独奏礼盒
item_dance_re_ch_1_3_1_name	Rhythmic Rhythms Box	蹦恰恰宝箱
item_dance_re_ch_1_4_1_name	Flashy Twirls Chest	热情旋转宝箱
item_dance_re_ch_spe_1_name	Dynamic Dancer Chest	轻歌曼舞宝箱
task_173_1	Humble Abode	朴素的小窝
task_173_2	Happy Chances	及时雨
task_173_3	Resident Artist	未完成的画
task_173_4	Epilogue Sunsets	落日余晖
task_173_5	Leftover Holiday	假期余额不足
task_173_6	Wayward Vessels	鲸鱼号
task_173_7	Pretty Pennies	无价之宝
task_173_8	Wiping Layers	浮出历史地表
task_173_9	Cryptic Cranes 	神秘的纸鹤
task_173_10	Simple is Better	约会建议
task_173_11	Close Cards	缺少的字母
task_173_12	Genre Bender	浪子回头
task_173_13	Sci-Fi Fanatic	科幻迷
task_173_14	Turning the Wheel	下一步动作
task_173_15	Marketing Advice	恋爱军师
task_173_16	All Together Now	混乱的局势
task_173_17	Skeptical Sides 	寻找多姆
summary_text_173_5	Colton and Frankie return from their trip to Soldale…	科尔顿和弗兰基结束了苏达市之旅……
title_text_brimwave	Downtown Brimwave	浪尾岛市中心
summary_text_173_10	Vance meets Lori for some dating advice…	万斯找罗莉请教一些约会建议……
monopoly_gift_title	Coconut's Lucky Packs	小椰子幸运礼包
tristage_best_value_tag	Best Value!	最\n实惠!
CandySearch_firework_bubble_desc	Hit blocks to activate fireworks!	敲砖块来激活烟花！
CandySearch_firework_show_title	Firework Show	烟花秀
CandySearch_firework_show_desc	Hit blocks to activate fireworks and do extra damage!	敲砖块能激活烟花，它能帮你打碎更多砖块！
activity_merge_latin_title	The Afterparty	大肆狂欢
activity_merge_latin_subtitle	Collect maracas to earn extra event points!	收集沙锤可获得额外活动积分。
activity_merge_latin_finish_text	Fantastic! You've collected all of the maracas! Let's get the party started!	干得漂亮！你集齐了所有沙锤！开始派对吧！
item_halloween24_re_ch_1_1_1_name	Bowler Hat Chest	玫瑰礼帽宝箱
item_halloween24_re_ch_1_2_1_name	Spooky Chest	蝙蝠宝箱
item_halloween24_re_ch_1_3_1_name	Red Queen's Chest	红心皇后宝箱
item_halloween24_re_ch_1_4_1_name	Pumpkin Chest	南瓜宝箱
item_halloween24_re_ch_spe_1_name	Pumpkin Hamper	南瓜提篮
summary_text_175_begin	Sam meets Mark for an emergency coffee break…	山姆临时约了马克出来喝咖啡……
summary_text_176_3	Quinn gets ready for her meeting with Crane…	奎因准备去见克雷恩……
summary_text_176_4	Quinn and Crane discuss a trade…	奎因和克雷恩在做交易……
summary_text_176_5	Crane tells Quinn the truth…	克雷恩告诉奎因真相……
summary_text_176_6	Quinn questions Crane's truths and lies…	奎因质疑克雷恩所说的真实性……
summary_text_176_7	Quinn picks between two questions…	奎因在两个问题之间做选择……
summary_text_176_10	Quinn accepts the hard truth…	奎因接受了这难以置信的真相……
summary_text_176_15	Frankie and Colton continue their search for Dominic…	弗兰基和科尔顿坚持不懈地寻找多米尼克……
summary_text_177_6	In the back of Lloyd's shop, Dom relaxes with his old friend…	多姆和他的老朋友正在劳埃德商店的后面叙旧……
summary_text_177_11	At a fancy influencer café on the mainland, Vance tries to impress…	在高级网红咖啡馆里，万斯想好好表现一把……
summary_text_177_15	Carmen, Ziva and Lori meet for lunch, but Carmen seems off…	卡门，姬瓦和罗莉共进午餐，但卡门看起来有些不对劲……
summary_text_177_16_begin	Ziva and Lori hang on Carmen's every word…	姬瓦和罗莉聚精会神地听着卡门说的每一句话……
title_text_lounge	Lounge 36	36号咖啡店
task_174_1	Sprucing Up	野生动物园
task_174_2	Check-Out Tme	退房时间
task_174_3	Bedridden Secrets	床底的秘密
task_174_4	Traced Ancestry	追溯先祖
task_174_5	Morello Recipes	祖传食谱
task_174_6	Winding Down	放松下来
task_174_7	Puzzled Priorities	首要任务
task_174_8	Crying Wolf	狼来了
task_174_9	Sympathy Lenses	换位思考
task_174_10	Rattled Up	紧张不安
task_174_11	Burning Fuzz	怀疑的种子
task_174_12	Now it's Personal	公报私仇
task_174_13	Morning Caller	正面碰撞
task_174_14	Roll the Dice	掷骰子
task_174_15	Riddle Me This	解谜
task_174_16	Words with Crane	谜底
task_174_17	Short Fuse	悲愤交加
task_175_1	Cinnamon Roll Month	肉桂卷月
task_175_2	Running, Hiding	东躲西藏
task_175_3	Grosso	格罗索洞穴谜案
task_175_4	One Small Thing	一点儿小报酬
task_175_5	Stashed Key	备用钥匙
task_175_6	Black Box	神秘的盒子
task_175_7	Game of Lies	欺诈游戏
task_175_8	Worthwhile Promises	一诺千金
task_175_9	Vexing Exchanges	交易的烦恼
task_175_10	At the Crossroads	十字路口
task_175_11	Emerald Eyes	绿宝石之眼
task_175_12	Nothing to Hide	无所隐瞒
task_175_13	Untold Endings	开放式结局
task_175_14	Cinema Crowd	观影小分队
task_175_15	Ramona's Research	蕾蒙娜的足迹
task_175_16	Box Breakers	开盒方法
task_175_17	Boon and Bane	得与失
task_176_1	Gay Uncles	有趣的同志叔叔
task_176_2	The Waiting Game	静候佳音
task_176_3	All This Way	一路走来
task_176_4	Dead End	死胡同
task_176_5	Forgotten Relics	被遗忘的文物
task_176_6	Lies, Deception!	谎言与欺骗
task_176_7	Two Questions	最后的问题
task_176_8	Vampire	吸血鬼
task_176_9	Illustrator	插画师
task_176_10	Keepsakes	纪念品
task_176_11	Coming In Hot	趁热打铁
task_176_12	For Quinn	致奎因
task_176_13	Far-fetched	难以置信的答案
task_176_14	Strange Charm	独特的魅力
task_176_15	Stubborn Old Goat	固执的老山羊
task_176_16	Analog Horror	古董磁带
task_176_17	Knife Edge	崩溃边缘
task_177_1	Tape Quest	烫手山芋
task_177_2	Best Interest	万全之策
task_177_3	Cataclysm	未知的变故
task_177_4	Tech Tailoring	裁缝大师
task_177_5	Mastermind	藏匿高手
task_177_6	The Other End	兄弟时间
task_177_7	Close To Home	吐槽大会
task_177_8	Caretaker	餐厅守护神
task_177_9	Reckoning	苦恼的卡门
task_177_10	Analog Dreams	复古梦核
task_177_11	Thirty Six	混合果汁
task_177_12	Crime Scene	犯罪现场
task_177_13	A Good Thing	好坏参半
task_177_14	Silly Man	愚蠢的男人
task_177_15	Safe From Her	保护手段
task_177_16	Out of Shape	难言之隐
task_177_17	The Dealt Hand	昭然若揭
invite_friend_desc_3	* Note that new players must use the link provided to download the game!	*新玩家通过您分享的链接下载游戏，您才能获取奖励！
lucky_produce_normal	Lucky!	幸运!
lucky_produce_super	Lucky!	超级幸运!
activity_merge_halloween24_title	Candy Collection	糖果狂欢
activity_merge_halloween24_subtitle	Collect candy to earn extra event points.	收集糖果可获得额外活动积分。
activity_merge_halloween24_finish_text	Great work! You've collected all the candy! Now, how about a ride on the ghost ship?	太棒了！你收集了所有糖果！现在，要不要来一趟幽灵船之旅？
order_boost_progress_hint_1	Halfway there!	进度过半！
order_boost_progress_hint_2	Almost there!	就快完成了！
order_boost_progress_hint_3	Rewards ready!	奖励已就绪！
energy_gem_offer_title	Special Offer!	特别优惠!
common_event_rule	How to Play	活动规则
common_event_start1	Event starts!	活动开始!
common_event_start2	Event started!	活动开始!
common_event_finish	Event finished!	活动完成!
common_go	Go!	冲!
common_cool	Cool!	很好!
common_congrat	Congratulations!	恭喜!
common_choose	Choose	选择
common_go_kitchen	Go to Kitchen	去厨房
common_bye	Good Bye!	再见!
common_reward	Rewards	奖励
common_free	FREE	免费
common_confirm	Confirm	确认
common_sure	Are you sure?	确定吗？
common_unclaim	Unclaimed Rewards	未领取奖励
common_well_done	Well Done!	干得漂亮!
character_intimacy_colton_idle_1	Did you catch the latest episode of 'Find the Boo'?	你看了最新一集的《寻找幽灵》了吗？
character_intimacy_colton_idle_2	Hey, someone's gotta pay the bills around here.	嘿，总得有人来付账单吧。
character_intimacy_colton_idle_3	You know what they say about good business…	众所周知，成功的生意都应该是……
character_intimacy_colton_idle_4	Mind if I run a new idea by you? It's gonna be BIG!	你想听我的新想法吗？这次一定大有作为！
character_intimacy_colton_idle_5	You know, one time I actually solo'd the Dungeons of Ka Galhr.	你知道吗，我上次一个人玩通关了凯·戈尔的地下城。
character_intimacy_colton_idle_6	Have you seen Olivia around? We were playing hide and seek…	你看到奥利维亚了吗？我们在玩捉迷藏……
character_intimacy_colton_hello_midnight_1	Working late, huh? Me too. Yeah. Working, that's it.	加班啊？我也是。嗯，工作嘛，就是这样。
character_intimacy_colton_hello_midnight_2	Can it wait a minute? I'm making a trade for a magic dagger.	能等我一会吗？我正在收购一把魔法匕首。
character_intimacy_colton_hello_midnight_3	No, really. I am working – but it's personal work.	不，我真的在工作……只不过是我的私人事务。
character_intimacy_colton_hello_morning_1	Rise and grind!	起床奋斗！
character_intimacy_colton_hello_morning_2	Morning, champ. Looking good!	早上好啊，人生赢家。看起来状态不错！
character_intimacy_colton_hello_morning_3	Ready to carpe that diem?	准备好迎接新的一天了吗?
character_intimacy_colton_hello_afternoon_1	I might go for a quick powernap.	我可能要打个盹儿。
character_intimacy_colton_hello_afternoon_2	Mornings are when I'm most productive. And now it's the afternoon.	早上是我效率最高的时候。不过现在是下午了。
character_intimacy_colton_hello_afternoon_3	On your lunch break? Couldn't be me.	你在吃午饭吗？我可没那闲工夫。
character_intimacy_colton_hello_evening_1	I'm headed downtown tonight. How about you?	我今晚要去市中心，你呢？
character_intimacy_colton_hello_evening_2	Man, that was a long day. I'm pooped.	唉，真是漫长的一天。我都快要散架了。
character_intimacy_colton_hello_evening_3	Time to kick back with a cold one.	是时候喝一杯冰冰的放松一下了。
character_intimacy_colton_hello_night_1	Watch out – night time is when the ghosts come out!	小心点……晚上可是有鬼魂出没的！
character_intimacy_colton_hello_night_2	Wait. Is that the time? My guildmates are waiting for me!	等一下，现在几点了？我的队友正在等我呢！
character_intimacy_colton_hello_night_3	Oh, hey! What are you doing up? I'm uh…doing taxes.	哦，嘿！你怎么还没睡？呃……我正在处理税务。
character_intimacy_colton_gift_1	Oh wow! For me? No one ever gets me anything.	哦，哇哦！给我的吗？从来没有人送过我礼物。
character_intimacy_colton_gift_2	Wait, that's not how this works. I'm the one who gives gifts!	嘿，等等，不是这样的。我才是那个该送礼物的人。
character_intimacy_colton_gift_3	Is this a trade? Oh, it's not? Wow, okay. Thanks!	你在和我做交易？哦？是礼物！谢谢！
character_intimacy_colton_gift_4	Nice! I've been collecting these!	太棒了！我最喜欢收集这个了！
character_intimacy_colton_gift_5	Thanks! Like, really!	谢谢！我太喜欢了！
character_intimacy_colton_gift_6	Consider this an investment!	这是一项有价值的投资！
character_intimacy_colton_gift_prefer_1	For that, I'll let you in on a little business secret…	为此，我得告诉你点儿商业机密……
character_intimacy_colton_gift_prefer_2	Oh, I love these! Thanks so much.	哇，我喜欢这些！太谢谢你了。
character_intimacy_colton_gift_prefer_3	It's been a while since anyone thought to get me one of these. Thanks!	已经好久没有人给我买这个了。谢谢你！
character_intimacy_colton_gift_prefer_4	Do you have many more of those? I'm just curious.	事先声明只是好奇，你还有很多这样的东西吗？
character_intimacy_colton_gift_prefer_5	I love these! No matter what anyone says, you're a true bro.	我喜欢这些！不管别人怎么说，你都是我的铁哥们儿。
character_intimacy_colton_level_up_1	We just levelled up our relationship, for sure.	我们好像更加熟悉了。
character_intimacy_colton_level_up_2	I guess we haven't hit our friendship level cap yet. Nice!	我们的关系又近了一步，太酷了！
character_intimacy_colton_level_up_3	We make great business partners.	我们是超绝商业搭档。
character_intimacy_colton_level_up_4	Honestly, I don't have many friends. I'm glad you're one of them.	老实说，我没几个好朋友，但你绝对是其中之一。
character_intimacy_colton_level_up_5	You know what? How about we hang out later? It'd be fun!	要不我们待会一起出去玩吧？一定很有意思！
character_intimacy_colton_gift_ready_1	Oh, by the way, I got this for you on my way here.	对了，在来的路上，我给你带了这个。
character_intimacy_colton_gift_ready_2	Close your eyes…okay, now hold your hands out. Surprise!	闭上你的眼睛……好，现在伸出你的手。怎么样，喜欢吗！
character_intimacy_colton_gift_ready_3	What do you think of THIS?	你觉得这个怎么样？
character_intimacy_colton_gift_open_1	I paid for that with a week of virtual gold trading. Cool, huh?	这是我用一周虚拟货币的交易利润买的，酷吧！
character_intimacy_colton_gift_open_2	Do you like it? You like it, right?	你喜欢这个吗？你肯定喜欢，对吧？
character_intimacy_colton_gift_open_3	I'm just that kinda guy.	我人就是这么好。
character_colton_moment_1_name	The Paranormal Investigator	灵异事件调查员
character_colton_moment_1_desc	Colton has an arsenal of ghost-hunting gear. He swears it works.	科尔顿有一整套捉鬼装备，他信誓旦旦地说这些东西很管用。
character_colton_moment_2_name	Moving Out	搬家
character_colton_moment_2_desc	After the divorce, Colton was excited for his own place – until reality hit.	离婚后，科尔顿对他的新住所充满了期待……直到现实降临。
character_colton_moment_3_name	Prom Pomp	毕业舞会
character_colton_moment_3_desc	Colton and Sophia would both prefer this photo is never seen by anyone.	科尔顿和索菲娅都希望这张照片永远不被任何人看到。
character_intimacy_colton_desc	The knight in a shining suit.	穿着锃亮西装的骑士。
character_intimacy_profile_colton_job	Manager & Business Consultant	经理和商业顾问
character_intimacy_profile_colton_relationship	Olivia's dad, Quinn & Sophia's ex	奥利维亚的爸爸，奎因和索菲娅的前任
character_intimacy_profile_colton_like	Ghost shows, crisp suits, MMORPGs	灵异事件，笔挺的西装，MMORPG游戏
character_intimacy_profile_colton_dislike	Sweatpants, well-done steaks	运动裤，全熟牛排
character_intimacy_profile_colton_story	Colton grew up with it all – with a picturesque family and a white picket fence in a quaint Northeastern town. That is until his family fell apart. After his parents divorced, he moved down South to Idlewood with his mother and two younger brothers. There, country life fueled his entrepreneurial spirit. In college, he majored in business, where he met Quinn. But after their divorce, it became time for Colton to make a name for himself…	科尔顿从小就拥有一切美好的东西……比如拥有东北部小镇上一个如画般的儿时住所，那里白色栅栏环绕，洋溢着幸福。然而，这一切在他家庭破裂后戛然而止。父母离婚后，他跟随母亲和两个弟弟搬到了南方的艾德伍德。在那里，乡村生活激发了他的创业精神。大学时，他主修商业，期间遇到了奎因。离婚后，科尔顿意识到是时候为自己打出一片天地了……
colton_intimacy_return_gift_title	Colton's Brimming Briefcase	科尔顿鼓囊囊的公文包
colton_intimacy_return_gift_desc	A reward box for a true entrepreneur! Tap to open.	给满分企业家的奖励礼盒！点击打开。
item_gift_colton_1_name	Colton's Brimming Briefcase	科尔顿鼓囊囊的公文包
item_gift_colton_1_desc	A reward box for a true entrepreneur! 	给满分企业家的奖励礼盒！
character_story_colton_1a_name	Senseless Specters I	无厘头的鬼影（一）
character_story_colton_1a_scene	Lake Sometime	浮生湖
character_story_colton_1a_intro	On a camping trip, Colton sneaks out, seeking a ghost…	在露营旅行中，科尔顿偷偷溜出去捉鬼……
character_story_colton_1b_name	Senseless Specters II	无厘头的鬼影（二）
character_story_colton_1b_scene	Lake Sometime	浮生湖
character_story_colton_1b_intro	After a bump in the night, Colton and Norman prepare themselves…	夜里一声怪叫后，科尔顿和诺曼都紧张兮兮地做好了准备……
character_story_colton_2a_name	Splitsville I	离婚（一）
character_story_colton_2a_scene	Quinn's Restaurant	奎因的餐厅
character_story_colton_2a_intro	Quinn gives Colton some papers to sign…	奎因让科尔顿签署一些离婚文件……
character_story_colton_2b_name	Splitsville II	离婚（二）
character_story_colton_2b_scene	Quinn's Restaurant	奎因的餐厅
character_story_colton_2b_intro	Colton faces the inevitable, the end of his marriage…	科尔顿不得不面对注定的结局，他的婚姻走到了尽头……
character_story_colton_2c_name	Splitsville III	离婚（三）
character_story_colton_2c_scene	Quinn's Restaurant	奎因的餐厅
character_story_colton_2c_intro	Sam helps Colton see the silver lining…	山姆帮助科尔顿看到了一线希望……
character_story_colton_3a_name	Idlewood Idols I	艾德伍德的偶像（一）
character_story_colton_3a_scene	Lori's Bistro	罗莉的小酒馆
character_story_colton_3a_intro	Colton and Sophia meet in a bar to talk about old times…	科尔顿和索菲娅在酒吧里相见，一起回忆往事……
character_story_colton_3b_name	Idlewood Idols II	艾德伍德的偶像（二）
character_story_colton_3b_scene	Lori's Bistro	罗莉的小酒馆
character_story_colton_3b_intro	Colton reflects on some possible regrets…	科尔顿回想起了一些遗憾……
character_story_colton_3c_name	Idlewood Idols III	艾德伍德的偶像（三）
character_story_colton_3c_scene	Lori's Bistro	罗莉的小酒馆
character_story_colton_3c_intro	Sophia wonders if it's time Colto hung up the suit…	索菲娅在想这是否到了科尔顿该转型的时候……
pack_golden_1_name	Golden Starter Pack	新手黄金卡包
pack_golden_2_name	Golden Common Pack	普通黄金卡包
pack_golden_3_name	Golden Uncommon Pack	罕见黄金卡包
pack_golden_4_name	Golden Rare Pack	稀有黄金卡包
pack_golden_5_name	Golden Epic Pack	史诗黄金卡包
golden_card_lock_tip	Only GOLDEN Joker Cards can redeem GOLDEN cards!	只有至尊小丑卡才可以兑换黄金卡牌
joker_golden_card_name	GOLDEN JOKER CARD	至尊小丑卡
album_tutorial_joker_card_golden	Use Golden Joker Cards within 24 hours to claim the cards you're missing!	在获得后的24小时内使用至尊小丑卡兑换任何你想要的卡牌!
album_tutorial_joker_card_common	Use Common Joker Cards within 24 hours to claim your missing common cards!	在获得后的24小时内使用小丑卡兑换任何你想要的普通卡牌!
album_pack_bubble_desc_golden	Includes at least 1 Golden Card with the following rating:	至少包含1张此等级的金卡：
xl_pack_remind_title	Incoming Large Packs	超大卡包大放送
xl_pack_remind_desc	Don't miss your chance to earn extra cards!	超大卡包出没！快抓紧时间获取！
xl_pack_remind_btn	Great!	志在必得!
joker_card_waiting_notice	You have {0} Joker cards pending. Tap to use them before time runs out! Unused Joker Cards will disappear after the card collection event ends!	当前拥有{0}张小丑卡。\n抓紧在有效期内使用，未使用的小丑卡会在卡册活动结束后消失!
joker_card_expired_notice	You have {0} Joker cards pending, and this Joker Card is expired, so use it now!	当前拥有{0}张小丑卡。\n当前小丑卡已过期，请立刻使用!
joker_card_golden_show_name_prefix	GOLDEN	至尊
lucky_fish_1	American Eel	美洲鳗鲡
lucky_fish_2	Dace	雅罗鱼
lucky_fish_3	Rainbowfish	虹银汉鱼
lucky_fish_4	Golden Trout	金鳟鱼
lucky_fish_5	Tilapia	罗非鱼
lucky_fish_6	Freshwater Goby	淡水虾虎鱼
lucky_fish_7	Largemouth Bass	大口黑鲈
lucky_fish_8	Cherry Salmon	马哈鱼
lucky_fish_9	Angelfish	神仙鱼
lucky_fish_10	Flathead Catfish	扁头鲇
joker_card_choose_desc	Choose the card you want.	选择一张你想要兑换的卡牌:
common_probability	Probability Disclosure	概率公示
item_shop24_re_ch_1_1_1_name	Busy Browser Box	买买买礼盒
item_shop24_re_ch_1_2_1_name	Haughty Haggler Chest	惊喜优惠礼盒
item_shop24_re_ch_1_3_1_name	Tactful Thrifter Chest	凑单高手宝箱
item_shop24_re_ch_1_4_1_name	Suave Shopper Box	物美价廉宝箱
item_shop24_re_ch_spe_1_name	Coupon Champion Chest	购物狂宝箱
summary_text_179_5	Vance and Sophia take a nice stroll – but Vance has questions…	万斯和索菲娅在愉快地散步……但万斯有很多的疑问……
summary_text_179_10	Imelda, Norman and Riley return from their errand…	伊梅尔达，诺曼和莱利从博物馆回来……
summary_text_179_15	Vance and Sophia prepare for their perfect date night…	万斯和索菲娅为他们夜晚的完美约会做准备……
task_178_1	Tape Status	工作狂
task_178_2	Yesterday's Lead	核心员工
task_178_3	Sam's Plan	山姆的计划
task_178_4	Trusty Sidekick	可靠的伙伴
task_178_5	Secret Weapon	杀手锏
task_178_6	Face The Music	面对现实
task_178_7	Rosa and Kane	罗萨和凯恩
task_178_8	The Softener	调解者
task_178_9	Blame Game	推卸责任
task_178_10	The Healthy Option	正确的选择
task_178_11	Two Idiots	两个傻瓜
task_178_12	Origami	纸鹤风波
task_178_13	Nasty Man	令人讨厌的男人
task_178_14	Runaway	逃兵
task_178_15	Tag!	捉迷藏！
task_178_16	Drowned	溺水身亡
task_178_17	Maybe	失望至极
task_179_1	Slow Arrival	缓缓而至
task_179_2	Gown Downtown	维塔的裙子
task_179_3	Listening Shoulders	可靠的双肩
task_179_4	Pressing Play	按下播放键
task_179_5	Sophia Stumpers	完美约会
task_179_6	Bodiless Expositions	人生不止如此
task_179_7	Palate Cleanser	陌生人
task_179_8	Reverse Card	露出马脚
task_179_9	Worthwhile Duty	赋予价值
task_179_10	Bona Fide Frock	货真价实
task_179_11	Another Truth	又一个真相
task_179_12	Secret Meeting	密会
task_179_13	Back in the Game	重返赛场
task_179_14	Setting Course	确定航向
task_179_15	Perfect Pairings	烛光晚餐
task_179_16	Heavy Load	负重前行
task_179_17	Slow Breaths	养精蓄锐
task_180_1	Big Girl	狡猾的狐狸
task_180_2	Jodo	乔多石板
task_180_3	Prep Work	准备工作
task_180_4	Shattered	支离破碎
task_180_5	Secret Society	秘密组织
task_180_6	Buzz Off	别来沾边
task_180_7	Swans	风雨之后见彩虹
task_180_8	Burn	最后一个秘密
task_180_9	Chasing Rumors	追踪
task_180_10	Coin Flip	世无后悔药
task_180_11	It Helps	录像带
task_180_12	Chasing Names	调查假名
task_180_13	Chaperra	小不点
task_180_14	Racer	玩具车
task_180_15	Like Family	就像家人一样
task_180_16	100% Pears	幼年糗事
task_180_17	Hard To Believe	往前看
task_180_18	Straws	见招拆招
dig_pre_countdown	Event starts in:	活动开启倒计时：
dig_pre_btn	Awesome!	期待!
dig_pre_start	Event starts!	活动开始!
dig_ready_btn	Let's go!	开始吧!
mineral_dig_depth	{0}M	{0}M
dig_bubble_desc	How to get it:\n1. Complete customer orders\n2. Buy special packs	如何获得：\n1. 完成订单\n2. 购买限时礼包
dig_delete_title	Are you sure you want to delete this item? It cannot be recovered.	确定要删除这个物品吗？删除后将不可撤回。
dig_delete_desc	Are you sure?	确定吗？
mineral_dig_reward_desc	Merge items to collect points and earn these great prizes!	合成物品并收集积分来赢得这些丰厚的奖品！
dig_reward_final	Big Prize	大奖
mineral_dig_end_desc2	Event Over!	活动结束!
mineral_dig_convert	Your remaining tools are converted to:	您剩余的工具已被转化为：
dig_end_btn	So long!	再见!
dig_instruction_title	How the Event Works	活动规则
dig_instruction_btn	Tap to Continue	点击继续
mineral_dig_hint	Not enough tools!	工具不足！
dig_reward_max	Max level	已满级
chain_energy_super_title	High Flying Energy	能量高飞
chain_energy_super_desc	It's time to restock! Buy energy to get an extra lucky plane!	是时候补充货物了！购买能量来召唤额外的物资飞机！
chop_gift_title	Discount Dash Pack	折扣冲刺礼包
chop_gift_desc	Earn coins to unlock a bigger discount!	收获金币获取更高折扣！
chop_gift_most_discount_desc	UP TO <color=#fffe82>{0}%</color> OFF!	最高减价\n<color=#fffe82>{0}%</color>!
chop_gift_tip	Discounts are based on the original price and may vary by currency.	折扣根据原价计算，可能会因货币有所不同。
chop_gift_discount_pass	The biggest possible discount is now available!	您已经可以用最高折扣购买了！
chop_gift_prg_discount_desc	<size=45>{0}%</size>\nOFF	<size=45>{0}%</size>\n折扣
puzzle_bfriday_desc	Complete orders to earn puzzle pieces, then finish it to win prizes!	完成订单获得拼图碎片，完成拼图赢得奖品！
puzzle_bfriday_end_desc	We're out of time! Join us next time to try again!	时间不够了，下次加入我们再试一次！
puzzle_bfriday_end_hint	Event over!	活动已结束
puzzle_bfriday_win_desc	Congratulations! You finished all the puzzles!	恭喜！你完成了所有拼图！
puzzle_bfriday_win_hint	Event over!	活动已结束
puzzle_get_more_hint	No more pieces	碎片不足
puzzle_ready_hint	New puzzle ready!	新的拼图准备好了!
puzzle_stage_finished_desc	Great job! You completed the puzzle!	太棒了！你完成了拼图！
puzzle_stage_finished_title	Puzzle Complete!	拼图完成!
puzzle_start_btn	Start	开始
tutorial_puzzle_2	Place puzzle pieces by tapping the squares!	通过点击方块来放置拼图碎片！
tutorial_puzzle_3	Complete orders to earn more puzzle pieces!	完成订单即可获得更多拼图碎片！
multiboards_btn_continue	Tap to Continue	点击继续
multiboards_btn1	OK	好的
multiboards_bubble_delete	Drag items to here to delete them.	将棋子拖拽到此处删除
multiboards_delete_desc	Are you sure you want to delete this item? It cannot be recovered.	确定要删除这个物品吗？删除后将不可撤回。
multiboards_delete_title	Are you sure?	确定吗？
multiboards_instruction_title	How the Event Works	活动规则
multiboards_item_unlock	New Item Found!	找到新物品！
multiboards_kitchen_btn	Go to Kitchen	去厨房
multiboards_pre_countdown	Event starts in:	活动即将开始:
multiboards_pre_start	Event starts!	活动开始!
multiboards_ready_btn	Go!	冲!
album_xmas_title	Christmas Comforts	圣诞欢馨
album_xmas_pre_desc	It's time for the comforts of home, family and gifts!	冬月里和家人度过美好的节日吧！
AXmas_set1_name	Christmas Morning	圣诞早晨
AXmas_set1_1_name	Cozy Tea	舒适早茶
AXmas_set1_2_name	Donut Hole Tree	泡芙塔
AXmas_set1_3_name	Syrupy Goodness	焦糖美味
AXmas_set1_4_name	Cinnamon Star	肉桂星星
AXmas_set1_5_name	Help, I'm Melting!	姜饼人可可
AXmas_set1_6_name	Candy Cushion	糖果抱枕
AXmas_set1_7_name	Wintery Morning	节日清晨
AXmas_set1_8_name	Snug Snug	舒适被窝
AXmas_set1_9_name	Waiting Presents	等待礼物
AXmas_set2_name	Santa's Spy	圣诞精灵
AXmas_set2_1_name	Double Disguise	完美伪装
AXmas_set2_2_name	Drawer Duo	秘密抽屉
AXmas_set2_3_name	Howdy House	迷你房子
AXmas_set2_4_name	Spin Cycle	旋转洗衣机
AXmas_set2_5_name	Kitchen Helper	厨房助手
AXmas_set2_6_name	Zipwire Agent	绳上飞人
AXmas_set2_7_name	Tower Tactics	高塔游戏
AXmas_set2_8_name	Window Washer	擦窗户
AXmas_set2_9_name	Fishing Trap	趣味垂钓
AXmas_set3_name	New Year's Eve	元旦前夕
AXmas_set3_1_name	Late Night Wine	品味香槟
AXmas_set3_2_name	Sparkling Flutes	一同畅饮
AXmas_set3_3_name	Star Treats	星星爆米花
AXmas_set3_4_name	Sparkling Sparkler	闪耀烟火
AXmas_set3_5_name	Golden Bauble	金色装饰
AXmas_set3_6_name	Party Ball	派对灯球
AXmas_set3_7_name	Dis-Coconut	迪斯科小椰子
AXmas_set3_8_name	Popped Cork	一飞冲天
AXmas_set3_9_name	Wine on Ice	美味冰酒
AXmas_set4_name	Reindeer Games	驯鹿游戏
AXmas_set4_1_name	Kris Kringle Gloves	红色手套
AXmas_set4_2_name	A New Friend	新朋友
AXmas_set4_3_name	Dusted Rack	帅气侧脸
AXmas_set4_4_name	Forager's Sleigh	忙碌雪橇
AXmas_set4_5_name	Super Sled	雪橇休息中
AXmas_set4_6_name	Desolate Grazer	荒山觅食
AXmas_set4_7_name	Cargo Sled	冬青雪橇
AXmas_set4_8_name	On, Dancer!	强壮的驯鹿
AXmas_set4_9_name	Big Red	红色新围巾
AXmas_set5_name	Santa's Workshop	圣诞老人工坊
AXmas_set5_1_name	Faux Bespoke	定制礼盒
AXmas_set5_2_name	Postal Pillar Box	忙碌邮箱
AXmas_set5_3_name	Data Entry	精灵助手
AXmas_set5_4_name	Manual Labor	手工包装
AXmas_set5_5_name	The Boss	一丝不苟
AXmas_set5_6_name	Christmas Conveyor	传送带
AXmas_set5_7_name	Sagging Sack	满满当当
AXmas_set5_8_name	Tube-Cart Interface	输送管道
AXmas_set5_9_name	Delivery Vehicle	运货小车
AXmas_set6_name	New Year's Resolutions	新年决心
AXmas_set6_1_name	New Hobbies	学习摄影
AXmas_set6_2_name	Start Journaling	每日记录
AXmas_set6_3_name	Eat Healthy	健康饮食
AXmas_set6_4_name	New Recipes	解锁新菜单
AXmas_set6_5_name	Express Yourself	表达自我
AXmas_set6_6_name	Learn Again	古典音乐
AXmas_set6_7_name	Take Risks	速度与激情
AXmas_set6_8_name	Try Yoga	宁静瑜伽
AXmas_set6_9_name	Ponder Mysteries	探索未知
AXmas_set7_name	Ugly Sweaters	丑毛衣大赛
AXmas_set7_1_name	Busy Bands	经典横纹
AXmas_set7_2_name	Fa-la-la Frump	雪地音符
AXmas_set7_3_name	Elfish Garb	模仿精灵
AXmas_set7_4_name	Relatively Nice	红鼻子
AXmas_set7_5_name	Ginger Cardigan	姜饼开衫
AXmas_set7_6_name	Bauble Board	撞色菱格
AXmas_set7_7_name	Cheesy Snowman	奶酪雪人
AXmas_set7_8_name	Human Tree	人形圣诞树
AXmas_set7_9_name	Tinsel Tree	闪亮冬青
AXmas_set8_name	Themed Treats	节日点心
AXmas_set8_1_name	Cranberry Tart	蔓越莓小饼
AXmas_set8_2_name	Starry Tree	星星树
AXmas_set8_3_name	Snowman Snacks	雪人饼干
AXmas_set8_4_name	Chocolate Reindeer	巧克力驯鹿
AXmas_set8_5_name	Crispy Puddings	冬青脆球
AXmas_set8_6_name	Iced Up	松树饼干
AXmas_set8_7_name	Tricky to Eat	雪人点心
AXmas_set8_8_name	Missing Slice	苹果派
AXmas_set8_9_name	Smore Stack	棉花糖夹心
AXmas_set9_name	Gingerbread Real Estate	建造姜饼房
AXmas_set9_1_name	Ginger Caravan	姜饼房车
AXmas_set9_2_name	Allspice Lodge	柑橘小屋
AXmas_set9_3_name	 Molasses Palace	甜蜜宫殿
AXmas_set9_4_name	Buttery Cottage	黄油小屋
AXmas_set9_5_name	Cinnamon Hut	童话高塔
AXmas_set9_6_name	Brown Sugar Shack	焦糖小屋
AXmas_set9_7_name	Vanilla Manor	香草庄园
AXmas_set9_8_name	Clove Cabin	丁香小屋
AXmas_set9_9_name	Iced Guesthouse	冰霜小屋
AXmas_set10_name	Christmas Evening	圣诞夜晚
AXmas_set10_1_name	Eager Excitement	憧憬的表情
AXmas_set10_2_name	Act of Giving	赠送礼物
AXmas_set10_3_name	Light Magic	光的魔力
AXmas_set10_4_name	Vicarious Joy	爱的笑容
AXmas_set10_5_name	Gift Pile	礼物成堆
AXmas_set10_6_name	Jolly Mittens	可爱手套
AXmas_set10_7_name	Hearth Wreath	冬青花环
AXmas_set10_8_name	Twinkling Topper	顶部星星
AXmas_set10_9_name	Candy Collection	糖果盒
AXmas_set11_name	Tinsel Town	圣诞小镇
AXmas_set11_1_name	Tubby	小雪人
AXmas_set11_2_name	Prize Lantern	明亮路灯
AXmas_set11_3_name	Replica Sleigh	雪橇雕塑
AXmas_set11_4_name	Heaving Eaves	积雪屋檐
AXmas_set11_5_name	Peace Plaque	指示牌
AXmas_set11_6_name	Rocking Reindeer	摇摆小鹿
AXmas_set11_7_name	Laurel Locomotive	轰隆隆火车
AXmas_set11_8_name	Perfect Snowballs	完美雪球
AXmas_set11_9_name	Dedicated Decorating	圣诞树灯牌
AXmas_set12_name	Avenue of Light	圣诞灯光
AXmas_set12_1_name	Glowing Icons	暖光贺卡
AXmas_set12_2_name	Twinkling Baubles	闪亮灯球
AXmas_set12_3_name	Season's Greetings	假日问候
AXmas_set12_4_name	Candle Lights	温馨蜡烛灯
AXmas_set12_5_name	Candy Path	甜蜜小径
AXmas_set12_6_name	Ice Lights	晶莹冰灯
AXmas_set12_7_name	Snow Duo	可爱雪娃
AXmas_set12_8_name	Dangling Decorations	舞会装饰
AXmas_set12_9_name	Dad's Job	爸爸的任务
progress_pack_end_title	Challenge Over!	挑战已结束
progress_pack_end_desc	Sam's Energy Challenge has ended! See you next time!	本期的山姆的能量挑战结束啦！我们下次见！
progress_pack_end_reward_desc	Here are your unclaimed rewards:	这是你未领取的奖励：
progress_pack_end_btn	OK	再见!
offer_xmast	Yuletide Bundle	暖冬欢乐购物礼包
title_text_sclass	Saul's Classroom	索尔的教室
title_text_hotel	A Mainland Hotel	某大陆酒店
title_text_bistro	Lori's Bistro	罗莉的小酒馆
summary_text_182_9	Amala stops by Saul's classroom to talk about an email…	阿玛拉顺路去了索尔的教室，准备谈谈一封电子邮件……
summary_text_183_13	Mark and Frankie strategize on the way back to home base…	马克和弗兰基在回家的路上讨论行动计划……
summary_text_184_5	Saul and Amala await their scheduled ferry to the mainland…	索尔和阿玛拉在等待前往大陆的渡轮……
summary_text_184_13	Saul and Amala arrive in their room, exhausted from travel…	索尔和阿玛拉到达了酒店房间，已经筋疲力尽了……
summary_text_185_8	Dominic pays a nervous, long overdue visit to Lori…	多米尼克忧心忡忡地拜访了许久未见的罗莉……
summary_text_185_9	Lloyd investigates a commotion outside his shop…	劳埃德的商店外出现骚动，他很奇怪……
task_181_1	Twiddling Thumbs	心神不宁
task_181_2	Pondering Paces	坐立难安
task_181_3	A Sweet Start	美好的时光
task_181_4	Minor Details	海盗主题房间
task_181_5	Full House	小小设计师
task_181_6	Tender Trinkets	回忆的小物件
task_181_7	Prickly Pickle	带刺的玫瑰
task_181_8	Bared Teeth	初露锋芒
task_181_9	Fish to Fry	炸鱼与难题
task_181_10	Off the Hook	摆脱困境
task_181_11	Party in the Front	老照片
task_181_12	Business with Cats	猫猫伙伴
task_181_13	Knotted Thoughts	安神茶
task_181_14	Tidied Marbles	地精组织邀请函
task_181_15	Trap Card	惯用陷阱
task_181_16	Incoming Goons	爪牙来临
task_181_17	Mission Morello	营救计划
task_182_1	Potent Plans	有效的计划
task_182_2	The Goon Circus	监视行动
task_182_3	Unthreatening Threats	早餐时刻
task_182_4	On the Prowl	耿耿于怀
task_182_5	The Yet Factor	不稳定因素
task_182_6	Late Start	香甜蓝莓酒
task_182_7	Bunker Chat	难忘的地堡
task_182_8	Norman's Gnomes	地精往事
task_182_9	Teacher Training	教师培训
task_182_10	Changing Course	地精传言
task_182_11	Ramona's Searches	有备而来
task_182_12	Calming Carmen	忧郁的卡门
task_182_13	Catching the Lure	危险的诱饵
task_182_14	Cold Ones	把握当下
task_182_15	Breaking the Vault	神秘的家族
task_182_16	Where to Go	无处安身
task_182_17	Beneath the Tent	帐篷之下
task_183_1	Rebel, Rebel	反抗号角
task_183_2	Around the Bush	兜圈子
task_183_3	Little Laughs	消失的石头
task_183_4	Blue Defenders	警员的调查
task_183_5	Turning the Wheel	可靠的伙伴
task_183_6	Beyond the Island	疯狂的经历
task_183_7	Sooner Before	打破砂锅问到底
task_183_8	Found Footing	谜题的关键人物
task_183_9	Action Plan	行动计划
task_183_10	Faulty Phases	两全其美的方案
task_183_11	Up to Speed	数不清的问题
task_183_12	Hidden Hands	幕后黑手
task_183_13	Starting the Climb	反腐行动
task_183_14	The Big Talk	大聊特聊
task_183_15	High Expectations	电视剧桥段
task_183_16	Testing the Waters	爱的火花
task_183_17	Backup Plans	备选计划
task_184_1	Infernal Machines	挖掘机
task_184_2	Sharper Teeth	獠牙
task_184_3	Intrusion	挖墙脚
task_184_4	Secret Meeting	地精的老窝
task_184_5	Don't Panic	朋友也很重要
task_184_6	Handler	掌局者
task_184_7	Schemer	策划者
task_184_8	Police Protection	官商勾结
task_184_9	Kinda Viral	一夜走红
task_184_10	In The Market	无所不能
task_184_11	In The Pit	坑中之物
task_184_12	Into Battle	大干一场
task_184_13	Top And Tail	客房乌龙
task_184_14	The Plan	声东击西
task_184_15	Foolproof	天衣无缝
task_184_16	Raid Plan	突袭
task_184_17	Corrupt Crust	败絮其中
task_185_1	Brutalizer	暴力发掘
task_185_2	Full Time	一键三连
task_185_3	Art Thing	与画相关
task_185_4	Busy Birds	让子弹飞一会
task_185_5	In Position	拉开序幕
task_185_6	Micromanagement	幕后
task_185_7	Flamingo	出击
task_185_8	Pretty Bizarre	通情达理
task_185_9	Barefoot Boogie	赤脚舞高手
task_185_10	His Master's Voice	通话中
task_185_11	Squandered	竹篮打水一场空
task_185_12	Bulldozer	新行动
task_185_13	Trouble In Paradise	分歧
task_185_14	Breathe With Me	收官在即
task_185_15	Coordinator	群策群力
task_185_16	Still Space	告白
task_185_17	Mission Accomplished	完美收官
task_186_1	Open Invitation	意外之邀
task_186_2	Seize the Moment	把握时机
task_186_3	Amateur Diggers	业余探宝者
task_186_4	Usless Relics	无用遗物
task_186_5	Tepid Waters	变废为池
task_186_6	Golden Goose	烫手山芋
task_186_7	Reading Recipts	一较高下
task_186_8	A Simple Cog	交友不慎
task_186_9	Red Ledgers	对线
task_186_10	Left in Tatters	知己知彼
task_186_11	Meow, Meow	恋爱的人类
task_186_12	Campaign Plans	未来的市长大人
task_186_13	Catty Chatter	爱洗澡的猫咪
task_186_14	Pros and Cons	权衡利弊
task_186_15	Barefoot Benefits	见风使舵
task_186_16	Fast News	突发新闻
task_186_17	Big Gulp	肚中异物
task_186_18	Sealed Fate	团结就是力量
calendar_title	Coconut's Advent Calendar	小椰子的圣诞礼物
calendar_desc	Sign in every day to claim a gift from Coconut!	每天登录领取小椰子的圣诞礼物！
calendar_day	Day {0}	第{0}天
calendar_bubble1	Meow meow!	喵喵~
calendar_button	See you later!	回头见!
calendar_countdown	Next gift in: 	下一份礼物：
calendar_reward_title1	Christmas Stocking	惊喜袜袜
calendar_reward_title2	Cozy Gloves	暖爪手套
calendar_reward_title3	Generous Gift	圣诞礼盒
calendar_reward_title4	Santa's Hat	绒绒圣诞帽
calendar_reward_title5	Sleigh Bell	铃儿叮当
calendar_reward_title6	St. Nick's Chest	闪闪宝箱
calendar_reward_title7	Secret Santa Prize	圣诞宝箱盛宴
calendar_reward_desc	Keep tapping to open your gift!	连续点击来打开礼物！
calendar_show_meow	Meow meow!	喵喵~
calendar_show_desc1	(I've got a bundle of presents just for you!)	（我给你准备了一大堆礼物！）
calendar_show_desc2	Can't Wait!	等不及了！
calendar_bubble2	Come back later to claim this gift!	记得再来领奖哦！
item_main_nugget_1_name	Golden Nugget	小金块
item_main_gem_1_name	A Single Gem	一颗宝石
order_boost_new	Begin Reviews!	评分开始!
order_item_chest_desc	Generates items to help you complete your current orders!	心想事成！可以产生你当前订单所需要的物品。
item_main_order_chest_s_1_name	Smart Chest	聪明宝箱
item_main_order_chest_m_1_name	Wise Chest	睿智宝箱
item_main_order_chest_b_1_name	Genius Chest	天才宝箱
item_main_fry_chest_1_name	Fry Supplies	薯条补给箱
item_main_tea_chest_1_name	Tea Supplies	红茶补给箱
item_main_seafood_chest_1_name	Seafood Supplies	海鲜补给箱
item_main_orange_chest_1_name	Orange Supplies	橘子补给箱
item_main_dive_chest_1_name	Diving Supplies	潜水道具补给箱
album_Gather_title	Fond Reunions	欢聚时光
album_Gather_pre_desc	It's time to come together and create memories with friends and family!	佳期已至，与亲朋好友欢聚一堂创造美好回忆！
AGather_set1_name	Chinese New Year Décor	新年添好饰
AGather_set1_1_name	Money Tree	摇钱树
AGather_set1_2_name	Composing Couplets	手写春联
AGather_set1_3_name	Intricate Cuts	剪纸窗花
AGather_set1_4_name	Folded Lantern	纸艺灯笼
AGather_set1_5_name	Lettering Blessing	提笔纳福
AGather_set1_6_name	Lucky Knots	中国结
AGather_set1_7_name	Auspicious Views	福气临门
AGather_set1_8_name	Prosperous Lights	鸿运当头
AGather_set1_9_name	Fortunate Deity	欢喜财神
AGather_set2_name	Dumpling Prep	包饺子
AGather_set2_1_name	Kneady Needs	揉面团
AGather_set2_2_name	Shaping Skills	擀出薄皮
AGather_set2_3_name	The Good Stuffing	搅拌馅料
AGather_set2_4_name	Fine Fillings	填充馅料
AGather_set2_5_name	Ingot Folds	捏成元宝
AGather_set2_6_name	Rain of Flour	撒干面粉
AGather_set2_7_name	Plump Dumps	开水下锅
AGather_set2_8_name	Boiled Dumplings	鲜嫩水饺
AGather_set2_9_name	Steamed Dumplings	飘香蒸饺
AGather_set3_name	Spring Cleaning	小年大扫除
AGather_set3_1_name	Window Washin'	窗明几净
AGather_set3_2_name	Mopping Madness	地面抛光
AGather_set3_3_name	Pristine Kitchen	厨房焕新
AGather_set3_4_name	Conventional Cleaning	扫尘老搭档
AGather_set3_5_name	Cleansing Elixirs	清洁好物
AGather_set3_6_name	Into the Hamper	脏衣篓大丰收
AGather_set3_7_name	Laundry Day	忙碌洗衣机
AGather_set3_8_name	Nooks and Crannies	纤尘不染
AGather_set3_9_name	Eager Duster	扫尘除病
AGather_set4_name	New Year Gifts	春节礼物
AGather_set4_1_name	Tiger Footwear	温暖虎头鞋
AGather_set4_2_name	Nutty Nibbles	坚果拼盘
AGather_set4_3_name	Lucky Pants	可爱长裤
AGather_set4_4_name	Rich Red Packet	好运红包
AGather_set4_5_name	Tigress Hat	霸气虎头帽
AGather_set4_6_name	Charmed Bracelet	金闪闪手链
AGather_set4_7_name	Stacked Snacks	美味礼盒
AGather_set4_8_name	Tang Suit	喜庆上衣
AGather_set4_9_name	Perfect Pour	氤氲茶香
AGather_set5_name	Big Boom!	鞭炮齐鸣
AGather_set5_1_name	Firework String	精致鞭炮
AGather_set5_2_name	Basket of Boom	鞭炮储备
AGather_set5_3_name	Shimmering Hope	许个愿吧
AGather_set5_4_name	Firecracker Bundle	小巧挂鞭
AGather_set5_5_name	Crackle, Pop!	劈啪作响
AGather_set5_6_name	Brilliant Bang	绚烂焰光
AGather_set5_7_name	Street Sparks	一飞冲天
AGather_set5_8_name	Firework Display	烟花表演
AGather_set5_9_name	Firecracker Line	响彻云霄
AGather_set6_name	Lantern Montage	上元灯节
AGather_set6_1_name	Floral Lantern	绢花灯笼
AGather_set6_2_name	Radiant Rabbit	温暖小兔灯
AGather_set6_3_name	One Wish	心愿使者
AGather_set6_4_name	Leafy Lanterns	枝头灯火
AGather_set6_5_name	Waterfront Glow	灯火漫天
AGather_set6_6_name	Wealthy Wishes	年年有余
AGather_set6_7_name	Fiery Flares	瀚海腾龙
AGather_set6_8_name	Wintery Gleam	芬芳腊梅
AGather_set6_9_name	Hexagonal Dazzle	六角宫灯
AGather_set7_name	Wonderful Wishes	美好祈愿
AGather_set7_1_name	Ogokbap	五谷饭
AGather_set7_2_name	Chung Cake	方形年棕
AGather_set7_3_name	Hanging Hopes	许愿树
AGather_set7_4_name	Tangerine Throwing	抛柑
AGather_set7_5_name	Kagami Mochi	镜饼
AGather_set7_6_name	Flower Fair	游花街
AGather_set7_7_name	Yuanxiao	搓元宵
AGather_set7_8_name	Sweet Paste	甜蜜元宵
AGather_set7_9_name	Wishing Sachet	许愿香囊
AGather_set8_name	Reunion Dinner	团圆之夜
AGather_set8_1_name	Happy Hostess	餐桌笑语
AGather_set8_2_name	Steamed Fish	清蒸鲈鱼
AGather_set8_3_name	New Year Cake	甜蜜年糕
AGather_set8_4_name	Scrumptious Shrimp	油爆大虾
AGather_set8_5_name	Got Hot Pot? 	铜锅涮肉
AGather_set8_6_name	Peking Duck	喷香烤鸭
AGather_set8_7_name	Soupy Special	滋补煲汤
AGather_set8_8_name	White Cut Chicken	白切鸡
AGather_set8_9_name	Spring Rolls	酥脆春卷
AGather_set9_name	Family Talent Show	家庭联欢会
AGather_set9_1_name	Home Video	记录影像
AGather_set9_2_name	Baby Grand	钢琴独奏
AGather_set9_3_name	Giggling Spectator	快乐观众
AGather_set9_4_name	Guzheng Song	琴声绕梁
AGather_set9_5_name	Doggy Dressup	帅气狗宝
AGather_set9_6_name	Intellectuals' Game	闲适对弈
AGather_set9_7_name	Magic Show	神奇魔术
AGather_set9_8_name	Dance Number	曼妙舞姿
AGather_set9_9_name	Tango Accordion	悠扬手风琴
AGather_set10_name	Jubilant Performance	节庆表演
AGather_set10_1_name	Drumming Tower	群鼓共奏
AGather_set10_2_name	Rhythmic Lion	灵巧醒狮
AGather_set10_3_name	Resting Ball	鼓上绣球
AGather_set10_4_name	Lion Dance	俏皮摆尾
AGather_set10_5_name	Beijing Opera	惊艳花旦
AGather_set10_6_name	Dancing Drums	翩翩鼓上舞
AGather_set10_7_name	Ceremonial Drum	庄重大鼓
AGather_set10_8_name	Quilted Ball	精致绣球
AGather_set10_9_name	Stage Calligraphy	挥毫泼墨
AGather_set11_name	Lovers' Hike	共赏野趣
AGather_set11_1_name	Fishing Duo	垂钓慢时光
AGather_set11_2_name	One Pair	切磋牌艺
AGather_set11_3_name	Warm Future	畅谈天地
AGather_set11_4_name	Intimate Moment	相依相偎
AGather_set11_5_name	Hiking Gear	旅途装备
AGather_set11_6_name	Camper's Morning	露营清晨
AGather_set11_7_name	Mappped Out	出行计划
AGather_set11_8_name	Roasting Marshmellows	焦香甜蜜
AGather_set11_9_name	Latte Art	拿铁艺术
AGather_set12_name	Home Comforts	温馨小家
AGather_set12_1_name	The Best Part	重温老电影
AGather_set12_2_name	Co-op Mode	默契搭档
AGather_set12_3_name	Strategic Romance	斗智斗勇
AGather_set12_4_name	Candle Making	浪漫香薰
AGather_set12_5_name	Reading Partners	安静书友
AGather_set12_6_name	Instant Memories	记录瞬间
AGather_set12_7_name	Record Collector	经典唱片
AGather_set12_8_name	Floor Games	轻松游戏
AGather_set12_9_name	Sweet Bouquet	糖果花束
AGather_set13_name	Valentine's Chocolates	甜蜜巧克力
AGather_set13_1_name	Coco Strawberries	巧克莓莓
AGather_set13_2_name	Valentine's Box	精致礼盒
AGather_set13_3_name	Beary Bliss	小熊茶点
AGather_set13_4_name	Sweet Satin Creme	丝滑奶油夹心
AGather_set13_5_name	Gifted Truffles	草莓松露
AGather_set13_6_name	Indulgent Mousse	雅致慕斯
AGather_set13_7_name	Sweet Hearts	热烈心意
AGather_set13_8_name	Raspberry Filling	清甜蔓越莓
AGather_set13_9_name	Snow-kissed	倾慕之吻
AGather_set14_name	Baking Love	趣味烘焙
AGather_set14_1_name	Whisking Love	搅拌奶油
AGather_set14_2_name	Rolling Dough	滚动面团
AGather_set14_3_name	Egg Wash	涂抹蛋液
AGather_set14_4_name	Pipers' Dream	挤出奶油
AGather_set14_5_name	Sugary Dust	洒落糖粉
AGather_set14_6_name	Lined Sponge	整洁蛋糕胚
AGather_set14_7_name	Cooling Rack	面包出炉
AGather_set14_8_name	Feline Shortbread	小猫甜饼
AGather_set14_9_name	Buttercream Layer	奶油裱花
AGather_set15_name	The Perfect Date	完美约会
AGather_set15_1_name	Verdant Carriage	馥郁小车
AGather_set15_2_name	Cheers to Us	敬我们
AGather_set15_3_name	Together Forever	爱的誓约
AGather_set15_4_name	Ever After Car	浪漫跑车
AGather_set15_5_name	Cupid's Flare	爱心丘比特
AGather_set15_6_name	Endearing Gifts	惊喜礼物
AGather_set15_7_name	Gate of Love	爱情之门
AGather_set15_8_name	Teddy Beau	可爱毛熊
AGather_set15_9_name	Champagne Tower	香槟塔
shop_pack_sale_title	Gem Pack Fortune	钻石闪购，豪赠卡包!
shop_pack_sale_desc	Purchase gems in the <sprite="icon_property" name="icon_shop"> and get bonus card packs!	商店上新了! 前往<sprite="icon_property" name="icon_shop">买钻石获取额外卡牌包！
shop_pack_sale_btn	Go to	前往
shop_pack_sale_tag	EXTRA	附赠
accumPay_title	Storm of Sweets	糖果风暴
accumPay_final_reward	GRAND \nPRIZE	终极大奖
accumPay_final_reward_desc	Complete all the tasks to win the Grand Prize!	完成全部任务领取终极大奖!
accumPay_desc	Make any in-game purchase to earn <sprite="icon_property" name="icon_accumPay">	完成任意游戏内购买可以收集<sprite="icon_property" name="icon_accumPay">
accumPay_task	Collect {0} <sprite="icon_property" name="icon_accumPay">	收集 {0} <sprite="icon_property" name="icon_accumPay">
accumPay_end_title	Event Over	活动已结束
accumPay_end_desc	The Storm of Sweets event is over. Come back next time!	糖果风暴活动结束了，期待下次再见！
accumPay_end_btn	OK	再见
accumPay_token_rule	{0} = <sprite="icon_property" name="icon_accumPay"> ×{1}	{0} = <sprite="icon_property" name="icon_accumPay">×{1}
cookingFrenzy_title	Flaming Frenzy	火焰狂热
cookingFrenzy_desc1	Earn coins to collect flames to unlock dish boosters! <color=#FFF867>One coin equals one flame!</color>	赚取金币来收集火焰并激活菜品助力！<color=#FFF867>每赚1金币可获得1火焰积分！</color>
cookingFrenzy_desc2	A higher dish booster means better rewards!	菜品助力等级越高，奖励越好！
cookingFrenzy_countdown	Ends in:	结束倒计时：
cookingFrenzy_desc3	When the timer ends, the boost will disappear! \nUse it wisely!	倒计时结束后，已激活的菜品助力将会消失。请尽快享用！
cookingFrenzy_buff_active_title_copper	Bronze Dish Activated!	黄铜助力激活!
cookingFrenzy_buff_active_title_silver	Silver Dish Activated!	白银助力激活!
cookingFrenzy_buff_active_title_gold	Gold Dish Activated!	黄金助力激活!
cookingFrenzy_buff_active_title_ruby	Ruby Dish Activated!	红宝石助力激活!
cookingFrenzy_buff_order_title_copper	Bronze Dish Rewards	黄铜菜品奖励
cookingFrenzy_buff_order_title_silver	Silver Dish Rewards	白银菜品奖励
cookingFrenzy_buff_order_title_gold	Gold Dish Rewards	黄金菜品奖励
cookingFrenzy_buff_order_title_ruby	Ruby Dish Rewards	红宝石菜品奖励
cookingFrenzy_buff_order_random_desc	You will randomly receive one of the following rewards when you complete this order:	完成订单后随机获得以下奖励之一：
cookingFrenzy_buff_order_all_desc	You will receive all of the following rewards when you complete this order:	完成订单后可获得以下全部奖励：
cookingFrenzy_buff_hint_title_copper	Bronze Dish Boosters	黄铜菜品助力
cookingFrenzy_buff_hint_title_silver	Silver Dish Boosters	白银菜品助力
cookingFrenzy_buff_hint_title_gold	Gold Dish Boosters	黄金菜品助力
cookingFrenzy_buff_hint_title_ruby	Ruby Dish Boosters	红宝石菜品助力
cookingFrenzy_buff_hint_desc_copper	Once activated, you will get a small reward for completing each order!	激活后，每完成一个订单你都会获得一份小奖励。
cookingFrenzy_buff_hint_desc_silver	Once activated, you will get a helpful reward for completing each order!	激活后，每完成一个订单你都会获得一份奖励。
cookingFrenzy_buff_hint_desc_gold	Once activated, you will get a fancy reward for completing each order!	激活后，每完成一个订单你都会获得一份精美奖励。
cookingFrenzy_buff_hint_desc_ruby	Once activated, you will get a marvelous reward for completing each order!	激活后，每完成一个订单你都会获得一份豪华奖励。
tutorial_cooking_frenzy_1	Ah, dude! I've lost my gusto and I need it back, pronto! Will you help?	啊，伙计！感觉最近在做菜时缺少了往日的激情，你能帮帮我吗？
tutorial_cooking_frenzy_2	I need to start cooking with fire! Gather flames and, when I'm ready, we'll get bonus rewards from every order!	我需要找回那种大火爆炒的感觉！帮助我收集火焰，一旦热情重燃，我相信顾客也会为此给更多的小费！
tutorial_cooking_frenzy_3	Tap here to see how this works!	点击这里来了解我的详细需求！
title_text_mall	Soldale Mall	苏达市购物中心
title_text_room	The Hotel Room	酒店房间
title_text_hall	City Hall	市政厅
title_text_restaurant	Famigletti's Restaurant	法米格餐厅
summary_text_187_11	Amala and Saul return from their business trip…	阿玛拉和索尔出完差，回到了浪尾岛……
summary_text_188_10	Sam and Mark help Riley search for the perfect outfit…	山姆和索尔正帮莱利挑选合适的衣服……
summary_text_189_6	Saul and Amala lie awake, side by side…	索尔和阿玛拉并肩躺在床上，睡意全无……
summary_text_189_10	Crane stalks around Bruno's office, ready to strike…	克雷恩在布鲁诺的办公室周围徘徊，蓄势待发……
summary_text_189_15	On the mainland, Ziva and Riley arrive at a fancy restaurant…	在大陆上，姬瓦和莱利来到了一家高档餐厅……
summary_text_190_5	Having called Frankie in for a report, Bruno awaits answers…	在叫弗兰基进来汇报后，布鲁诺等待着答案……
time_3	Three nights previously…	三天之前的晚上……
task_187_1	Morning Mayhem	晨间混乱
task_187_2	Fishing Fishbones 	鱼骨救援
task_187_3	Puzzling Packages	特慢快递
task_187_4	Pinky High	出头之日
task_187_5	Feline Fantasties	猫语专家
task_187_6	Comedic Timing	失控幽默
task_187_7	Pass the Peas	暗度陈仓
task_187_8	Worn Out Doubts	别怀疑我
task_187_9	My Favorite Human	我最爱的人类
task_187_10	Shoeless Concepts	赤脚计划
task_187_11	Crashing Reality	现实落差
task_187_12	Lost Cause	戒指风波
task_187_13	Retraced Charges	贼喊捉贼
task_187_14	Top Cop	警界精英
task_187_15	Furball Secret	毛球秘密
task_187_16	True Colors	露出獠牙
task_187_17	Drive Safe	可靠舵手
task_188_1	Lifeguard On Duty	天选之子
task_188_2	Turn Around	强强联手
task_188_3	Special Delivery	迟来的包裹
task_188_4	Proving Innocence	还我清白
task_188_5	Film Footprints	胶卷记忆
task_188_6	Strange Beauty	奇特之美
task_188_7	Past Lives	过往人生
task_188_8	Bundle of Joy	喜从天降
task_188_9	Priceless Paper	无价之纸
task_188_10	Fashion Blues	潮人的烦恼
task_188_11	Left in Disarray	一团糟
task_188_12	Hot Firecracker	警官的暴脾气
task_188_13	Photo Finish	结案
task_188_14	Outside the Lines	出格之举
task_188_15	Dating Digest	心碎游戏
task_188_16	Future Plans	毛球的阻碍
task_188_17	Secret Agenda	鱼与熊掌
task_189_1	Big Plans	宏图大计
task_189_2	Lovecats	猫猫之恋
task_189_3	Transatlantic	跨越大西洋
task_189_4	Talk of the Ship	船舱热议
task_189_5	Forced Proximity	强制亲密
task_189_6	Radiant Center	光芒中心
task_189_7	Different	与众不同
task_189_8	Special Hat	特别的帽子
task_189_9	Veteran Husbander	养宠老手
task_189_10	Good Boy	乖孩子
task_189_11	Further Thoughts	深思熟虑
task_189_12	Dirty Charlatan	厚颜无耻
task_189_13	Slimeball	无耻之徒
task_189_14	Rat Race	激烈竞争  
task_189_15	Bright Future	前途无量
task_189_16	Over-invested	投入过度
task_189_17	Special Ring	特殊的戒指
task_190_1	Last Time	最后一次
task_190_2	Officiator	婚礼主持人
task_190_3	Huzzah!	欢呼时刻
task_190_4	Wedding Fish	婚礼之鱼
task_190_5	Whose Law?	谁的法则？
task_190_6	Out of the Loop	一头雾水
task_190_7	The Real Deal	货真价实
task_190_8	Explosives!	爆炸物危机
task_190_9	Gunpowder Plot	火药阴谋
task_190_10	Whirlwind Romance	闪恋风云
task_190_11	Tactical Ignoring	战术忽视
task_190_12	Three Fronts	三线作战
task_190_13	Gossip Cats	八卦猫群
task_190_14	Cat Wedding	猫咪婚礼
task_190_15	Meow Vows	喵星誓言
task_190_16	Get a Bucket	拿桶来！
task_190_17	Strewth	惊叹之物
activity_merge_spring2025_title	Scroll Searchers	卷轴寻宝大冒险
activity_merge_spring2025_subtitle	Collect scrolls to earn extra event points.	收集卷轴赢取额外活动积分！
activity_merge_spring2025_finish_text	Fantastic! You've collected all of the scrolls! How about we take another stroll around the gardens?	不可思议！你已经集齐了所有卷轴！我们再去花园里逛逛怎么样？
cross_permission_bubble	Try our new game and win a FREE REWARD!	尝试我们的新游戏，领取免费奖励！
cross_permission_desc	We need your permission to access to the inventory of installed apps. This will be used solely to verify whether you have Microfun Games installed. You can cancel this permission at any time.	为了正常开启活动，我们需要获得您的允许访问设备安装应用列表。我们仅会用此权限来判断来自Microfun的游戏的安装状态。您可以随时在隐私设置中撤回此授权。
cross_permission_agree	Agree	同意
cross_permission_not	Not Now	下次吧
privacy_setting_app_list_button	App List Permissions	应用列表权限
privacy_setting_app_list_title	App List Permissions	应用列表权限
privacy_setting_app_list_desc	Would you like to withdraw this app's permissions to access the list of installed applications on your device? This will be used solely to verify whether you have Microfun Games installed.	您希望撤回我们访问您设备的安装应用列表的授权吗？该权限仅会被用于验证设备是否安装了来自Microfun的游戏。
privacy_setting_app_list_agree	Yes	是的
privacy_setting_app_list_not	Cancel	取消
energy_boost_eight_title	x8 Generator Booster	8倍能量助力
energy_boost_eight_desc	Reach <color=#fff70f>300</color> energy to unlock the <size=60><sprite="icon_property" name="icon_flower"></size> Generator Booster mode!	达到<color=#fff70f>300</color>能量来解锁<size=60><sprite="icon_property" name="icon_flower"></size>能量助力！
energy_boost_eight_bubble	<color=#fe4115>x8</color> Booster is available!	<color=#fe4115>8倍</color>助力可用!
energy_boost_eight_unlock_title	x8 Booster Unlocked	8倍能量助力解锁
energy_boost_eight_unlock_desc1	Turn on the <size=55><sprite="icon_property" name="icon_flower"></size> Generator Booster to produce even higher level items.	你现在可以开启<size=60><sprite="icon_property" name="icon_flower"></size>能量助力来产生更高等级的棋子。
energy_boost_eight_unlock_desc2	Generating items will cost 8 <sprite="icon_property" name="icon_energy">.	产生棋子将消耗8<sprite="icon_property" name="icon_energy">。
energy_boost_eight_guide	Hey! The x8 Generator is ready! Tap it and try it out!	现在可以使用8倍能量助力了，点击按钮试试吧！
energy_boost_super_on_hint3	Generator Booster X8 is on.	8倍能量助力开启。
energy_boost_super_on_desc3	Generators will now cost 8<sprite="icon_property" name="icon_energy"> and will <color=#1c8ee6>produce +3 level items.</color>	现在产生棋子将消耗8<sprite="icon_property" name="icon_energy">，生成的棋子等级也会<color=#1c8ee6>额外+3</color>。
offer_winter25	Lucky Glacial Bundle	晶莹冰川礼包
offer_spring25	Wealthy Wishes Pack	招财进宝礼包
winter_adventure_title	Skiing Sidekicks	冬日畅玩
winter_adventure_pre_desc	It's a snowy winter day, and Olivia wants to go skiing with her animal friends! Join in on their icy activities and meet the gang!	白雪皑皑的冬日，奥利维亚想要和动物朋友们一起去滑雪！参加活动帮助她结识更多新的动物朋友！
winter_adventure_desc	It's time to go skiing with Olivia and her animal friends! Join in on their icy activities and meet the gang!	奥利维亚想要和她的动物朋友们一起滑雪！参加活动帮助她结识更多动物朋友！
winter_adventure_success_title	Friends Found!	结识所有动物朋友！
winter_adventure_success_desc	With your help, the skiing adventure was a great success!	在你的帮助下，奥利维亚结识了所有的动物朋友，滑雪活动即将开始！
winter_adventure_fail_desc	Oh no, Olivia doesn't have time to meet all of the the new animal friends. So she'll continue her skiing adventure with her old pals.	还有很多的动物伙伴没有结识，但是奥利维亚已经没有时间了，她决定先去滑雪啦。
winter_adventure_guide_1_1	These are my animal friends! Let's meet them all.	这就是我们想结识的动物朋友！
winter_adventure_guide_2_2	Tap here to add items to the board, then merge them!	点击宝箱，结识新的动物朋友！
winter_adventure_complete_title	Friends Found!	活动结束！
winter_adventure_complete_desc	With your help, Olivia met up with all of her animal friends and the skiing adventure was a great success! You can continue to explore the board to get more rewards!	恭喜！在您的帮助下，奥利维亚成功结识了所有动物朋友！您可以继续探索棋盘以获得更多奖励！
album_rainbow_prg_desc	Earn <sprite="icon_property" name="icon_rainbow"> from duplicate cards.	收集重复卡牌以获取<sprite="icon_property" name="icon_rainbow">
album_rainbow_prg_desc2	Earn <sprite="icon_property" name="icon_rainbow"> to get a duplicate rare card.	累积<sprite="icon_property" name="icon_rainbow">将获取已有卡牌
album_new_card_desc	Get 1 random new card! 	随机获取一张新卡牌! 
album_new_card_uncover	Tap to reveal your new card!	点击揭晓你的全新卡牌!
album_new_card_congrat_1	CONGRATULATIONS!	太棒了!
album_new_card_congrat_2	You got a new card!	你获得了一张全新卡牌!
album_old_card_uncover	Tap to reveal the card!	点击揭晓卡牌!
album_old_card_congrat	Congratulations!	恭喜获得卡牌!
album_new_card_tag	NEW	新卡牌
album_new_card_title	NEW CARD	新卡牌
Search_firework_bubble_desc	Hit blocks to activate fireworks!	敲砖块来激活烟花！
Search_firework_show_title	Firework Show	烟花秀
Search_firework_show_desc	Hit blocks to activate fireworks and do extra damage!	敲砖块能激活烟花，它能帮你打碎更多砖块！
coin_race_complete_desc	Whoa! You completed all of the rounds!	哇！你完成了所有的比赛！
coin_race_more_round_botton1	Start Round	下一轮
activity_merge_christmas2024_title	Sweater Sweepstakes	节日毛衣大比拼
activity_merge_christmas2024_subtitle	Collect sweaters to earn extra event points!	收集毛衣赢取额外活动积分！
activity_merge_christmas2024_finish_text	Toasty! You've collected all the sweaters! Maybe don't try wearing them all at once.	暖意洋洋！你已经集齐了所有毛衣！不过可别一股脑儿全穿上哦。
title_text_colton	Colton's Place	科尔顿的住所
summary_text_191_14	Vance shows up to Colton's place, searching for solace…	万斯来到科尔顿的住处寻求安慰……
summary_text_192_7	Colton, Frankie and Vance knock back a few cold ones…	科尔顿、弗兰基和万斯畅饮了几杯冰啤酒……
summary_text_192_15	Colton and Frankie debate Quinn's next move…	科尔顿和弗兰基讨论着奎因的下一步行动……
summary_text_193_7	Vance shares his woes with Colton and Frankie…	万斯向科尔顿和弗兰基倾诉他的烦恼……
summary_text_194_1	Amala and Saul have breakfast as they recover from the party…	阿玛拉和索尔在派对结束后，边吃着早饭边慢慢缓过劲儿来……
summary_text_194_5	Vance nervously returns after leaving the room to take a call…	万斯离开房间接了个电话后神色紧张的回来……
task_191_1	Jumbled Mumbles	胡言乱语
task_191_2	Pulpy Superstar	果汁救星
task_191_3	Cagey Monster	醉语藏谜
task_191_4	Pensive Parting	消沉离别
task_191_5	Off the Record	秘事难宣
task_191_6	Good Pacing	渐露端倪
task_191_7	Bro Code!	兄弟守则
task_191_8	Cliffhanger	吊人胃口
task_191_9	Pieced Together	抽丝剥茧
task_191_10	Losers' Club	失败者俱乐部
task_191_11	Oncoming Storm	风暴欲来
task_191_12	RSVP	敬请赐复
task_191_13	Family Rager	家族派对
task_191_14	Busy Business	事务繁忙
task_191_15	Ruffled Feathers	触怒生波
task_191_16	Morning Rundown	晨况概要
task_191_17	Operation, Go!	行动启动！
task_192_1	Empty-Handed Search	一无所获
task_192_2	Seven Degrees	七度人脉
task_192_3	Junk Mail	垃圾邮件
task_192_4	Turning Green	情事纷扰
task_192_5	Yo-Ho, Yo-Ho	海盗遐思
task_192_6	The Glow	容光焕发
task_192_7	New Roomie	新室友
task_192_8	Cunningham Rumors	坎宁安谣言
task_192_9	No Drama Queen	别做戏精
task_192_10	Wondering Whereabouts	寻踪觅迹
task_192_11	Shifty Call	可疑电话
task_192_12	The Brick Wall	困壁难破
task_192_13	A Dinner Thing	晚餐之约
task_192_14	Romantic Stumbles	甜蜜烦恼
task_192_15	Boy's Club	兄弟密议
task_192_16	Cosmic Timing	时来运转
task_192_17	Dragon Slayer	寻援解困
task_193_1	Hovering Hawk	盘旋的鹰
task_193_2	Safe and Sound	安然无恙
task_193_3	The Dark Knight	暗夜骑士
task_193_4	News Flash	闪电快讯
task_193_5	Terms and Conditions	约法三章
task_193_6	Suitable Match	适配对象
task_193_7	The Second Climb	二次攀登
task_193_8	Misled Intentions	误判心意
task_193_9	Party Crasher	派对破坏者
task_193_10	Invitation Only	仅限受邀者
task_193_11	Best Option	不二之选
task_193_12	Mission Possible	使命必达
task_193_13	Tangled Threads	千丝万缕
task_193_14	The Other Morello	另一个莫雷洛
task_193_15	The Pedestal	全家的希望
task_193_16	Olde Gossip	陈年旧闻
task_193_17	Secret Agents	密码特工
task_194_1	Suits	派对闲谈
task_194_2	Seven	一团乱麻
task_194_3	Bride-to-be	万斯的未婚妻
task_194_4	Grease	政治联姻
task_194_5	Missed by Mom	逢场作戏
task_194_6	Rascals	万斯去向
task_194_7	Stupid Not To	原生家庭
task_194_8	The Triangle	三角关系
task_194_9	Obviously Not	敞开心扉
task_194_10	A Sad Period	分手信
task_194_11	To The Grave	分手原因
task_194_12	At Sea, On Land	海盗博尔
task_194_13	Ticking Clock	劳埃德的传承
task_194_14	Advice Guy	军师
task_194_15	Too Late	爱人错过
task_194_16	My Girl	坚定选择
task_194_17	Life Is Strange	起起伏伏
task_194_18	Hope For All	心怀希望
task_195_1	Fragile Chances	破冰
task_195_2	The Only Girl	坦诚相待
task_195_3	Not Rich	处境棘手
task_195_4	That Boy	那小子
task_195_5	Hidden Letters	寻找信件
task_195_6	Weird Mindset	解决问题
task_195_7	Hearts and Horizons	浪漫爱情
task_195_8	Buttkicker	误会成山
task_195_9	Time to Dip	溜之大吉
task_195_10	The Titan	大人物
task_195_11	Big Guns	重量级人物出马
task_195_12	Role Models	人生经验
task_195_13	Serious Damage	鼓励沟通
task_195_14	Good Advice	元气满满
task_195_15	Whoever-it-is	勇敢面对
task_195_16	Final Goodbye	差点搞砸
task_195_17	Just Like That	码头归你
task_195_18	Don't Worry About It	新生活
growth_benefit_congrat_title	Starter Bonus!	新手大礼包!
growth_benefit_claim_desc	Keep tapping to open your gift!	连续点击来打开礼物！
growth_benefit_title	STARTER BONUS	新手大礼包
growth_benefit_icon	Starter Bonus	新手好礼
growth_benefit_desc_1	Upgrade to lv.<color=#ffeb11>{0}</color> to unlock the next reward!	到达<color=#ffeb11>{0}</color>级即可领取下一档礼包！
growth_benefit_desc_2	Finish <color=#ffeb11>{0}</color> more Chores to unlock next reward!	再完成<color=#ffeb11>{0}</color>个剧情任务即可领取下一档奖励！
farmboard_btn_continue	Tap to Continue	点击继续
farmboard_btn1	OK	好的
farmboard_bubble_delete	Drag items to here to delete them.	将棋子拖拽到此处删除
farmboard_delete_desc	Are you sure you want to delete this item? It cannot be recovered.	确定要删除这个物品吗？删除后将不可撤回。
farmboard_delete_title	Are you sure?	确定吗？
farmboard_feedlater_hint	Wait! Tap the sheep to shear it first.	等一下！先点击羊来剪羊毛。
farmboard_foglocked_hint	Merge items to get the key to unlock	合并物品即可获得钥匙来解锁
farmboard_instruction_title	How the Event Works	活动规则
farmboard_lockedfield_hint	Get more seeds to unlock more fields	获取更多种子来解锁更多田地
farmboard_pre_countdown	Event starts in:	活动即将开始:
farmboard_pre_start	Event starts!	活动开始!
farmboard_ready_btn	Go!	冲!
mineral_dig_depth_title	You reached {0}m	你到达了{0}米
item_egypt_re_ch_1_1_1_name	Daytripper's Chest	到此一游宝箱
item_egypt_re_ch_1_2_1_name	Sightseer's Chest	观光客宝箱
item_egypt_re_ch_1_3_1_name	Adventurer's Chest	探险家宝箱
item_egypt_re_ch_1_4_1_name	Voyager's Chest	航海家宝箱
item_egypt_re_ch_spe_1_name	Sojourner's Chest	漫游者宝箱
spring_multiboards_title	Springtide Gardens	春日花园
spring_multiboards_pre_desc	Spring has sprung! Join Mark and help him find new blossoms in the Springtide Gardens!	万物复苏的季节，马克带着他的园丁装备来到花园寻花！参加活动帮助他找到更多不同种类的花吧！
spring_multiboards_complete_title	Flower Search Complete!	寻花完成！
spring_multiboards_complete_desc	You helped Mark find all of the new flowers! You can continue to explore the board to get more rewards.	恭喜！在您的帮助下，马克成功找到了所有种类的花！您可以继续探索棋盘以获得更多奖励！
spring_multiboards_success_title	Flower Search Complete!	寻花完成！
spring_multiboards_success_desc	With your help, Mark found some new flowers and will go home a happy gardener!	在你的帮助下，马克找到了花园里所有种类的花，心满意足地离开了！
spring_multiboards_fail_title	Event Over!	活动结束!
spring_multiboards_fail_desc	Oh no, there were still some missing flowers, but Mark's too tired to carry on.	还有很多种类的花没有找到，但是马克已经太累了，他决定先回家休息了。
spring_multiboards_guide_1_1	We need to find more flowers! Merge items to earn keys and unlock the next stage!	我们需要找到更多的花！合成物品来获得钥匙，解锁下一阶段吧！
spring_multiboards_guide_1_2	Tap here to add items to the board, then merge them!	点击这里将物品添加到棋盘，并合成它们！
spring_multiboards_guide_2_1	You've unlocked the next stage! Tap to enter.	你已经解锁了下一阶段！点击前往吧。
spring_multiboards_instruction_1	Complete orders to get items.	完成订单获得物品
spring_multiboards_instruction_2	Merge items to earn the key to the next stage.	合成物品获得钥匙并开门解锁下一阶段
spring_multiboards_instruction_3	Explore all the stages and win big prizes!	探索全部阶段棋盘获得大奖
spring_multiboards_desc	Merge items to get the key and unlock the next stage!	获得指定物品即可得到钥匙开门，进入下一阶段
spring_multiboards_door_btn1	Go	继续
spring_multiboards_door_btn2	Stay	留下
spring_multiboards_door_desc1	If you choose to go to the next stage, the remaining rewards on this board will be collected automatically.	如果您选择进入下一阶段，此棋盘上的奖励将被自动收集
spring_multiboards_door_desc2	All event items on the current board will be transferred to the next stage.	已获得的活动棋子将被带入下一阶段
spring_multiboards_door_hint	You need a key! Merge items to get one.	你需要一把钥匙！合成物品来获得它。
spring_multiboards_door_title	Go to the Next Stage	前往下一阶段
spring_multiboards_linelock_hint	Unlock on the next stage!	到下一阶段后解锁!
player_info_title	Player Profile	玩家信息
player_info_reward_title	Rewards	奖励
player_info_btn	Save	保存
player_info_avatar_nochange	Nothing changed	无修改
big_sale_tag	Super Sale!	超优惠!
spin_title_1	<i>PARTY</i>	<i>派对</i>
spin_title_2	<i>TIME</i>	<i>狂欢</i>
spin_desc	It's time to party with Coconut!	和小椰子一起狂欢吧！
spin_odds	Probability of Rewards	本轮奖励概率
spin_button	PLAY	一起摇摆
spin_end	Event ended!	活动结束！
spin_hint	Give it a go and win a prize!	您已获得了一次抽奖机会！
spin_desc_free	The first spin is on us! You're guaranteed to win 25<sprite="icon_property" name="icon_energy"> !	送您一次免费的抽奖体验，必得25<sprite="icon_property" name="icon_energy">哦！
bubble_sale_title	Big Bubble Bargains	泡泡大放价
bubble_sale_desc	Some bubbled items are discounted now! Don't miss out!	活动期间，部分泡泡棋子惊喜降价，不要错过！
bubble_sale_end_desc	This promotion has now ended!	限时促销活动结束了
bubble_sale_start_btn	Great	太棒了!
bubble_sale_end_btn	OK	好的
weekly_active_quest_title	Restaurant Goals	餐厅任务
weekly_active_quest_day	Day	天
weekly_active_quest_locked_hint	Reach day {0} to unlock this task!	该任务将在第{0}天解锁！
weekly_active_quest_desc	Earn <sprite="icon_active" name="icon_active"> by completing the above tasks and win rewards!	完成上面的任务来赚取<sprite="icon_active" name="icon_active">和奖励！
weekly_active_quest_gem_single	Spend {0} gem	花费{0}钻石
weekly_active_quest_gem_multiple	Spend {0} gems	花费{0}钻石
weekly_active_quest_gem_hint	Each gem spent will be counted!	任意场景花费的钻石都算数哦！
weekly_active_quest_pay_single	Make {0} in-app purchase	进行{0}次游戏内充值付费
weekly_active_quest_pay_multiple	Make {0} in-app purchases	进行{0}次游戏内充值付费
weekly_active_quest_pay_hint	Each purchase will count once!	进行任意额度的消费即可！
weekly_active_quest_login_single	Login {0} day	登录{0}天
weekly_active_quest_login_multiple	Login {0} days	登录{0}天
weekly_active_quest_login_hint	Simply play every day!	记得每天回来游戏！
weekly_active_quest_card_4star_single	Collect 4-star card	获得{0}张4星卡
weekly_active_quest_card_4star_multiple	Collect 4-star cards	获得{0}张4星卡
weekly_active_quest_card_4star_hint	Earn 4-star cards from Rare or Epic Packs!	从稀有或者史诗卡包中获得4星卡！
weekly_active_quest_card_5star_single	Collect 5-star card	获得{0}张5星卡
weekly_active_quest_card_5star_multiple	Collect 5-star cards	获得{0}张5星卡
weekly_active_quest_card_5star_hint	Earn 5-star cards from Epic Packs!	从史诗卡包中获得5星卡！
weekly_active_quest_smile_single	Collect {0} good review	获得{0}个好评
weekly_active_quest_smile_multiple	Collect {0} good reviews	获得{0}个好评
weekly_active_quest_smile_hint	Earn good reviews from customers!	完成带笑脸的顾客订单获得好评！
weekly_active_quest_order_single	Complete {0} orders	完成{0}个订单
weekly_active_quest_order_multiple	Complete {0} orders	完成{0}个订单
weekly_active_quest_order_hint	Serve customers in the kitchen!	在厨房里服务顾客！
weekly_active_quest_gold_single	Collect {0} coins	收集{0}金币
weekly_active_quest_gold_multiple	Collect {0} coins	收集{0}金币
weekly_active_quest_gold_hint	Earn coins through any means available!	通过各种途径收集金币！
weekly_active_quest_merge_single	Make {0} merges	进行{0}次合成
weekly_active_quest_merge_multiple	Make {0} merges	进行{0}次合成
weekly_active_quest_merge_hint	Merge items on the main board!	在主棋盘上进行物品合并！
weekly_active_quest_deco_single	Earn {0} event tokens	获得{0}活动代币
weekly_active_quest_deco_multiple	Earn {0} event tokens	获得{0}活动代币
weekly_active_quest_deco_hint	Collect event tokens for the decoration event!	在装饰物活动里收集代币！
weekly_active_quest_card_single	Collect {0} cards	在活动中获得{0}卡牌
weekly_active_quest_card_multiple	Collect {0} cards	在活动中获得{0}卡牌
weekly_active_quest_card_hint	Find cards in card collection packs!	在集卡活动中收集卡牌！
weekly_active_quest_mineral_single	Use the tools {0} times	使用{0}个工具
weekly_active_quest_mineral_multiple	Use the tools {0} times	使用{0}个工具
weekly_active_quest_mineral_hint	Use tools to explore in the {0} event!	在{0}活动中使用工具进行探索！
weekly_active_quest_search_single	Smash {0} times in the event	在活动中敲击{0}次
weekly_active_quest_search_multiple	Smash {0} times in the event	在活动中敲击{0}次
weekly_active_quest_search_hint	Use the Pickaxe on blocks in the treasure search event!	在寻宝活动中使用镐头敲击地块！
album_Romantic_title	Hope Springs Eternal	何处觅春光
album_Romantic_pre_desc	Spring is coming! Come discover all the hope and vigor of the season!	春天来了！快来发现这个季节的希望和活力吧！
Aromantic_set1_name	Rio Carnival	里约狂欢节
Aromantic_set1_1_name	Rio Reveller	狂欢者
Aromantic_set1_2_name	Bold Bonnet	大胆的帽子
Aromantic_set1_3_name	Fancy Footwork	花式舞步
Aromantic_set1_4_name	Equine Elegance	优雅雕塑
Aromantic_set1_5_name	Crocodile Cool	鳄鱼头套
Aromantic_set1_6_name	Core of the Carnival	狂欢必备
Aromantic_set1_7_name	Mask-making 	面具制作 
Aromantic_set1_8_name	Wonderful Wings	艳丽翅膀
Aromantic_set1_9_name	Carnival Arch	嘉年华拱门
Aromantic_set2_name	Bahia Carnival	巴伊亚狂欢节
Aromantic_set2_1_name	Street Drums	街头鼓艺
Aromantic_set2_2_name	Tambourine Tunes	手鼓曲调
Aromantic_set2_3_name	Masked Men	面具装扮
Aromantic_set2_4_name	Lighthouse Limits	热闹街市
Aromantic_set2_5_name	Magestic Maypole	神奇花柱
Aromantic_set2_6_name	Window Watching	可爱窗口
Aromantic_set2_7_name	Power Drummer	力量鼓手
Aromantic_set2_8_name	Happy Dancer	明媚女孩
Aromantic_set2_9_name	Red Dancing Shoes	红色舞鞋
Aromantic_set3_name	Caramel Strays	流浪小狗
Aromantic_set3_1_name	Cheeky Grin	腼腆笑容
Aromantic_set3_2_name	Caramel Pup	焦糖小狗
Aromantic_set3_3_name	Cultured Caramel	绅士阿黄
Aromantic_set3_4_name	Party Dog	派对小狗
Aromantic_set3_5_name	Drummer Dog	风度鼓手
Aromantic_set3_6_name	Masquerading Mutt	假面小狗
Aromantic_set3_7_name	Joyful Joker	欢乐小狗
Aromantic_set3_8_name	Those Eyes	清澈眼神
Aromantic_set3_9_name	Evil Twins	邪恶双胞胎
Aromantic_set4_name	Working Women	职业女性
Aromantic_set4_1_name	Proficient Jockey	马术运动员
Aromantic_set4_2_name	Gifted Musician	天才音乐家
Aromantic_set4_3_name	Agile Athlete	敏捷球员
Aromantic_set4_4_name	Champion Climber	攀岩冠军
Aromantic_set4_5_name	Fierce Firefighter	可靠消防员
Aromantic_set4_6_name	Cool Cop	冷静的警察
Aromantic_set4_7_name	Respected Restaurateur	精明老板
Aromantic_set4_8_name	Lawful Lawyer	公正律师
Aromantic_set4_9_name	Steady Surgeon	稳重医生
Aromantic_set5_name	Women's Day Brunch	妇女节约会
Aromantic_set5_1_name	Maximum Icing	可口甜点
Aromantic_set5_2_name	Cake for Breakfast	向阳之花
Aromantic_set5_3_name	Afternoon Tea	下午茶
Aromantic_set5_4_name	Friendly Bouquet	浪漫花束
Aromantic_set5_5_name	Super Smoothies	超级冰沙
Aromantic_set5_6_name	Girls' Night	女孩之夜
Aromantic_set5_7_name	Roadtrip!	公路之旅
Aromantic_set5_8_name	Beach Cocktails	海滩鸡尾酒
Aromantic_set5_9_name	Old Classics	经典老电影
Aromantic_set6_name	Garden Visit	花园寻芳
Aromantic_set6_1_name	Lovely Lillies	水中花艺
Aromantic_set6_2_name	Overflowing Tulips	盛开郁金香
Aromantic_set6_3_name	Blossoming Bonsai	芬芳盆景
Aromantic_set6_4_name	Violet Tulips	紫色郁金香
Aromantic_set6_5_name	Flowering Trio	三盆鲜花
Aromantic_set6_6_name	Tulip Planter	馥郁花箱
Aromantic_set6_7_name	Water Feature	池中兰花
Aromantic_set6_8_name	Bountiful Barrow	丰收小车
Aromantic_set6_9_name	Hanging Bench	花园秋千
Aromantic_set7_name	Green Dreams	绿色梦想
Aromantic_set7_1_name	Forest Floor	森林地毯
Aromantic_set7_2_name	Toucan	巨嘴鸟
Aromantic_set7_3_name	Downlow Droplets	晶莹水滴
Aromantic_set7_4_name	Amazon Arc	亚马逊弧线
Aromantic_set7_5_name	Harlequin Macaw	金刚鹦鹉
Aromantic_set7_6_name	Red-eyed Tree Frog	红眼树蛙
Aromantic_set7_7_name	Butterfly Watcher	蝴蝶观察者
Aromantic_set7_8_name	Tritriva From Above	火山湖
Aromantic_set7_9_name	Deep Downpour	山间飞瀑
Aromantic_set8_name	Painting in the Park	公园绘画
Aromantic_set8_1_name	Field Easel	野外画架
Aromantic_set8_2_name	Popping Palette	调色板
Aromantic_set8_3_name	Careful Strokes	细心的笔触
Aromantic_set8_4_name	Awaiting Artistry	休息的画架
Aromantic_set8_5_name	Trying the Trees	描绘树林
Aromantic_set8_6_name	Hands On Approach	以手绘心
Aromantic_set8_7_name	Fancy Basket	午餐休息
Aromantic_set8_8_name	Making Memories	相伴记忆
Aromantic_set8_9_name	Necessary Mess	艺术的痕迹
Aromantic_set9_name	Planting for Peace	种下希望
Aromantic_set9_1_name	Small Sapling	小树苗
Aromantic_set9_2_name	Tender Transfer	嫩苗移栽
Aromantic_set9_3_name	Hoed Hole	挖个树坑
Aromantic_set9_4_name	Toiling Together	齐心协力
Aromantic_set9_5_name	Young Sprout	填土立苗
Aromantic_set9_6_name	Watery Goodness	灌溉树苗
Aromantic_set9_7_name	Fab Fertilizer	添加肥料
Aromantic_set9_8_name	Sapling Support	辅助成长
Aromantic_set9_9_name	Taking Cuttings	照料剪枝
Aromantic_set10_name	Zoo Visit	动物园游趣
Aromantic_set10_1_name	Rowdy Raccoon	顽皮浣熊
Aromantic_set10_2_name	Bathing Baby	小象戏水
Aromantic_set10_3_name	Taking Cover	捉迷藏
Aromantic_set10_4_name	Pouncing Puss	猛虎扑蝶
Aromantic_set10_5_name	Tired Tiger	猛虎打盹
Aromantic_set10_6_name	Fancy Flamingos	火烈鸟起舞
Aromantic_set10_7_name	Polar Bear Bath	北极熊宝宝
Aromantic_set10_8_name	Playful Panda	足球熊猫
Aromantic_set10_9_name	Eager Elephant	见面礼
Aromantic_set11_name	Spring Fishing	春日垂钓
Aromantic_set11_1_name	Gone Walkin'	无人看守
Aromantic_set11_2_name	Waiting, Watching	岸边守望
Aromantic_set11_3_name	Big Catch	大收获
Aromantic_set11_4_name	Paddling Poacher	初出茅庐
Aromantic_set11_5_name	Splashing Catch	飞起的鱼
Aromantic_set11_6_name	Holding On Tight	紧紧抓住
Aromantic_set11_7_name	Tranquil Transport	宁静小船
Aromantic_set11_8_name	Fishing Gear	朴素渔具
Aromantic_set11_9_name	Twilight Wading	日暮收杆
Aromantic_set12_name	Kites & Flyers	风筝盛景
Aromantic_set12_1_name	Kite Trio	三只小风筝
Aromantic_set12_2_name	Butterfly Streamer	蝴蝶风筝
Aromantic_set12_3_name	Piloting Expert	飞行专家
Aromantic_set12_4_name	Bad Bat	邪恶蝙蝠
Aromantic_set12_5_name	Rainbow Arc	彩虹弧线
Aromantic_set12_6_name	Goldfish Greatness	鸿运金鱼
Aromantic_set12_7_name	Superb Swallow	古典纸鸢
Aromantic_set12_8_name	Avian Awe	翱翔苍鹰
Aromantic_set12_9_name	Chameleonic Colors	高空变色龙
Aromantic_set13_name	Shammy Shamrocks	幸运三叶草
Aromantic_set13_1_name	Three-leaf Clovers	三叶草花束
Aromantic_set13_2_name	Lucky Horseshoe	幸运马蹄铁
Aromantic_set13_3_name	Shamrock Vision	三叶草眼镜
Aromantic_set13_4_name	Lucky Balloons	幸运气球
Aromantic_set13_5_name	Luckier Headband	幸运发箍
Aromantic_set13_6_name	Luckiest Balloons	幸运热气球
Aromantic_set13_7_name	Clover Harp	三叶草竖琴
Aromantic_set13_8_name	Blooming Basket	三叶草花篮
Aromantic_set13_9_name	Woven Shamrock	三叶草挂饰
Aromantic_set14_name	Green Man's Gear	寻踪绿矮人
Aromantic_set14_1_name	Garish Green Hat	绿矮人帽子
Aromantic_set14_2_name	Bountiful Boots	绿矮人靴子
Aromantic_set14_3_name	Old Man's Pipe	绿矮人烟斗
Aromantic_set14_4_name	Nosy	迷你绿矮人
Aromantic_set14_5_name	Beardy	大胡子矮人
Aromantic_set14_6_name	Pigtails	小辫子矮人
Aromantic_set14_7_name	Dandy	绅士绿矮人
Aromantic_set14_8_name	Mugsy	大帽子矮人
Aromantic_set14_9_name	Jack	喝啤酒矮人
Aromantic_set15_name	Irish Imitations	爱尔兰料理
Aromantic_set15_1_name	Green Brew	绿色啤酒
Aromantic_set15_2_name	Boxty Stack	土豆煎饼
Aromantic_set15_3_name	Apple Cake	苹果蛋糕
Aromantic_set15_4_name	Sturdy Stew	特色炖肉
Aromantic_set15_5_name	Stout Bread	黑啤面包
Aromantic_set15_6_name	Irish Eggnog	爱尔兰蛋酒
Aromantic_set15_7_name	Black Pudding	黑布丁
Aromantic_set15_8_name	Cream Liqueur Cake	利口酒蛋糕
Aromantic_set15_9_name	Lamb Chops	鲜美羊排
summary_text_196_16	Lori and Dom finally enjoy a quiet evening together…	罗莉和多米尼克终于有机会共度二人时光……
task_196_1	Uncanny Beach	诡秘海滩
task_196_2	Studious Daters	工作狂
task_196_3	The Everett Review	客户名单
task_196_4	Good As New	焕然一新
task_196_5	Brainpower	朴实无“划”2.0
task_196_6	Off the Petal	消磨时间
task_196_7	Idle Impalas	情侣对抗赛
task_196_8	Ace Serve	完美发球
task_196_9	Faulty Wiring	线路故障
task_196_10	Join the Party	杞人忧天
task_196_11	Miss Optimistic	乐观小姐
task_196_12	Blue Card	蓝牌
task_196_13	Closed Circuits	连环停电
task_196_14	Jack of all Drinks	调酒师
task_196_15	Game, Set, Match	平局
task_196_16	Dining Distractions	心不在焉
task_196_17	Nothing is Nothing	另有隐情
task_197_1	Island Currents	电力现状
task_197_2	Circuit Finder	寻找源头
task_197_3	Trash Talk	烂梗
task_197_4	Not the Bees	浪尾超杀狂烧派对
task_197_5	Cabana Boy	肌肉男
task_197_6	Substitute	狠狠拍球
task_197_7	Secret Ingredient	调酒秘方
task_197_8	The Headliner	头号乐迷
task_197_9	Big Booking	一炮而红
task_197_10	Overheard 	不太顺心
task_197_11	Humble Pie	菜得抠脚
task_197_12	Secret Breakers	断路器
task_197_13	Call for Help	电话试探
task_197_14	The Right Move	正确之举
task_197_15	Playing Nice	友好相处
task_197_16	Little Flickers	灯塔闪烁
task_197_17	Relaying Whispers	悄悄话
task_198_1	In the Dark	忍受黑暗
task_198_2	Volleyball Fiends	排球狂热
task_198_3	Friendly Match	友谊赛
task_198_4	Beach Doodles	海风轻拂
task_198_5	The Grillmasters	烧烤大师
task_198_6	Small Bothers	小问题大烦恼
task_198_7	Sunset Serenade	日落小夜曲
task_198_8	A New Concotion	辣辣神秘客
task_198_9	Vibe Change	变脸
task_198_10	Changing Litghbulbs	专业换灯泡
task_198_11	Another Cut	再来一杯
task_198_12	Out of Bounds	有福同享
task_198_13	Under the Table	暗箭难防
task_198_14	Petty Bribes	赞助商
task_198_15	In a Sweat	神秘老友
task_198_16	Little Weasel	众叛亲离
task_198_17	Bright Side	光明临近
task_199_1	Joules	电工朱尔斯
task_199_2	Guilty As Charged	甩手掌柜
task_199_3	Leaned On	酒瘾犯了
task_199_4	The Pile	调酒师来了
task_199_5	Something Blew Up	烧坏的变压器
task_199_6	Texting Again	回归智能机
task_199_7	Full of Air	吹牛大王
task_199_8	Bad Deal	摊上事了
task_199_9	TalkTalk	“趣聊”
task_199_10	Alternatives	替代方案
task_199_11	For Sam	为了山姆
task_199_12	Small World	世界真小
task_199_13	Distracted	分心
task_199_14	Hypocrite	伪君子
task_199_15	Weirdo Dad	怪胎老爸
task_199_16	Not A Moment	别拖太久
task_199_17	Automatic	自动点亮
task_200_1	Too Clean	干净利落
task_200_2	Cult Induction	排球帮
task_200_3	Fluke	瞎猫碰上死耗子
task_200_4	Joined at the Hip	热恋期
task_200_5	Humble Mayor	谦逊的市长
task_200_6	Samark	“山马克”
task_200_7	Exmilitary	退伍军人
task_200_8	Not My Camel	吹牛成瘾
task_200_9	Neat Trick	诀窍
task_200_10	Finished	谈崩了
task_200_11	The Final Straw	最后一根稻草
task_200_12	Broke	破产
task_200_13	Redistribution	重新分配
task_200_14	Ircott	艾尔科特
task_200_15	Headliner	压轴大牌
task_200_16	At a Price	付出代价
task_200_17	Find Me	揭开我的面具
super_wheel_title	Wheel of Chance	豪礼转不停
super_wheel_upgrade	Wheel Upgraded!	转盘已升级!
super_wheel_refresh	Wheel Refreshed!	转盘已刷新!
super_wheel_btn	SPIN	抽奖
super_wheel_btn_tip	Not enough <sprite="icon_property" name="icon_wheelCoin">. Finish tasks to get more!	<sprite="icon_property" name="icon_wheelCoin">不足，快去完成任务吧!
super_wheel_token_tip	Finish the tasks below to get <sprite="icon_property" name="icon_wheelCoin">.	完成下方任务获取<sprite="icon_property" name="icon_wheelCoin">
super_wheel_task_1	Collect {0} Cards	收集{0}张卡牌
super_wheel_task_2	Earn {0} Rave Reviews	收集{0}个订单笑脸
super_wheel_guide_1	Complete tasks to collect <sprite="icon_property" name="icon_wheelCoin">	完成任务获取<sprite="icon_property" name="icon_wheelCoin">
super_wheel_guide_2	Spin the wheel to win big prizes!	转动转盘抽取超级大奖
super_wheel_guide_3	Upgrade the wheel to earn even better rewards!	转盘升级获取更丰厚的奖励
super_wheel_desc	Spin the wheel to get prizes! Upgrade the wheel to get greater rewards!	转动转盘，豪礼不停！升级转盘获取更豪华奖励！
super_wheel_pre_btn	OK	期待!
super_wheel_start_btn	Go!	去抽奖!
super_wheel_end_btn	OK	再见
super_wheel_tutorial_1	Complete the tasks to collect more tokens.	完成下方任务，获得更多的活动代币
super_wheel_level	Level	等级
super_wheel_prob_desc	The probability of winning each prize changes after each spin.	每次抽奖后，获得各奖品的概率会产生变化
super_wheel_pre_start	Event starts!	活动开始!
super_wheel_pre_countdown	Event starts in:	活动即将开始
super_wheel_tutorial_0	Spend tokens to spin the wheel!	消耗1枚活动代币转动转盘！
super_wheel_end_return	Unused <sprite="icon_property" name="icon_wheelCoin"> converted to:	未使用的<sprite="icon_property" name="icon_wheelCoin">转化为:
mtb_stage_info	STAGE: {0}	阶段：{0}
cheat_minors_title	Warm Reminder	温馨提示
cheat_minors_desc	Your account has been restricted from logging into the current game due to a guardian’s complaint regarding underage gaming or consumption issues.	您的账号因监护人投诉未成年游戏/消费问题已被限制登录当前游戏。
character_intimacy_lori_idle_1	Is that the glint of new gossip I see in your eye?	你眼里闪着八卦的光，是不是又有新瓜了？
character_intimacy_lori_idle_2	Are you here to give me updates on your love life?	你是来跟我更新你的感情进展的吗？
character_intimacy_lori_idle_3	Now, what shall I accomplish today...?	今天我要做点什么好呢？
character_intimacy_lori_idle_4	Quinn is my friendly competition – Brimwave has space for everyone.	奎因是我的友好竞争对手——浪尾岛欢迎所有人。
character_intimacy_lori_idle_5	If you're here for the daily special, please wait in line!	如果你是来品尝每日特餐的，请排队！
character_intimacy_lori_idle_6	It's a beautiful day in Brimwave! How are you doing?	今天天气真好！你今天怎么样？
character_intimacy_lori_hello_midnight_1	Oh, my! You're up at this ungodly hour?	天呐！你这么晚还没睡？
character_intimacy_lori_hello_midnight_2	Early prep is one of the reasons for my success.	提前做好准备是我成功的秘诀之一。
character_intimacy_lori_hello_midnight_3	Quality shut-eye is essential to conquering the next day.	高质量的睡眠对迎接新的一天至关重要。
character_intimacy_lori_hello_morning_1	Ah, hello! You're welcome to join me for a coffee.	早上好！过来和我一起喝杯咖啡吧。
character_intimacy_lori_hello_morning_2	One of my morning regulars! Welcome.	早啊，又见到你了！欢迎光临。
character_intimacy_lori_hello_morning_3	Come and have a little morning chat with me!	来和我聊会儿天吧！
character_intimacy_lori_hello_afternoon_1	The customers can't get enough of my world class menu.	客人都对我这菜单赞不绝口，根本吃不腻！
character_intimacy_lori_hello_afternoon_2	Table for…how many?	请问几位？
character_intimacy_lori_hello_afternoon_3	It's a fine afternoon to spend in my bistro.	今天下午很适合来我的小餐馆坐坐。
character_intimacy_lori_hello_evening_1	I was hoping that you'd swing by.	我正盼着你来呢。
character_intimacy_lori_hello_evening_2	Apologies, it's a full house tonight. How about tomorrow?	抱歉，今晚客满了。明天怎么样？
character_intimacy_lori_hello_evening_3	It's busy tonight, but I wouldn't have it any other way.	今晚是挺忙的，但我很享受这种忙碌。
character_intimacy_lori_hello_night_1	Being tired from the dinner rush is a good problem to have.	忙到累瘫也是个幸福的烦恼嘛。
character_intimacy_lori_hello_night_2	I'm just closing up. Can I help you with anything?	我正在打烊，有什么需要帮忙的吗？
character_intimacy_lori_hello_night_3	Another day of rave reviews!	又是好评如潮的一天！
character_intimacy_lori_gift_1	For me? You're a darling.	给我的？你真贴心。
character_intimacy_lori_gift_2	Trying to get in my good graces? Don't worry about that.	想给我留下好印象？别担心，你已经是一个好朋友啦！
character_intimacy_lori_gift_3	Oh, you shouldn't have – but thank you all the same.	你不必送我礼物……但我很感谢。
character_intimacy_lori_gift_4	How sweet of you to think of me.	你还能惦记着我，真让人暖心。
character_intimacy_lori_gift_5	What a generous soul!	你真是个大方的人！
character_intimacy_lori_gift_6	Thank you for the lovely gift.	谢谢你可爱的礼物。
character_intimacy_lori_gift_prefer_1	I knew you had excellent taste.	我就知道你品味很好。
character_intimacy_lori_gift_prefer_2	You've given this some thought, haven't you?	你在这上面花了不少心思吧？
character_intimacy_lori_gift_prefer_3	This is lovely! How did you know?	这太棒了！你怎么知道我喜欢这个？
character_intimacy_lori_gift_prefer_4	Fine, I'll set aside the daily special just for you.	我会为你预留每日特餐的。
character_intimacy_lori_gift_prefer_5	Oh, this is a splendid gift! I'll treasure it.	哇，这礼物太棒了！我会好好珍惜的。
character_intimacy_lori_level_up_1	I do believe we've become closer!	感觉我们越来越亲近了呢！
character_intimacy_lori_level_up_2	Come over and I'll cook something special, just for you!	来我这儿，我给你露一手，专门给你做一道好吃的！
character_intimacy_lori_level_up_3	No need for a reservation – there'll always be a table for you.	不用预约，随时来都有你的位子。
character_intimacy_lori_level_up_4	Consider my bistro your second home.	把我的小酒馆当作你第二个家吧。
character_intimacy_lori_level_up_5	Quinn and Amala call it... "being besties," right?	奎因和阿玛拉是不是就是我们这种“好闺蜜”？
character_intimacy_lori_gift_ready_1	For you, from my finest collection.	给你，这可是我珍藏的好东西。
character_intimacy_lori_gift_ready_2	Just a little something I picked up during my travels.	这是我旅行时随手带的小礼物，希望你喜欢。
character_intimacy_lori_gift_ready_3	You could use a little pick-me-up.	感觉你现在正需要点小惊喜。
character_intimacy_lori_gift_open_1	They don't call me the Star of Brimwave for nothing.	“浪尾岛之星”的名号可不是白来的。
character_intimacy_lori_gift_open_2	It's to your liking, I hope.	希望这合你的心意。
character_intimacy_lori_gift_open_3	I save those for my favorite customers.	我给我最喜欢的客人们准备了这个。
character_story_lori_1a_name	The Lone Lynwood I	孤独的林伍德（一）
character_story_lori_1a_intro	Having called on Sam last-minute, Lori prepares to host an important special event…	在最后一刻叫上山姆来帮忙后，罗莉开始筹备一个重要的特别仪式……
character_story_lori_1b_name	The Lone Lynwood II	孤独的林伍德（二）
character_story_lori_1b_intro	Sam returns to the kitchen after a rough time dealing with Lori's family…	费了番周折搞定罗莉家人后，山姆回到了厨房……
character_story_lori_1c_name	The Lone Lynwood III	孤独的林伍德（三）
character_story_lori_1c_intro	Backup arrives to save Lori and Sam in the aftermath of a chaotic food fight…	在混乱的食物大战后，援军赶到，拯救罗莉和山姆于水火中。
character_story_lori_2a_name	Alpine Agony I	旅途的挣扎（一）
character_story_lori_2a_intro	Lori steps off the ferry, looking a little haggard and hoping to slink home…	罗莉走下渡轮，她有些疲惫，想悄悄溜回家……
character_story_lori_2b_name	Alpine Agony II	旅途的挣扎（二）
character_story_lori_2b_intro	Carrying Lori's bags to her car, Lloyd patiently listens to her woes…	劳埃德提着罗莉的行李走向她的车，耐心地倾听她的烦恼……
character_story_lori_3a_name	Humble Origins I	谦逊的罗莉（一）
character_story_lori_3a_intro	Lori leaves the award ceremony and finds solace in her bistro…	罗莉离开颁奖典礼，在她的餐厅里找到了慰藉……
character_story_lori_3b_name	Humble Origins II	谦逊的罗莉（二）
character_story_lori_3b_intro	Lori reveals to Ziva her secret ingredient to success…	罗莉向姬瓦透露了她成功的秘密配方……
character_story_lori_3c_name	Humble Origins III	谦逊的罗莉（三）
character_story_lori_3c_intro	Ziva reassures Lori of her worries and doubts…	姬瓦安抚了罗莉的担忧和疑虑……
character_lori_moment_1_name	Top Chef	顶级大厨
character_lori_moment_1_desc	Lori always feels in her element when she's in the kitchen.	罗莉在厨房里总是感到如鱼得水。
character_lori_moment_2_name	Boring Brent	无聊的布伦特
character_lori_moment_2_desc	Lori's romantic getaway didn't go quite as planned when her hunk turned out to be junk.	罗莉的浪漫之旅并没有按计划进行，她的旅伴外强中干。
character_lori_moment_3_name	The Bistro Opening	小酒馆开业
character_lori_moment_3_desc	Lori's since had many more wins – all made sweeter by sharing them with loved ones.	罗莉之后赢得了更多的胜利——与亲人分享让它们更加甜蜜。
character_intimacy_lori_desc	The radiant star of Brimwave.	闪耀的浪尾岛之星。
character_intimacy_profile_lori_job	Restaurateur, socialite	小酒馆经营者，社交名流
character_intimacy_profile_lori_relationship	Dominic's schoolmate, Quinn's mentor	多米尼克的老同学，奎因的导师
character_intimacy_profile_lori_like	Spa days, extended vacations	水疗日，额外假期
character_intimacy_profile_lori_dislike	Wet socks, late-night TV	湿袜子，晚间电视节目
character_intimacy_profile_lori_story	As one of Brimwave's most successful entrepreneurs, Lori made a name for herself long before Quinn came on the scene. Her love of cooking came at a young age, after seeing how food brought joy to her family at Christmas. Since then, she's aimed to create that same feeling of togetherness for her customers. Despite all of her success, including numerous awards and accolades, she still yearns for something more…companionship.	作为浪尾岛最成功的企业家之一，罗莉在奎因崭露头角之前就已经声名远扬。她对烹饪的热爱始于年少时，那时她发现食物在圣诞节时能为家人带来无数欢乐。于是，她决心通过自己的努力，为顾客营造出同样的温馨。尽管她取得了无数奖项和荣誉，事业上硕果累累，但她内心深处仍渴望更多的东西——陪伴。
lori_intimacy_return_gift_title	Lori’s Jeweled Jewelry Box	罗莉的珠宝盒
lori_intimacy_return_gift_desc	A reward box for a true rising star. Tap to open.	为明日之星准备的奖励盒子。点击打开。
character_story_lori_1a_scene	Lori's Bistro	罗莉的小酒馆
character_story_lori_1b_scene	Lori's Bistro	罗莉的小酒馆
character_story_lori_1c_scene	Lori's Bistro	罗莉的小酒馆
character_story_lori_2a_scene	Brimwave Docks	浪尾岛码头
character_story_lori_2b_scene	Brimwave Docks	浪尾岛码头
character_story_lori_3a_scene	Lori's Bistro	罗莉的小酒馆
character_story_lori_3b_scene	Lori's Bistro	罗莉的小酒馆
character_story_lori_3c_scene	Lori's Bistro	罗莉的小酒馆
item_gift_lori_1_name	Lori’s Jewled Jewelry Box	罗莉的珠宝盒
item_gift_lori_1_desc	A reward box for a true rising star.	为明日之星准备的奖励盒子。
crystal2Search_title	Crystal Wonders	水晶迷窟
crystal2Search_desc_upcoming	Help Rusty the Prospector in his search for riches to earn rewards!	帮助淘金者拉斯蒂寻找珍奇矿石，赢取奖励！
crystal2Search_desc_main	Find valuable items for Rusty to earn rewards!	为拉斯蒂寻找珍奇矿石以获得奖励！
crystal2Search_complete_desc	It seems Rusty has found all the valuables in this area!	看来拉斯蒂已经找到了这里所有的珍奇矿石！
crystal2Search_avatar_name	Queen Quinn	女王奎因
crystal2Search_avatar_desc	Our favorite chef-slash-investigator got a regal makeover! Royal purple is her color, isn't it?	我们最喜欢的厨师兼侦探进行了一次华丽的变装！皇家紫很适合她，不是吗？
crystal2Search_note_desc_1	1. Collect <sprite="icon_property" name="icon_pickaxe"> by tapping on <sprite="icon_property" name="icon_energy"> generators.	1.点击<sprite="icon_property" name="icon_energy">母体棋子可能获得<sprite="icon_property" name="icon_pickaxe">
crystal2Search_note_desc_2	2. Use <sprite="icon_property" name="icon_pickaxe"> to break the bricks and uncover valuables!	2.用<sprite="icon_property" name="icon_pickaxe">敲碎砖块寻找藏在下面的宝藏！
crystal2Search_note_desc_3	3. Earn rewards by collecting all the valuables!	3.用找到的宝藏兑换豪华奖励！
crystal2Search_require_tutorial_2	Finish orders to help him search the cave and earn rewards!	完成订单以帮助拉斯蒂搜寻洞窟，赢得大奖！
crystal2Search_operate_tutorial_1	Try using the pickaxe to break the blocks here.	试试用镐子砸这块砖！
crystal2Search_operate_tutorial_2	Looks like the other half is still stuck! Try hitting it again.	已经露出一半了，再敲碎这块试试！
crystal2Search_operate_tutorial_4	Tap to preview the exclusive avatar reward.	点击这里查看头像奖励
crystal2Search_firework_bubble_desc	Hit blocks to activate fireworks!	敲砖块来激活烟花！
crystal2Search_end_return	Unused <sprite="icon_property" name="icon_pickaxe"> converted to:	未使用的<sprite="icon_property" name="icon_pickaxe">转化为:
crystal2Search_rule	Turn on <sprite="icon_property" name="icon_boostenergy"> to get multiple  <sprite="icon_property" name="icon_pickaxe">!	开启 <sprite="icon_property" name="icon_boostenergy"> 能量助力获得加倍的<sprite="icon_property" name="icon_pickaxe">！
Search_gift_name	Precious Stones Pack	珍奇矿石大礼包
Search_gift_desc_1	You can only choose one bundle!	挑一个你最喜欢的吧！
order_buff_album_desc	Now when you complete orders, you will get <color=#e9f618>double packs!</color>	现在起当你完成订单时，你可以获得<color=#e9f618>双倍的卡包！</color>
order_buff_album_title	Double Pack Party	卡包狂欢!
pop_buff_album_desc	<color=#fef733>For {0}m</color>, earn double card packs by completing orders!	<color=#fef733>{0}分钟内</color>，完成订单可获得双倍卡包!
pop_buff_album_title	Double Pack Party	卡包狂欢!
battlepass_title_Cottontailpass	Cottontail Season	兔尾季
battlepass_taskComplete_Cottontailpass	You've completed the Cottontail Season tasks! Congratulations!	您已经完成了兔尾季的所有任务！恭喜！
battlepass_endDesc_Cottontailpass	The Cottontail Season is over! Come back next season for more rewards!	兔尾季已结束，一起期待更精彩的下一季活动吧！
battlepass_tutorial_2_Cottontailpass	To advance your progress toward new rewards, you'll need to score points!	在兔尾季中升级来获取奖励！
frenzy_item_hot_1	Hot	热烈
frenzy_item_hot_2	Tasty	美味
frenzy_item_hot_3	Zesty	火辣
plane1_reward_title	Party Plane	派对飞机
plane2_reward_title	Fiesta Flyer	庆典飞机
plane3_reward_title	Bonanza Biplane	狂欢飞机
plane_reward_desc	The prize-dropping planes will drop items to help you complete orders!	这架满载物资的飞机会为你带来订单所需要的物品！
plane_reward_fly_title	Lucky Drop	幸运物资
plane1_reward_window_level	Level 1	等级 1
plane2_reward_window_level	Level 2	等级 2
plane3_reward_window_level	Level 3	等级 3
plane_reward_window_desc	Generates items to help you complete your current orders!	为你带来当前订单所需要的物品。
aprilAvenue_title	Lucky River	宝藏漂流
aprilAvenue_final_tag	Grand Prize	最终大奖
aprilAvenue_endless_desc	Collect tokens to win endless rewards!	持续参与活动，\n奖励无穷无尽！
aprilAvenue_token_desc	Collect <sprite="icon_property" name="icon_avenue_april"> to win rich prizes on the river!	收集<sprite="icon_property" name="icon_avenue_april">，赢取河流上的豪华奖励！
aprilAvenue_success_desc	Great work sweeping up all the river rewards! See you at the next event!	恭喜你获得河流上的全部奖励！下次见！
aprilAvenue_end_desc	Good job! See you!	感谢参与！下次见！
aprilAvenue_success_btn	Great	太棒了
aprilAvenue_end_btn	OK	好的
event_book_bubble	Set Complete!	系列完成!
title_text_road	On the Road	公路上
title_text_kemp	Kemp's Beach Pier	肯普海滩码头
title_text_osprey	Osprey Cove	鱼鹰湾
title_text_odessa	New Little Odessa	新小奥德萨
summary_text_203_5	As the spirit hunters' road trip begins, their itinerary gets a makeover…	随着灵魂猎人的公路旅行开始，行程计划也进行了调整……
summary_text_203_9	The spirit hunters reach their first stop on their journey…	灵魂猎人们到达了旅程的第一个目的地……
summary_text_203_12	Arriving at Osprey Cove, Colton hunts for a signal…	到达鱼鹰湾后，科尔顿开始搜寻信号……
summary_text_203_15	Energy wanes as Colton and Norman chase wayward signals…	科尔顿和诺曼持续追踪飘忽不定的信号，他们的精力逐渐耗尽……
summary_text_205_17	A familiar face barges past Bruno's secretary…	一个熟悉的身影从布鲁诺的秘书身边冲了过去……
summary_text_204	The spirit hunters arise from their tents…	灵魂猎人们从他们的帐篷中起身……
summary_text_204_6	Arriving at their next destination, the spirit hunters chat in the car…	到达下一个目的地后，灵魂猎人们在车里聊天……
summary_text_204_10	The spirit hunters leave the latest lighthouse empty-handed and hungry…	灵魂猎人们空手而归，饥肠辘辘地离开了灯塔……
summary_text_204_13	Riley continues to develop their theory…	对于灯塔的闪烁，莱利有了新的想法……
summary_text_204_14	Lori and Carmen steel their nerves as Dominic waves them off…	罗莉和卡门鼓起勇气前往大陆，而多米尼克挥手告别她们……
task_201_1	Play-by-play	乱上加乱
task_201_2	Worst of the Worst	至暗时刻
task_201_3	Ghostly Theories	灵魂现身
task_201_4	Nineties Classics	九零经典
task_201_5	Baring Secrets	揭露秘密
task_201_6	Ghost Fire	“鬼火”
task_201_7	Lighthouse Legends	灯塔传说
task_201_8	Campfire Stories	鬼故事
task_201_9	Unknown Sender	旧日来信
task_201_10	In the Dark	暗中潜伏
task_201_11	High Voltage	来电了！
task_201_12	On the Board	他同意了
task_201_13	Lonely Listener	孤独听众
task_201_14	Slowing Down	慢慢来
task_201_15	Good for Nothin'	一无是处
task_201_16	Super Fly	酷酷的
task_201_17	Let Down	熄灭
task_202_1	Blue Mopes	忧郁独白
task_202_2	Playing it Cool	冷静应对
task_202_3	The Open Door	“后门”
task_202_4	Nerd Alert	黑客警报
task_202_5	Why Now?	“她”的秘密
task_202_6	Starter Pack	皮尔斯·佩恩
task_202_7	The Other Side	另一个世界
task_202_8	Spirited Away	捉鬼行动2.0
task_202_9	Not a Phase	动漫狂热
task_202_10	Thirsty Patron	酒瘾市长
task_202_11	A Mature Bout	百岁熟男
task_202_12	All Bark, No Bite	虚张声势
task_202_13	Not Enough	尚不足够
task_202_14	A New Pursuit	公路旅行
task_202_15	Cool Club	蠢游戏
task_202_16	Another Mountain	冰山一角
task_202_17	Pointing North	迹象归一
task_203_1	Poking Around	四处寻觅
task_203_2	Extending Invitations	广发邀约
task_203_3	Arms Full	装备齐全
task_203_4	On the Road Again	再次出发
task_203_5	A New Itinerary	全新行程
task_203_6	Lunch Swaps	交换午餐
task_203_7	See Me Now	《寻友记》
task_203_8	Around the Bush	绕来绕去
task_203_9	It Goes Beep-Beep	哔哔作响
task_203_10	Talking Business	金发酒保
task_203_11	Strategic Sips	双赢
task_203_12	Lucky Bird	幸运之鸟
task_203_13	Four Shoulders	四个肩膀
task_203_14	Big Dreams	满怀梦想
task_203_15	Spooky Camp	捉鬼营地
task_203_16	Two Sides	两面之间
task_203_17	A Strong Shield	坚强后盾
task_204_1	Like Christmas	神秘礼物
task_204_2	Right To Left	从右至左
task_204_3	Elegant Ladies	优雅女士
task_204_4	Time For Lying	逃避现实
task_204_5	The Protagonist	独行侠
task_204_6	The Oldest Lighthouse	古老灯塔
task_204_7	Facing Her	再见爱人
task_204_8	That's Him	就是他
task_204_9	Into War	大战前夕
task_204_10	No Ghost Fire	鬼火踪迹
task_204_11	For Real	千真万确
task_204_12	Still Hiding	有所保留
task_204_13	Morse Message	莫斯密码
task_204_14	Can't Be Me	委托会面
task_204_15	Long & Short	长长短短
task_204_16	Calling Card	汉宝名片
task_204_17	Day Nine	初次通话
task_205_1	Troublemaker	罪魁祸首
task_205_2	Twerp Control	信号控制
task_205_3	Troll Mask	喷子的面具
task_205_4	Go Slow	慢慢来
task_205_5	Chemistry	化学反应
task_205_6	Wait For It	等着瞧
task_205_7	Another Day	神仙修理工
task_205_8	Online War	网络大战
task_205_9	Suddenly Secretive	低调的克雷恩
task_205_10	Change of Heart	性格转变
task_205_11	Woman of Mystery	神秘女人
task_205_12	Hurricane Season	飓风季节
task_205_13	Interception	信息拦截
task_205_14	Wild Goose	难以预测
task_205_15	Long Vacation	蕾蒙娜的隐瞒
task_205_16	Bottom of the Barrel	救命稻草
task_205_17	Naughty Boy	蠢蠢欲动
task_205_18	Branches, Bones	大厦将倾
privacy_setting_upload	upload log	上传日志
upload_log_succeeded	upload log succeeded	上传日志成功
upload_log_failed	upload log failed	上传日志失败
upload_log_failed_desc	upload too frequently.	操作频繁，请稍后再试。
cross_promotion_task_day_desc	Start Day	解锁游戏天数
spin_prob_desc	The probability of winning each prize changes after each spin.	每次抽奖后，获得各奖品的概率会产生变化
newReturn_title	WELCOME BACK!	欢迎老朋友!
newReturn_tag1	DAY 1	第一天
newReturn_tag2	DAY 2	第二天
newReturn_tag3	DAY 3	第三天
newReturn_btn	Collect	领取
newReturn_dec	Hey, don’t be a stranger! Come back tomorrow for even better rewards!\n	朋友之间不用客气！明天还有更棒的礼物在等你！
newReturn_end	We missed you lots! It's so nice to see you again!	我们很想念你！能再次见到你真是太好了！
item_os_1_1_detaildesc	Choose between three items! Tap one to add it to your merge board! Items will be generated based on the items required for the current order!	在三个棋子之间进行选择！点击一个将其添加到您的面板上！备选棋子将基于当前订单所需要的物品生成！
item_os_2_1_detaildesc	Choose between three high level items! Tap one to add it to your merge board! Items will be generated based on the items required for the current order!	在三个高等级棋子之间进行选择！点击一个将其添加到您的面板上！备选棋子将基于当前订单所需要的物品生成！
deco_guide_bubble	Congratulations on unlocking a new decoration! Feel free to change the style any time you'd like!	恭喜你解锁了全新的装饰物！以后你可随时更换，打造自己的风格。
deco_guide_title	Changing Decorations	如何更换装饰物？
deco_guide_01	Long press the decoration until the progress bar fills up.	长按装饰物，等待进度条充满。
deco_guide_02	Choose from one of the options that appear on-screen.	屏幕出现选项后，即可选择装饰物进行更换。
deco_change_set	Use Set	套装
deco_change_setinuse	Viewing Set	套装预览中
path_title	Reward Trail	奖励小径
path_desc	Follow the trail to earn great rewards!	探索这条小径并获得神奇的奖励吧！
path_success_desc_1	Event completed!	活动完成!
path_success_desc_2	Amazing! It looks like you've discovered all of the trail's rewards!	您已成功探索这条小径的全部奖励！
path_fail_desc_1	Event ended!	活动结束！
path_fail_desc_2	Looks like that's the end of the trail for now. Come back next time!	真遗憾！这条小径已经消失了，下次再来探索吧！
path_button_end	Good Bye!	再见!
path_rewards_title	Unclaimed Rewards	未领取奖励
path_rewards_desc	Uh-oh! Looks like you forgot to collect some rewards. Don't worry, we kept them safe for you.	噢！看来有些奖励你忘记领取了。别担心，我们有替你保管得好好的。
path_gold_notenough	Not Enough Coins	金币不足
path_gem_notenough	Need More Gems	宝石不足
path_remind	Purchase the preceding deal to unlock this reward!	请先获取已解锁的奖励！
path_check_title	Are you sure?	确定吗？
path_check_gem	Unlocking this reward will use {0} <sprite="icon_property" name="icon_gem">. Are you sure?	你将使用 {0} <sprite="icon_property" name="icon_gem"> 探索奖励。确定吗？
path_check_gold	Unlocking this reward will use {0} <sprite="icon_property" name="icon_gold">. Are you sure?	你将使用 {0} <sprite="icon_property" name="icon_gold"> 探索奖励。确定吗？
summary_text_206_6	Amala and Saul hang out during a free period…	阿玛拉和索尔在课余时间一起闲逛……
summary_text_206_8	After his call with Frankie, Mark wraps up a visit to the docks…	跟弗兰基通话后，马克结束了码头的探访……
summary_text_207_5	Quinn and Dominic check in for visiting hours…	奎因和多米尼克在探视时间到访……
summary_text_208_5	At brunch, Sophia notices that Vance is eager…	早午餐时，索菲娅注意到万斯显得很急切……
summary_text_208_9	Bruno gets a surprise visitor…	布鲁诺迎来了一位意外访客……
summary_text_209	Right after meeting up, Frankie starts bundling Mark into a squad car…	刚见面，弗兰基就把马克拽上了警车……
summary_text_209_2	Having subdued two guards, Frankie and Mark approach Ramona's room…	制服两个守卫后，弗兰基和马克来到了蕾蒙娜的病房……
summary_text_210	As Vance and Sophia tour the high-end shops, Vance lingers…	万斯和索菲娅在高档店铺闲逛，万斯在橱窗前驻足停留……
title_text_hospital	Brimwave Hospital	浪尾岛医院
title_text_elementary	Brimwave Elementary	浪尾岛小学
task_206_1	The Plane	那架飞机
task_206_2	Of All People	偏偏是你
task_206_3	NR-Q2821	NR-Q2821
task_206_4	A Woman In Trouble	困境中的女人
task_206_5	Dropped	坠落
task_206_6	The Old Days	往事如烟
task_206_7	Storm Rider	风暴中的骑士
task_206_8	Duty Calls	职责所在
task_206_9	Broken Compass	破碎指南针
task_206_10	Hot To Go	火力全开
task_206_11	Sixth Sense	第六感
task_206_12	The Crazy Part	定时炸弹
task_206_13	Cover Up	遮掩真相
task_206_14	Display Piece	飞机展
task_206_15	Story Spinners	故事编织者
task_206_16	Another Crisis	朋友的支持
task_206_17	Keeping Tabs	密切关注
task_206_18	Gut	直觉
task_207_1	Himbo Duo	小学生二人组
task_207_2	Tarp Script	防水布剧本
task_207_3	Model Planes	业余工程师
task_207_4	Called In	局长谈话
task_207_5	Authorization	探视许可
task_207_6	Biplane Two	两架飞机？
task_207_7	Enforcer	看门狗
task_207_8	Face The Music	面对现实
task_207_9	Real Demons	心魔
task_207_10	The Go Bag	逃生包
task_207_11	Bigger Problems	更棘手的事
task_207_12	Doom And Gloom	末日将至
task_207_13	Little Rascal	坏警察
task_207_14	Big Spender	求爱的万斯
task_207_15	Power Play	反目成仇
task_207_16	Hands Full	手忙脚乱
task_207_17	Marked Woman	黑鹤诅咒
task_208_1	Contemplations	晨间冥想
task_208_2	Talons	不幸中的万幸
task_208_3	On The Outs	关系破裂
task_208_4	Shoes to Fill	布家历史
task_208_5	Marriage Material	反婚人士
task_208_6	Old School Approach	唤醒传统
task_208_7	Preserved Prattles	推陈出新
task_208_8	The Black Box	黑匣子
task_208_9	Pieces in Play	局势明朗
task_208_10	Held Revelations	隐藏的真相
task_208_11	Cockpit Dialogue	驾驶舱对话
task_208_12	Emotional Gale	情感风暴
task_208_13	Clearheaded Steps	冷静应对
task_208_14	Scullery Squall	母女情深
task_208_15	Aimless Conclusions	无果而终
task_208_16	Fickle Factions	一路人
task_208_17	Debrief Plus One	为合作干杯
task_209_1	Love Guru	情感大师
task_209_2	Jiu-Jitsu!	柔道！
task_209_3	Through the Window	越狱
task_209_4	Sad Shoes	妈妈的女儿
task_209_5	The Missing Pilot	失踪的飞行员
task_209_6	Afternoon Pick-Up	卡门的老朋友
task_209_7	Best Mom Award	最佳妈妈奖
task_209_8	Closed Chapters	细数旧账
task_209_9	From the Start	从头开始
task_209_10	The Guilt Trip	愧疚之旅
task_209_11	Grandma Zombie	僵尸姥姥
task_209_12	Two Options	两难抉择
task_209_13	Cards on the Table	摊牌时刻
task_209_14	Terms and Conditions	条条框框
task_209_15	Chaperone Duties	棋逢对手
task_209_16	Straight Flush	同花顺
task_209_17	The Grand Plan	宏伟计划
task_209_18	Motorhome Blues	铁石心肠
weekly_active_quest_reward_recovery_title	Unclaimed Rewards	未领取奖励
weekly_active_quest_reward_recovery_desc	Uh-oh! Looks like you forgot to collect some rewards. Don't worry, we kept them safe for you.	噢！看来有些奖励你忘记领取了。别担心，我们有替你保管得好好的。
weekly_active_quest_farm_single	Use the tools {0} times	使用{0}个工具
weekly_active_quest_farm_multiple	Use the tools {0} times	使用{0}个工具
weekly_active_quest_farm_hint	Use tools in the {0} event!	在{0}活动中使用工具！
order_boost_pro_title	Super Rave Reviews	口碑达人
order_boost_pro_reward_title	Super Rave Rewards	豪华好评礼包
order_boost_pro_reward_desc	The deluxe gift pack comes with even more goodies!	加量不加价！装有更多棋子的豪华礼包！
order_boost_pro_tag	<size=80>60%</size> More!	奖励增加60%!
order_boost_pro_rule_desc	Complete orders with emojis for a limited time to win better prizes!	在限定时间内完成带有笑脸的订单来获得好评，赢取豪华大奖！
order_boost_pro_close_btn	OK	好的
order_boost_pro_start_title	SUPER Reviews!	口碑达人!
order_boost_pro_time_hint	Time is running out!	时间所剩无几！
order_boost_pro_finished_title	Super Rave Reviews	实至名归!
order_boost_pro_finished_desc	Wow! Look at all those happy, satisfied customers! Go ahead and claim your reward!	口碑达人非你莫属！打开礼盒领取豪华奖励吧！
order_boost_pro_guide_1	The challenge begins! Collect SUPER reviews within a limited time to earn rewards!	口碑达人挑战开启！限时内收集笑脸收获更加丰厚的奖励！
order_boost_pro_guide_2	Here, you can check on your progress and remaining time. Get moving to earn enough reviews!	在这里查看你的收集进度和剩余时间，抓紧收集笑脸吧！
order_boost_pro_guide_3	Don't worry! If you don't finish in time, your progress will still count toward regular Rave Reviews!	不用担心，如果没有按时完成，当前笑脸收集进度会保留至“好评如潮”！
flower_pairwork_complete_desc	You worked with your teammates and accomplished your gardening goals!	在你和四个队友的完美合作下，完成了种植新花的任务！
flower_pairwork_complete_title	Grand Prize Gardeners!	顶级园丁!
flower_pairwork_completereward_desc	Here is your Grand Prize!	这是你的大奖!
flower_pairwork_convert_desc	Your remaining tokens are converted to rewards:	你的剩余代币已被转化为奖励：
flower_pairwork_desc	Find four friends to complete your garden work. Accomplish the goals for each flower to unlock the grand prize!	找到四个队友并分别和他们完成队伍积分目标，解锁终极大奖。
flower_pairwork_fail_desc	Looks like Mark's flowers were more troublesome than expected! No worries – his green thumb can handle this!	看来马克的花比想象中更麻烦！别担心——以他的园艺能力可以回来自己搞定！
flower_pairwork_fail_title	Event Over!	活动结束!
flower_pairwork_guide_1_1	Welcome to the greenhouse! This is where you'll be working.	欢迎来到花房！接下来辛苦你在这里帮我种花。
flower_pairwork_guide_1_2	I know gardening can be tough. But you can get friends to help you. Click here to find friends.	我知道园艺工作很辛苦。不过你可以找朋友帮忙。点击此处组队。
flower_pairwork_guide_2_1	You can send and receive invites over here.	你可以在这里发送和接收邀请。
flower_pairwork_guide_2_2_1	You can find your available Facebook friends here and invite them to play together. But don't forget to allow permissions first!	你可以在这里找到 Facebook 好友并邀请他们一起玩。但别忘了先授予权限！
flower_pairwork_guide_2_2_2	You can team up with other great players by sending them invites. I know you'll do a great job!	你可以向其他玩家发送邀请，与他们组队。我知道你一定会很棒！
flower_pairwork_guide_3_1	This is your team's target score. Work together to collect team points, water the flowers, and earn rewards.	这是你们团队的目标得分。齐心协力，收集团队积分，浇花，赢取奖励。
flower_pairwork_guide_3_2	You receive tokens by completing orders. Spinning the wheel will earn water for the flowers and points for the team.	完成订单即可获得代币。旋转转盘即可获得鲜花所需的水和团队积分。
flower_pairwork_guide_3_3	You can change the multiplier and use more tokens in one spin.	你可以更改倍数并在一次转盘中使用更多代币。
flower_pairwork_guide_3_4	Now, go ahead and spin. Best of luck!	现在，开始转盘吧！祝你好运！
flower_pairwork_instruction_1	Pair up with other players to form a team and complete your goals!	和其他玩家组建队伍，一起参与活动
flower_pairwork_instruction_2	Earn tokens by completing orders.	完成订单即可获得代币
flower_pairwork_instruction_3	Use the tokens to spin the wheel to help increase your team's score and water your flowers!	使用代币来转转盘为队伍增加积分，为花朵浇水
flower_pairwork_instruction_4	Accumulate points with your team to win rewards!	和队友一起积累积分赢取奖励
flower_pairwork_pre_desc	Mark's away on a job for a few days but doesn't want to leave his beloved plants alone. While he's away, he's looking for friends to help keep up his greenhouse!	马克出差几天，但他不想丢下他心爱的植物不管。他出差期间，想找几个朋友帮忙打理温室！
flower_pairwork_success_desc	You planted four new flowers with your teammates, keeping Mark on schedule with his gardening goals!	你与队友一起种植了四种新花，让马克能够按时实现他的园艺目标！
flower_pairwork_success_title	Terrific Teamwork!	很棒的团队合作!
flower_pairwork_teamfinish_desc	You planted new flowers with your partner!	你们一起种植出了新的花!
flower_pairwork_teamfinish_title	Planting Complete!	种植完成!
flower_pairwork_teamreward_desc	Here's your reward for all the hard work!	这是你努力付出的奖励!
flower_pairwork_teamsuccess_desc	Thanks to your teamwork, Mark's greenhouse has a fresh, new bloom!	经过你们的共同努力，成功种植了美丽花朵。
flower_pairwork_teamsuccess_title	Perfect Pair-up!	很棒的团队合作!
flower_pairwork_title	Flower Fellowship	花卉联欢会
pairwork_btn_continue	Tap to Continue	点击继续
pairwork_btn1	OK	好的
pairwork_finalprize	Flower Prize	大奖
pairwork_instruction_title	How the Event Works	活动规则
pairwork_invite_blank	There are no pending invites. Check again later!	暂无待处理的组队信息，请稍后再来。
pairwork_invite_dismiss_btn	Dismiss	取消
pairwork_invite_fail	This player already has enough teammates.	该玩家队伍已满。
pairwork_invite_fbbind_btn	Go!	立即授权
pairwork_invite_fbbind_desc	Tap to authorize a connection and play with your Facebook friends!	前往授权，和Facebook好友组队一起玩！
pairwork_invite_fbbind_fail	Authorization failed, please try again.	授权失败，请重试。
pairwork_invite_friend_title	Facebook Friends	邀请好友
pairwork_invite_invite_btn	Invite	邀请
pairwork_invite_receive_title	Received Invites	收到邀请
pairwork_invite_sent	Invitation Sent!	邀请已发送!
pairwork_invite_suggest_title	Suggested Invites	邀请推荐
pairwork_invite_title	Invite Friends	组队
pairwork_newcomplete_notice	Your team completed the goal!	你的队伍完成了目标！
pairwork_newreward_notice	Your team earned a new reward!	你的队伍获得了新奖励！
pairwork_newteam_notice	You're part of a new team!	你有了新队伍！
pairwork_notenoughtoken	Not enough tokens!	代币不足
pairwork_open_btn	Open	打开
pairwork_pre_countdown	Event starts in:	活动即将开始:
pairwork_pre_start	Event starts!	活动开始!
pairwork_rate_notice	Switched to <color=#ffa7d9>x{0}</color>	切换倍投至<color=#ffa7d9>x{0}</color>
pairwork_ready_btn	Go!	冲!
pairwork_score_bubble	Earn {0} more points to get the next reward!	再获得{0}积分即可获得下一个奖励！
pairwork_stage	Stage	阶段
gem_free_icon	Free	免费
gem_paid_title	Recharge Gems	充值宝石
gem_paid_desc	Gems obtained through paid recharges.	充值获得的宝石。
gem_free_title	Free Gems	免费宝石
gem_free_desc	Gems obtained without recharging can be acquired through events, clicking on the board to collect gem items, and other methods.	非充值获得的宝石。可通过活动、棋盘点击收集宝石棋子等方式获取。
gem_japen_law	Related Laws	相关法律一览
event_opera_mdnew_prediction_title	The Masked Tenor	迷宫魅影
event_opera_mdnew_prediction_desc	In the silent opera house, the Masked Tenor sings a mysterious serenade. Join Sam, Amala, and Lori as they listen to the tale of The Masked Tenor.	在这寂静的歌剧院中，假面魅影唱起了神秘的小夜曲。快来和山姆、阿玛拉还有罗莉一起寻找迷宫魅影吧！
event_opera_mdnew_decorations_title	The Masked Tenor	迷宫魅影
event_opera_mdnew_end_desc	Looks like that's the final curtain. Did you catch a glimpse of the Phantom's last performance?	看来帷幕就要落下了，你看到魅影最后的演出了吗？
event_opera_mdnew_extend_desc	Oh no, but there's still one more song to be sung! Maybe there's still time to hear it…	别着急，还有最后一首歌没唱呢！我们还来得及细细品味……
event_opera_mdnew_extend_success_desc	Bravo! There's more time to hear the Phantom's duet! You have 2 more days to complete the event.	太棒了！还有时间聆听魅影和克里斯汀的二重唱！你还有两天时间完成活动哦。
mdnew_opera_mdnew_decoration_name_1	Music of the Night	玫瑰小夜曲
mdnew_opera_mdnew_decoration_name_2	Plucking Memories	灵魂韵律
mdnew_opera_mdnew_decoration_name_3	Intricate Undercroft	魅影回廊
mdnew_opera_mdnew_decoration_name_4	Childhood Melodies	敲锣冥猴
mdnew_opera_mdnew_decoration_name_5	Cautious Defenses	心之壁垒
mdnew_opera_mdnew_decoration_name_6	Gothic Guards	哥特守卫
mdnew_opera_mdnew_decoration_name_7	Wistful Fountain	幽思之泉
mdnew_opera_mdnew_decoration_name_8	Thespian's Treble	戏梦高音
mdnew_opera_mdnew_decoration_name_9	Crashed Chandelier	碎光残响
mdnew_opera_mdnew_decoration_name_10	Recorded Aria	留声咏叹调
mdnew_opera_mdnew_decoration_name_11	Disguised Wallpaper	面具陈列室
mdnew_opera_mdnew_decoration_name_12	Entrancing Vanity	幻影妆台
mdnew_opera_mdnew_decoration_name_13	Mystical Mirror	神秘镜界
mdnew_opera_mdnew_decoration_name_14	Phantom's Mask	骑士佩剑
mdnew_opera_mdnew_decoration_name_15	Fragrant Candelabra	香氛烛台
mdnew_opera_mdnew_decoration_name_16	Sinister Lair	地下迷宫
mdnew_opera_mdnew_decoration_name_17	Haunted Organ	幽灵琴键
mdnew_opera_mdnew_decoration_name_18	Ghostly Gondola	暗河摇船
mdnew_opera_mdnew_decoration_name_19	Moonlit Nocturne	月夜歌剧院
mdnew_opera_mdnew_decoration_name_20	The Masked Tenor	假面魅影
mdnew_opera_mdnew_decoration_name_21	Supernal Soprano	音乐天使
title_text_hide	Undisclosed Location	秘密基地
title_text_bakery	Bakery	面包店
title_text_farm	Morello Farm	莫雷洛农场
summary_text_210_3	Frankie prepares for a meeting with the Police Chief…	弗兰基正准备与局长见面进行会谈……
summary_text_210_9	Colton opens his door to two unexpected visitors…	科尔顿打开门，发现门外站着两位不速之客……
summary_text_210_11	Returning from their trip, Sophia pauses for reflection…	和万斯逛完街，索菲娅陷入了沉思……
summary_text_210_15	Frankie arrives, hiding pain beneath a smile…	面谈归来，弗兰基强颜欢笑掩饰自己的痛苦……
summary_text_210_17	Carmen and Ziva arrive at their temporary new home…	卡门和姬瓦抵达了她们在农场的临时住所……
summary_text_211_6	As Frankie works quietly, Ramona starts to get bored…	弗兰基在认真工作，而无聊的蕾蒙娜却开始撩闲……
summary_text_211_11	During recess, Amala sneaks in a quick conversation…	课间休息时，阿玛拉马上掏出手机……
summary_text_212	Amala and Saul contemplate the appearance of an old friend…	阿玛拉和索尔思索着如何应对老友的突然出现……
summary_text_212_4	Frankie and Ramona discuss their next move…	弗兰基和蕾蒙娜正在制定下一步的行动计划……
summary_text_212_6	Lloyd tries to check in on a frazzled Dominic…	劳埃德试图安抚焦躁不安的多姆……
summary_text_212_10	At lunch with Vance, a still-stinky Sophia turns heads…	与万斯共进午餐时，索菲娅身上的味道引来人们异样的眼光……
summary_text_213	With a pile of luggage by the door, Ziva and Carmen prepare for a trip…	姬瓦和卡门在为水疗之旅做准备，满满的行李堆在门边……
task_210_1	AM Catch-Up	冷暖自知
task_210_2	Fruitful Unions	新盟友之患
task_210_3	Slacking Reigns	被束缚的野马
task_210_4	Retched	恶臭缠身
task_210_5	Stinky Trades	帮个刺鼻的忙
task_210_6	Skunk Studies	臭鼬的季节！
task_210_7	Putrid Banter	别拿臭气开玩笑
task_210_8	Funky Funk	新歌灵感
task_210_9	Stunned Sitter	保姆难当
task_210_10	A Pungent Notion	蒜爆洋葱
task_210_11	In on the Joke	婚礼的幻想
task_210_12	Foul Farm	农场避难所
task_210_13	Rotten Plans	臭乱全局
task_210_14	With Caution	从不呕吐的男人
task_210_15	A Little Rattled	职业危机
task_210_16	Scented Solutions	工业级番茄汁
task_210_17	Fresh Air	“臭臭”
task_210_18	By the Book	按套路出牌
task_211_1	New Crisis	新的危机
task_211_2	Airing It Out	散散味
task_211_3	Last Minute Guest	不速之客
task_211_4	Nutty Professor	科学怪人
task_211_5	Worth a Shot	值得一试
task_211_6	Jerry	游戏上瘾
task_211_7	To Business	谈正事
task_211_8	Strongest Potions	香水大杂烩
task_211_9	Unburned Bridge	暗流涌动
task_211_10	Not a Crook	老狐狸
task_211_11	Feels Different	短信不一样
task_211_12	A Lot To Learn	肚子大见识小
task_211_13	Secret Sewers	秘密下水道
task_211_14	Half a Corner	半个小角落
task_211_15	Precious Ambergris	珍贵体香
task_211_16	Competitors	歹毒的商战
task_211_17	It Never Stops	没完没了
task_212_1	Forgotten Detail	蒙在鼓里
task_212_2	Little Regrets	大翻车
task_212_3	Red Alert	恶臭预警
task_212_4	Futile Attempts	灰色地带
task_212_5	Suppressed Scent	全能山姆
task_212_6	Hard Conversations	港口谈心
task_212_7	Darin the Diver	“潜水员”达林
task_212_8	Quickfire Queries	快问快答
task_212_9	Word on the Street	坊间流言
task_212_10	Dire Date	刺鼻约会
task_212_11	Heavy Duty	专业装备
task_212_12	Hidden Weapon	秘密武器
task_212_13	Word of Advice	忠言逆耳
task_212_14	Shifting Smells	黏人的臭气
task_212_15	A Stern Warning	严正警告
task_212_16	Wrapping Up	无话可说
task_212_17	The Past Returns	往日回响
weekly_active_quest_farm_default_hint	Use tools in the farm event!	在农场活动中使用工具！
floatRace_title	Sky-High Scramble	飞跃浮空岛
floatRace_pre_desc	Join the Sky-High Scramble to win fantastic rewards!	参与浮空岛飞跃大赛赢得豪华宝藏！
floatRace_icon_desc	Slots Left	剩余名额
floatRace_notice_1	Come on, half the slots are still open!	还剩一半晋级名额，加油！
floatRace_notice_2	Hurry! Only 5 slots are left!	仅剩5个晋级名额咯，抓紧时间！
floatRace_notice_3	Let's go! There's only 1 slot left!	仅剩1个晋级名额，冲刺！
floatRace_difficulty_select_1	Choose the difficulty and rewards.	选择比赛难度和奖励
floatRace_difficulty_select_2	The tougher the race, the greater the rewards!	难度越高，奖励越丰厚！
floatRace_easy	Easy	轻松
floatRace_middle	Normal	适中
floatRace_hard	Hard	挑战
floatRace_desc	Finish all <color=#ff7f29>{0}</color> levels to win the Grand Prize!	完成全部<color=#ff7f29>{0}</color>个浮岛关卡斩获大奖!
prize_final_tag	Grand Prize	最终大奖
floatRace_token_desc	Merge items and finish orders to earn <sprite="icon_floatRace" name="icon_floatRace">.	合成或完成订单获取<sprite="icon_floatRace" name="icon_floatRace">
floatRace_level_requirement	Only the <color=#008C8C>FIRST <size=45>{0}</size></color> players to complete the level will advance!	仅<color=#008C8C>前{0}</color>名完成关卡的选手有晋级资格
floatRace_guide_1	Merge items and finish orders to earn <sprite="icon_floatRace" name="icon_floatRace">.	合成或完成订单获取<sprite="icon_floatRace" name="icon_floatRace">
floatRace_guide_2	Each level has limited progress slots. The fastest players who collect all the points progress to the next level!	每一关的晋级名额有限，先集齐积分的玩家才能晋级到下一关哦!
floatRace_guide_3	Fantastic rewards are waiting for you at the end of the race!	豪华大奖在比赛终点等着你！
floatRace_level_congrat	Way to Go!	勇往直前！
floatRace_level_rank	Here's where you placed:	你的过关名次是:
floatRace_level_start_inquire	You've qualified for the next level! Do you want to proceed?	你获得了晋级下一关的资格，是否立即开启比赛？
floatRace_level_rest_btn	Later	休息一会
floatRace_level_play_btn	Go!	出发!
floatRace_level_start_btn	Start the Race	开始下一关
floatRace_rest_desc	The race won't start without you; tap above to start the next level!	休息好了就点击按钮开启下一关比赛吧！
floatRace_level_fail	Uh-oh! Too slow!	再快点就好了！
floatRace_level_fail_explain	All {0} slots are taken!	{0}个晋级名额都被抢光了！
floatRace_level_prize_progress	There are only {0} more levels to go!	还有{0}关就到了！
floatRace_level_restart_inquire	Want to try again?	越战越勇，重新开始本关比赛！
floatRace_final_congrat	Nice one!	完美通关!
floatRace_final_congrat_desc	Congrats! You won the Grand Prize!	恭喜你赢得最终大奖！
floatRace_race_ready	New round ready!	新一轮竞赛已就绪！
floatRace_complete_desc	Congrats to the final winners of the Sky-High Scramble!	所向披靡！恭喜浮空岛飞跃大赛的最终赢家！
floatRace_end_desc	Don't worry! You can join the Sky-High Scramble again next time!	浮空岛飞跃大赛欢迎你的下次报名！
floatRace_tutorial_1	The Sky-High Scramble has begun! Here's how it works.	大赛开始！这是本关的积分目标！
floatRace_tutorial_2	You must complete the goals as fast as possible, or else you'll lose your slot to a faster player!	注意！你要尽可能快地完成积分目标，否则晋级名额会被比你快的对手抢光哦！
floatRace_tutorial_3	The remaining slots are shown here. So hurry and win your slot!	这里会展示剩余的晋级名额，现在抓紧出发吧！
floatRace_start_point_tag	START	起点
offer_summert	Paddler's Bundle	泳池派对礼包
battlepass_title_Sweettangypass	Sweet & Tangy Season	甜酸季
battlepass_taskComplete_Sweettangypass	You've completed the Sweet & Tangy Season tasks! Congratulations!	您已经完成了甜酸季的所有任务！恭喜！
battlepass_endDesc_Sweettangypass	The Sweet & Tangy Season is over! Come back next season for more rewards!	甜酸季已结束，一起期待更精彩的下一季活动吧！
battlepass_tutorial_2_Sweettangypass	To advance your progress toward new rewards, you'll need to score points!	在甜酸季中升级来获取奖励！
summer_multiboards_title	Sublime Sunbathing	海滨日光浴
summer_multiboards_pre_desc	It’s getting hot out and Lori wants to lounge in the sun. Help her find all the things she needs for some fun in the sun!	炎炎夏日来临，罗莉等不及想要沐浴在阳光下啦！快来帮她做好准备，好好在海边放松一下吧！
summer_multiboards_complete_title	Solid Sunbathe	惬意时光
summer_multiboards_complete_desc	Thanks to your help, Lori has a good time lounging and enjoying drinks on the beach!	多亏了你的帮助，罗莉在沙滩上好好享用了冰爽特调！真是惬意的时光！
summer_multiboards_success_title	Sweltering Success!	骄阳作战大成功！
summer_multiboards_success_desc	Great work! Lori’s got her drinks and lounge gear ready for the perfect beach day!	太棒啦！在你的帮助下，罗莉已经备齐夏日特调和沙滩装备，开启了完美的度假模式！
summer_multiboards_fail_desc	Better hope Lori has her sunscreen – she's too eager for the sun to wait any longer!	东西还没收拾好，罗莉可别忘记带防晒霜啊……她真的很想马上就冲向海滩！
summer_multiboards_guide_1_1	Let's get ready for the sun! Merge items to get the key and unlock the next stage!	是时候去沙滩上晒晒太阳啦！合成物品获得钥匙，来解锁下一阶段吧！
summer_multiboards_fail_title	Event over!	活动结束!
summer_multiboards_guide_1_2	Tap here to add items to the board, then merge them!	点击这里将物品添加到棋盘，并合成它们！
summer_multiboards_guide_2_1	You've unlocked the next stage! Tap to enter.	你已经解锁了下一阶段！点击前往吧。
summer_multiboards_instruction_1	Complete orders to get items.	完成订单获得物品
summer_multiboards_instruction_2	Merge items to earn the key to the next stage.	合成物品获得钥匙并开门解锁下一阶段
summer_multiboards_instruction_3	Explore all the stages and win big prizes!	探索全部阶段棋盘获得大奖
summer_multiboards_desc	Merge items to get the key and unlock the next stage!	获得指定物品即可得到钥匙开门，进入下一阶段
summer_multiboards_door_btn1	Go	继续
summer_multiboards_door_btn2	Stay	留下
summer_multiboards_door_desc1	If you choose to go to the next stage, the remaining rewards on this board will be collected automatically.	如果您选择进入下一阶段，此棋盘上的奖励将被自动收集
summer_multiboards_door_desc2	All event items on the current board will be transferred to the next stage.	已获得的活动棋子将被带入下一阶段
summer_multiboards_door_hint	You need a key! Merge items to get one.	你需要一把钥匙！合成物品来获得它。
summer_multiboards_door_title	Go to the Next Stage	前往下一阶段
summer_multiboards_linelock_hint	Unlock on the next stage!	到下一阶段后解锁!
summerMultiboards_book_title	Summertime Sights	骄阳图鉴
summerMultiboards_book_subtitle1	Cool Drinks	冰爽特调
summerMultiboards_book_subtitle2	Beach Stylings	沙滩装扮
summerMultiboards_book_subtitle3	Summer Supplies	消暑好物
music_scorerush_desc	Earn <sprite="icon_music_scorerush" name="icon_music_scorerush"> by using energy to produce items!	消耗体力获得新棋子时获得<sprite="icon_music_scorerush" name="icon_music_scorerush">!
music_scorerush_fail_desc	It's a pity that you didn't get the reward, but join us next time and we may find new fun!	很遗憾你没有获得奖励，不过下次加入我们也许会发现新的乐趣！
music_scorerush_fail_subtitle	Event Over	活动结束
music_scorerush_pre_desc	The beachside music festival is about to begin! Why not get up on stage and feel the energy?	海滨音乐节即将开幕！快来舞台感受这活力四射的音乐盛宴吧！
music_scorerush_success_desc	What an impressive performance! The crowd would love to see you again next time!	真是精彩绝伦的演出！观众们期待下次再见到你！
music_scorerush_reward_desc	Here's your prize!	这是你的奖励！
music_scorerush_success_subtitle	Event Over	活动结束
music_scorerush_reward_title	Congratulations!	恭喜!
music_scorerush_title	Tidal Beats Fest	潮汐节拍音乐节
music_scorerush_title1	Newcomer Stage	新人舞台
music_scorerush_title2	Apprentice Stage	学徒舞台
music_scorerush_title3	Artist Stage	艺术家舞台
music_scorerush_title4	Talents Stage	巨星舞台
music_scorerush_title5	Masterpiece Stage	大师舞台
scorerush_btn_continue	Tap to Continue	点击继续
scorerush_btn1	OK	好的
scorerush_btn2	Claim	领取
scorerush_hint_drop	You've dropped in rank!	你的排名下降了！
scorerush_hint_rise	You've risen in rank!	你的排名上升了！
scorerush_ready_btn	GO	开始!
scorerush_reg_btn	Join	报名
item_delete_desc	Are you sure you want to delete this item? It cannot be recovered.	确定要删除这个物品吗？删除后将不可撤回。
order_boost_pro_start_desc	Complete before the countdown ends to win better prizes!	倒计时结束前完成来获得更多奖励！
summary_text_214_4	After a disturbing discovery, Lori anxiously awaits help…	罗莉发现了一件可怕的事，正在焦急地等待帮助……
summary_text_214_11	Taking a break from their respective missions, Sam and Mark meet…	山姆和马克结束了各自的任务，两人见了面……
summary_text_215_2	Frankie goes to Ramona to talk about their grand master plan…	弗兰基和蕾蒙娜讨论着她们的大计……
summary_text_215_5	Ramona makes the call to Crane…	蕾蒙娜给克雷恩打了电话……
summary_text_215_12	Vance and Saul bump into each other downtown…	万斯在市中心碰到了索尔……
summary_text_215_14	Frankie and Ramona get ready for their meeting with Crane…	弗兰基和蕾蒙娜准备与克雷恩见面……
summary_text_215_16	After their meeting, Frankie and Ramona listen to Crane's confession…	弗兰基和蕾蒙娜终于听到克雷恩承认自己的罪行……
summary_text_216_5	Dominic and Lloyd have a tough heart-to-heart…	多米尼克和劳埃德推心置腹，进行了一次艰难的谈心……
summary_text_216_12	Bruno begins his press conference…	布鲁诺的新闻发布会开始了……
summary_text_216_15	Bruno and Sophia deal with the aftermath of the the leaked allegations…	布鲁诺和索菲娅在应对丑闻泄露的余波……
summary_text_217	Sophia, Norman and Mark assemble to begin their mission…	索菲娅、诺曼和马克三人碰头，准备开始行动……
task_213_1	Task List	每日惯例
task_213_2	Drop Everything	留下的“麻烦”
task_213_3	Stepping Up	步步紧逼
task_213_4	Kick Back	母女谈话
task_213_5	Eminently Logical	严格计算的成分
task_213_6	It's Bad	大事不妙
task_213_7	Reckless	镇民们的声讨
task_213_8	Announcement	郑重声明
task_213_9	Brain Trust	动脑时间
task_213_10	Hit and Run	游击战
task_213_11	Glory	为了奎因
task_213_12	Cotton Balls	“膨胀”的索菲娅
task_213_13	HEV Suit	防护服
task_213_14	Radio Check	地下探险
task_213_15	Splash	无人应答
task_213_16	A Real Hero	真正的英雄
task_213_17	Changed	山姆的决心
task_214_1	NIMBY	并非源头
task_214_2	Down with Quinn	抵制奎因
task_214_3	Astroturfing	水军攻势
task_214_4	Don't Panic	不要紧张
task_214_5	Neverending Fun	一波又起
task_214_6	Getting Worse	事态加剧
task_214_7	For Democracy!	屈服民意！
task_214_8	Coming Back	旧友来电
task_214_9	Seen, Unheard	心事重重的多姆
task_214_10	Partners	合作伙伴
task_214_11	Betrayal	袒露心扉
task_214_12	Print Media	纸媒的力量
task_214_13	Quarrel	夫妻吵架
task_214_14	Wasted Youth	逝去的青春
task_214_15	Emotionally Incompetent	优柔寡断的男人
task_214_16	The Patsy	替罪羊
task_214_17	Snake Head	擒贼先擒王
task_215_1	Turndown Service	直播预备
task_215_2	Good to Go	准备行动
task_215_3	Leading Lady	勇气可嘉
task_215_4	Broken Hearts	心碎的情侣
task_215_5	Mustache Twirler	老狐狸
task_215_6	The Snake Bite	地精的傀儡
task_215_7	Opposing Justices	正义制裁
task_215_8	Mound of Mess	山姆的焦虑
task_215_9	Anti-Stink Campaign	推销抗臭解药
task_215_10	Live: In the Muck	下水道直播
task_215_11	The Wrong Direction	事与愿违
task_215_12	Sidewalk Chat	路边闲聊
task_215_13	The Broken Bridge	亟待修复的友谊
task_215_14	The Big Bad Wolf	终极反派
task_215_15	Seeking a Master	专家咨询
task_215_16	A New Play	功亏一篑
task_215_17	Better Together	三人合作
task_216_1	Triple Triple	好闺蜜的关照
task_216_2	Mimosa Time	香槟时间
task_216_3	The Next Move	下一步行动
task_216_4	Yes BFF	#支持赤脚节
task_216_5	Tough Stuff	难以面对的真心
task_216_6	Cold Feet	临阵退缩
task_216_7	Destined Besties	阿玛拉的责难
task_216_8	Done With	尽快了结
task_216_9	Caught Unaware	措手不及
task_216_10	Burn it Down	大胆的计划
task_216_11	The Chemist	大化学家
task_216_12	Stinky Conference	臭闻发布会
task_216_13	Snake in the Grass	蛇鼠一窝
task_216_14	Exposed	丑闻曝光
task_216_15	Town Hall Calamity	市政厅事件
task_216_16	The Way Out	前进才有出路
task_216_17	Outplayed	大喜事
common_exchange_title	Exchange Reward	兑换奖励
energy_name	Energy	能量
gold_name	Coin	金币
gem_name	Gems	宝石
soldout_button	Sold Out	售罄
gnome_room_title	Investigative Infiltration	秘屋妙探
gnome_room_pre_desc	A secret hideout is revealed! Join Quinn on an infiltration mission in one of the Bitter Gnomes' lairs!	愤怒地精的一处秘密据点被发现了，而且似乎正无人值守！快加入奎因的潜入行动吧！
gnome_room_first_wait_desc	Collect keys to open the door and explore the hideout!	收集钥匙打开大门，进入地精的秘密据点！
gnome_room_wait_desc	Earn door keys by tapping on generators.	点击母体棋子来获得大门钥匙。
gnome_room_more_wait_desc	Keep collecting keys to open the door and further explore the hideout!	收集钥匙打开大门，继续探索地精的秘密据点！
gnome_room_activate_title	Hurry Up!	抓紧时间!
gnome_room_activate_countdown_desc	Time Left: 	剩余时间：
gnome_room_activate_desc	The clock is ticking! You have a limited time to explore 'til the Gnomes come back and you need to get out!	时间紧迫！探索时间有限，一旦地精们回来，我们就得撤退了！
gnome_room_active_tool_bubble	How to get it:\n1. Use energy\n2. Buy special packs	获取方式：\n1.消耗体力\n2.购买礼包
gnome_room_active_newitem_title	New item found!	发现新物品!
gnome_room_active_newitem_rarity_n	Common	普通
gnome_room_active_newitem_rarity_r	Rare	稀有
gnome_room_active_newitem_rarity_sr	Epic	史诗
gnome_room_active_newitem_rarity_ssr	Legendary	传说
gnome_room_active_secretitem_title	Great work!	干得漂亮!
gnome_room_active_secretitem_desc	You've found a Golden Gnome Statue. That's a special find!	重大发现！你找到了黄金地精！
gnome_room_reward_window_title	Supersleuth Rewards	神探奖励
gnome_room_reward_window_desc	Open boxes with magnifying glasses to earn rewards!	用放大镜打开纸箱，赢取奖励吧！
gnome_room_reward_window_final	Grand Prize	终极大奖
gnome_room_instruction_title	How to Play	玩法说明
gnome_room_instruction_title_1	1. Collect keys to open doors.	1.收集钥匙打开大门
gnome_room_instruction_title_2	2. Explore the room within the time limit.	2.在有限时间内探索房间
gnome_room_instruction_title_3	3. Play on the main board to earn <sprite="icon_room_tool" name="icon_room_tool"> and use them to open boxes in the room.	3.在主棋盘游玩获得<sprite="icon_room_tool" name="icon_room_tool">，在房间内用它来打开纸箱。
gnome_room_instruction_title_4	4. Find the Golden Gnome and earn big rewards!	4.找到黄金地精，赢取丰厚奖励！
gnome_room_success_desc	This hideout was a treasure trove of information – and treasure, too!	这个据点充满了情报和宝藏——大丰收！
gnome_room_end_desc1	The Gnomes are on their way back! We'll have to investigate further next time!	地精在回来的路上了！我们下次再来调查吧！
gnome_room_guide_1_1	Hey, look! I've found the backdoor to one of the Gnomes' hideouts!	嘿，快看！我发现了一个地精据点的后门！
gnome_room_guide_1_2	Damn, it's locked! We'll need a key to open this door.	啧，果然上锁了！我们得找到钥匙才能打开这扇大门。
gnome_room_guide_1_3	Earn keys by playing the game, and we'll take a look inside!	玩游戏来获得钥匙吧，然后我们就能进去调查了！
gnome_room_guide_2_1	Hey there! Quick, come in and investigate with me!	嘿，我们进来了！快来跟我一起调查！
gnome_room_guide_2_2	Choose a box to investigate with a magnifying glass.	选择一个纸箱，用放大镜好好检查一下！
gnome_room_guide_2_4	The Gnomes will be coming back soon, so let's explore as much as we can before time runs out!	地精随时可能回来！趁倒计时没结束，抓紧时间多多探索吧！
gnome_room_guide_3_1	Oh no! The Gnomes are coming back. We need to leave!	糟了！地精回来了，我们得赶紧离开了！
gnome_room_guide_3_2	Don't worry! Once you collect more keys, we can come back and continue exploring.	别担心！等我们再攒够钥匙，还能回来继续调查！
gnome_room_active_empty_hint	Empty!	空的!
gnome_room_convert_desc	Your remaining tools are converted to rewards:	你的剩余道具已被转化为奖励：
gnome_room_probability_empty	Empty	空
gnome_room_active_noitem_hint	Not enough tools!	工具不足！
room_prob_desc	The probability of winning each prize changes after each spin.	每次抽奖后，获得各奖品的概率会产生变化
common_reward_final	Big Prize	大奖
freefall_end_reward_desc	Your remaining moves have been converted to:	你的剩余步数已被转换为奖励：
freefall_invalid_move_hint	You can only merge items!	你只能进行合成操作！
freefall_no_move_hint	No more moves!	步数不足！
freefall_invalid_target_hint	Invalid target!	无法作用于该棋子！
freefall_no_target_hint	No available target!	没有可作用的棋子！
freefall_blast_win_guide_1	Wow! You've defeated all the monsters in my training grounds.	哇噢！你已经完成了所有的训练目标！
freefall_blast_win_guide_2	But if you're interested, there are still more monsters to fight!	不过别担心。如果你仍有兴趣，我这里还有更多的怪兽供你练习！
freefall_rainbow_item_guide_1	Tally-ho! You've found a rainbow magic gem!	天呐！你找到了一颗魔法彩虹宝石！
freefall_rainbow_item_guide_2	Swap it with any other item to increase the levels of all the items on the same chain!	将它和其它任意棋子交换，可以将目标棋子合成线上的所有棋子都提升1级！
freefall_blast_item_guide_1	Ah! The powerful magic ring!	啊！充满力量的魔法之戒！
freefall_blast_item_guide_2	We can use it to randomly increase some items' levels!	使用后可以随机将一些棋子的等级提升1级！
freefall_invalid_collect_hint	No monster match available! 	没有颜色匹配的怪兽！
item_2701_closed_desc	Contains generator pieces, coins and gems. Merge with another or tap to open!	包含母体棋子、金币和钻石。和另一个相同棋子合并或者点击打开！
item_2801_closed_desc	Contains generator pieces, coins and gems. Merge with another or tap to open!	包含母体棋子、金币和钻石。和另一个相同棋子合并或者点击打开！
item_2702_closed_desc	Contains many generator pieces, coins and gems.Tap to open!	包含大量的母体棋子、金币和钻石。点击打开！
item_2802_closed_desc	Contains many generator pieces, coins and gems. Tap to open!	包含大量的母体棋子、金币和钻石。点击打开！
item_2701_opening_desc	Contains generator pieces, coins and gems. Chest is currently opening.	包含母体棋子、金币和钻石。宝箱正在开启中。
item_2801_opening_desc	Contains generator pieces, coins and gems. Chest is currently opening.	包含母体棋子、金币和钻石。宝箱正在开启中。
item_2702_opening_desc	Contains many generator pieces, coins and gems.Chest is currently opening.	包含大量的母体棋子、金币和钻石。宝箱正在开启中。
item_2802_opening_desc	Contains many generator pieces, coins and gems.Chest is currently opening.	包含大量的母体棋子、金币和钻石。宝箱正在开启中。
item_2701_opened_desc	Contains generator pieces, coins and gems. Tap to dispense items!	包含母体棋子、金币和钻石。点击来生成棋子！
item_2801_opened_desc	Contains generator pieces, coins and gems. Tap to dispense items!	包含母体棋子、金币和钻石。点击来生成棋子！
item_2702_opened_desc	Contains many generator pieces, coins and gems. Tap to dispense items!	包含大量的母体棋子、金币和钻石。点击来生成棋子！
item_2802_opened_desc	Contains many generator pieces, coins and gems. Tap to dispense items!	包含大量的母体棋子、金币和钻石。点击来生成棋子！
item_2901_desc	Contains energy bottles of varying level. Tap to dispense items!	包含不同等级的能量瓶。点击来生成棋子！
summary_text_217_2	Sneaking past the mob outside, Crane pays Bruno a visit…	克雷恩偷偷避开人群，找到了布鲁诺……
summary_text_217_8	After a chat with the manager of Buoy Brew, Mark has a lead…	跟航海家酒吧的经理谈过之后，马克有了新线索……
summary_text_218_4	On their mission to distribute the Stink antidote, Sophia and Norman chat…	索菲娅和诺曼正在分发除臭药水，两人聊了起来……
summary_text_218_7	Frankie and Ramona go down a list of Crane's enemies…	弗兰基和蕾蒙娜拿到了一张名单，上面都是克雷恩的敌人……
summary_text_218_12	Returning from the spa trip with Carmen, Ziva receives unnerving call…	姬瓦刚刚结束和卡门的温泉之旅，却接到了意外来电……
summary_text_218_13	In the depths of the internet, BBD hosts a gaming livestream…	在网络世界的深处，大汉宝正在直播游戏……
summary_text_218_14	Frankie and Ramona take a break from work to chat…	弗兰基和蕾蒙娜暂停了调查，一边休息一边谈心……
summary_text_219	Having sent Olivia off to school, Quinn savors some downtime…	奎因送奥利维亚去上学后，享受了一段休息的时光……
summary_text_219_3	Amala and Harrison continue their communications…	阿玛拉和哈里森再次联系上……
summary_text_219_5	Ziva brings Riley some news about their project…	姬瓦告知了莱利项目的消息……
summary_text_219_9	Lori and Dom find themselves at an impasse…	罗莉和多姆的关系陷入僵局……
summary_text_219_12	Vance shows up to Sophia, Mark, and Norman's mission…	索菲娅、马克和诺曼正忙着，万斯突然找了过来……
summary_text_219_13	The Troll and BBD continue their duel of the egos…	喷子要和大汉宝继续他们赌上名誉的对决……
summary_text_220	A busy Saul spots a dejected Vance…	索尔正忙着小剧场的事，正好发现了沮丧的万斯……
summary_text_220_3	Lori turns to Carmen and Ziva for comfort…	罗莉找到了卡门和姬瓦寻求安慰……
summary_text_220_10	Frankie and Ramona have a new task…	弗兰基和蕾蒙娜有了新任务……
summary_text_220_12	Sophia tries to talk sense into a frantic Bruno…	索菲娅试图说服忙乱的布鲁诺……
summary_text_221	Vance meets Saul at the community theater for some advice…	万斯去社区剧团见到了索尔，希望能得到一些意见……
summary_text_221_5	Carmen and Lori visit Lloyd in hopes of a new perspective…	卡门和罗莉登门拜访劳埃德，寻求新的看法……
summary_text_221_9	After overhearing his phone call with Quinn, Amala approaches Saul…	在偷听了索尔和奎因的电话后，阿玛拉找到了索尔……
summary_text_221_10	Crane visits a paranoid Bruno…	克雷恩找到了惶恐不安的布鲁诺……
summary_text_221_17	The Troll and BBD gather their gear and prepare for their quest…	喷子和大汉宝在收集装备，准备下一场试炼……
summary_text_222	Sam and Sophia begin their recovery after a long night out…	在一夜狂欢后，山姆和索菲娅从宿醉中清醒过来……
summary_text_222_4	BBD goes live to hype up his followers ahead of the final trial…	最终的试炼在即，大汉宝直播预热……
summary_text_222_6	Ziva bumps into Sophia as she grabs a few hangover remedies…	索菲娅想缓解一下宿醉，正好碰到了姬瓦……
summary_text_222_8	Sam and Mark prepare for a well deserved quiet night in…	山姆和马克准备好好休息一晚……
summary_text_222_11	BBD recoils from his defeat in the dungeon…	大汉宝在游戏中被击败，他大为震撼……
summary_text_222_12	Colton faces the Troll and gives him a piece of his mind…	科尔顿找到了喷子，告诉对方自己的要求……
title_text_cyber	Cyberspace	网络空间
title_text_livestream	BBD's Livestream	大汉宝直播间
title_text_samhouse	Sam's House	山姆的家
title_text_mainhotel	A Mainland Hotel	某大陆酒店
title_text_theater	Community Theater	社区剧院
title_text_oliviaroom	Olivia's Room	奥利维亚的房间
task_217_1	A Similar Story	不忘初心
task_217_2	Under Siege	挑拨离间
task_217_3	Shadow Warrior	幽默哲学家
task_217_4	Drama Queen	扒一扒2.0
task_217_5	Triple Agent	三重间谍
task_217_6	Double Trouble	流言受害者
task_217_7	Relay	神秘信息
task_217_8	Patsies	分头行动
task_217_9	Convenient	喷子的解释
task_217_10	Savior	喷子的打算
task_217_11	Battle of the Century	网络大战
task_217_12	Razzle Dazzle	不速之客
task_217_13	Boyfriend Blues	为情所困
task_217_14	Pretty Distinctive	可疑之人
task_217_15	Legit Business	合法商贩
task_217_16	Bud	老铁
task_217_17	Alarm Bells	叮嘱
task_218_1	Spreading Wings	早起的鸟儿
task_218_2	Snake Bed	幻听疑云
task_218_3	Minor Migrane	八卦时刻
task_218_4	Old Dates	前约会对象
task_218_5	Forever the Junior	侦探游戏
task_218_6	Lingering Pauses	突破无门
task_218_7	List of Haters	坏蛋名单
task_218_8	Secret Ingredients	神秘菜谱
task_218_9	Moldable Minds	攻心战
task_218_10	A Stubborn Spark	固执的勇气
task_218_11	Spiralling Out	心烦意乱
task_218_12	The New Style	棘手消息
task_218_13	Deathmatch	排位对决
task_218_14	Pointers	家庭话题
task_218_15	A Familiar Face	闺蜜谈心
task_218_16	Messy Endings	烂桃花
task_218_17	A Fallen Star	过气网红
task_219_1	Bad Times	不好的预感
task_219_2	Civil War	网红托尼
task_219_3	In Our Hearts	担忧的哈里森
task_219_4	Accidents Happen	电缆故障
task_219_5	Deep Breaths	新的画风
task_219_6	Oopsies	事出蹊跷
task_219_7	Supporters	流言猖獗
task_219_8	Major Mishap	真朋友
task_219_9	Sugar Plum	我家小莉莉
task_219_10	Problem-solver	问题专家
task_219_11	Old Family Recipe	祖传菜谱
task_219_12	Quick Questions	简单的问题
task_219_13	No Way	不会收手
task_219_14	Second Opinion	寻求帮助
task_219_15	The Gauntlet	试炼
task_219_16	Drawing a Blank	毫无头绪
task_219_17	The Wringer	谣言四起
task_220_1	A Small Favor	一个小忙
task_220_2	Morbid Curiosity	病态的好奇心
task_220_3	The Final Straw	最后一根稻草
task_220_4	Super Special Project	大项目
task_220_5	Project Updates	任务汇报时间
task_220_6	Art Direction	艺术指导
task_220_7	Rooting For You	为你加油
task_220_8	Gauntlet Geek	赛博试炼
task_220_9	Heartbreaker	芳心纵火犯
task_220_10	Sheep in Wolf's Clothing	披着狼皮的羊
task_220_11	Love and Regrets	三角关系
task_220_12	Whodunnit to Bruno?	谁对布鲁诺下了手
task_220_13	Love and Excuses	爱与借口
task_220_14	Collaboration	小缪斯
task_220_15	Devious Device	噪音装置
task_220_16	Tony Trouble	托尼的怪招
task_220_17	Tony's Promises	托尼的承诺
task_221_1	Favorable Odds	试炼开始
task_221_2	The Hacker Trial	入侵比赛
task_221_3	Sorry Surprise	“惊喜”料理
task_221_4	Possible Outcomes	法神外婆
task_221_5	Wistful Doom	恋爱脑多姆
task_221_6	Bad Mom Club	不称职的妈妈
task_221_7	Wise Mom	母亲的智慧
task_221_8	Parent-Teacher Trap	家长和老师
task_221_9	Broken Securities	表明心意
task_221_10	In the Tall Grass	大胆蠢招
task_221_11	Tender Thoughts	过度反省
task_221_12	The Wanderer	怪咖托尼
task_221_13	New Leaf	重温母爱
task_221_14	Dour Duo	忧郁二人组
task_221_15	Strong Corner	奎因的后盾
task_221_16	Closing Reflections	身为人母
task_221_17	Unspoken Legends	传奇大神
task_222_1	Out of the Eye	歇业一天
task_222_2	The Comeback	三剑客回归
task_222_3	Lack of Faith	半场开香槟
task_222_4	Cry for Battle	战前宣言
task_222_5	The No Show	缺席的科尔
task_222_6	Morning Remidies	情感咨询
task_222_7	Popcorn Ready	严肃赛事
task_222_8	Simple Comforts	小确幸
task_222_9	The Final Trial	最终试炼
task_222_10	Tie Breaker	乱入者
task_222_11	The Magnate	大神的真身
task_222_12	The Winner's Request	胜者的要求
task_222_13	Stunned	试炼余波
task_222_14	Perfect Treat	独家冰淇淋
task_222_15	Lost Honor	再见，奎因
task_222_16	Winner's Circle	凯爷驾到
task_222_17	Complicated Ends	复杂心绪
break_cannotdelete_hint	This item cannot be deleted.	此物品无法删除
btn_tap_continue	Tap to Continue	点击继续
event_btn_ok	OK	好的
event_delete_desc	Are you sure?	确定吗？
event_delete_title	Are you sure you want to delete this item? It cannot be recovered.	确定要删除这个物品吗？删除后将不可撤回。
event_instruction_title	How the Event Works	活动规则
event_pre_countdown	Event starts in:	活动即将开始:
event_pre_start	Event starts!	活动开始!
event_ready_btn	Go!	冲!
general_reward_desc	Here's your prize!	这是你的奖励！
general_reward_title	Congratulations!	恭喜!
shopping_break_book_subtitle1	Memberships	会员
shopping_break_book_subtitle2	Payment	支付
shopping_break_book_subtitle4	Makeup	彩妆
shopping_break_book_subtitle3	Apparel	服饰
shopping_break_book_subtitle5	Jewelry	珠宝
shopping_break_complete_desc	Looks like you've found your grand prize! Continue to explore the board to earn more rewards!	看来你找到大奖了！继续探索棋盘，赢取更多奖励！
shopping_break_complete_title	Big Spender!	一掷千金!
shopping_break_desc	Drag cards to the cash register and get gift boxes. Use scissors to open the boxes and merge the items from them!	将银行卡拖到收银台并获得礼品盒。使用剪刀打开盒子，合并里面的物品!
shopping_break_fail_desc	The stores are closing and it's time to head home. Quinn and Amala are gonna try buying stuff online instead!	商店关门了，该回家了。奎因和阿玛拉打算试试网购!
shopping_break_fail_title	Event over!	活动结束!
shopping_break_guide_1_1	Hey! Wanna come shopping with us? I bet we can find something you'll like!	嘿！想和我们一起去购物吗？我打赌我们一定能找到你喜欢的东西！
shopping_break_guide_1_2	Drag cards to the cash register, and we'll get some gift boxes.	将银行卡拖拽至收银机，然后我们会获得一些购物礼盒。
shopping_break_guide_1_3	Then tap the gift boxes to open them with scissors. Some boxes may need more scissors!	然后点击礼盒，用剪刀来打开它。有些礼盒可能需要多把剪刀!
shopping_break_guide_1_4	You can earn more scissors by completing orders. More scissors mean more rewards!	你可以通过完成订单获得更多剪刀。通过更多剪刀获得更多奖励!
shopping_break_guide_2_1	This is the grand prize. Collect enough SVIP badges to earn it!	这是大奖。收集足够的SVIP徽章即可解锁！
shopping_break_guide_2_2	Oh, and here's an SVIP badge. Tap to collect it!	哇哦，这里有SVIP徽章。点击即可收集！
shopping_break_instruction_1	Drag cards to the cash register to get gift boxes.	将银行卡拖拽至收银机，获得购物礼盒
shopping_break_instruction_2	Earn scissors by completing orders and tap on gift boxes to open them.	通过订单获得剪刀，点击礼盒即可打开它们
shopping_break_instruction_3	Merge items from the gift boxes and collect SVIP badges to win rewards!	合成物品并点击收集SVIP徽章获得奖励
shopping_break_notenough_hint	Not enough scissors!	剪刀不足!
shopping_break_pre_desc	Quinn and Amala are going out for some much-needed retail therapy! Let's go with them!	奎因和阿玛拉要出去好好享受一番购物疗法！和她们一起去吧！
shopping_break_progress_hint	Merge to get SVIP badges and tap to collect them!	合并获得SVIP徽章，然后点击收集它们!
shopping_break_success_desc	Quinn and Amala are calling it quits before they max out their cards! But that was a great haul – they'll definitely be back.	奎因和阿玛拉打算在卡刷爆之前结束购物！不过这次收获可真大，她们一定会回来的。
shopping_break_success_title	Shopping Spree Sated!	满足的疯狂购物!
shopping_break_title	Besties' Shopping Day	死党购物日
shopping_break_tool_hint	Earn scissors by completing orders!	完成订单即可获得剪刀!
shopping_break_topitem_title	Super VIP Badge Found!	获得SVIP徽章!
shoppingBreak_book_title	Shopping Gallery	购物图鉴
title_grandprize	Grand Prize	终极大奖
mdnew_exit_check_title	Event Over!	活动已结束
mdnew_exit_check_desc	This is your last chance to redeem points for this event. Are you sure you want to exit?	这是最后一次使用活动代币的机会噢，确定要退出吗？
mdnew_exit_check_exit	Exit	退出
mdnew_exit_check_cancel	Back	返回
offer_sea	Bluewater Bundle	蔚蓝深海礼包
festivalAvenue_title	Lucky River	宝藏漂流
festivalAvenue_final_tag	Grand Prize	最终大奖
festivalAvenue_endless_desc	Collect tokens to win endless rewards!	持续参与活动，\n奖励无穷无尽！
festivalAvenue_token_desc	Collect <sprite="icon_avenue_festival" name="icon_avenue_festival"> to win rich prizes on the river!	收集<sprite="icon_avenue_festival" name="icon_avenue_festival">，赢取河流上的豪华奖励！
festivalAvenue_success_desc	Great work sweeping up all the river rewards! See you at the next event!	恭喜你获得河流上的全部奖励！下次见！
festivalAvenue_end_desc	Good job! See you!	感谢参与！下次见！
festivalAvenue_success_btn	Great	太棒了
festivalAvenue_end_btn	OK	好的
weekly_active_quest_star_delete_1	Falling Star!	陨落的星!
weekly_active_quest_star_delete_2	Uh oh! We lost a star for not completing enough of last week's Restaurant Goals.	哎呀！我们因为没有完成上周餐厅目标而丢了一颗星。
weekly_active_quest_star_guide_1_1	Check this out – you can earn a fabulous grand prize for earning three stars!	看看这个——赢得三颗星，你就可以赢得丰厚的大奖！
weekly_active_quest_star_guide_1_2	Finishing enough weekly tasks will earn us one star. Tap to check out what's inside the chest!	完成每周的任务即可获得一颗星。点击查看宝箱里有什么！
weekly_active_quest_star_guide_1_3	Keep accomplishing Restaurant Goals and we'll be able to earn the star – and more!	继续完成餐厅任务，我们就能赢得一个又一个星星！
weekly_active_quest_star_guide_2_1	Congratulations on your first star! You did a fantastic job this week – let's keep it up!	恭喜你获得第一颗星！你这周表现太棒了——继续加油！
weekly_active_quest_star_guide_2_2	Watch out – if you don't finish enough tasks next week, we'll lose a star. But if we succeed, we'll earn one more star!	注意——如果你下周没有完成足够多的任务，就会失去一颗星。但如果成功了，就能再赢一颗星！
weekly_active_quest_star_guide_2_3	Tap here to check the instructions at any time.	你可以随时点击此处查看规则。
weekly_active_quest_star_instru_1	Claim the final reward of the Restaurant Goals to earn stars!	领取餐厅任务的最终大奖来获得星星！
weekly_active_quest_star_instru_2	Collect three stars and earn a fabulous grand prize!	收集三颗星即可赢得丰厚大奖！
weekly_active_quest_star_instru_3	Watch out - you can lose a star if you don't claim the final reward!	注意——如果没有领取最终大奖，你会失去一颗星！
summary_text_223_3	Bruno receives a threatening phone call…	布鲁诺接到了一通威胁电话……
summary_text_223_5	Mark and Frankie meet up to discuss their missions…	马克和弗兰基见面，一起讨论各自的任务……
summary_text_223_10	Frankie tells Mark about a rumor about Bruno…	弗兰基将有关布鲁诺的传言告诉了马克……
summary_text_223_11	Bruno receives a call from an old friend…	布鲁诺收到了一通老朋友的电话……
summary_text_223_14	Mark and Frankie worry about the oncoming strorm…	马克和弗兰基为即将到来的风暴担忧不已……
summary_text_224_5	Quinn and Ramona arrive for a mother-daughter lunch…	奎因和蕾蒙娜母女俩一起吃了一顿饭……
summary_text_224_7	Bruno calls Crane for some advice…	布鲁诺打电话向克雷恩寻求建议……
summary_text_224_10	Quinn and Ramona's lunch hits an emotional hurdle…	奎因和蕾蒙娜的饭吃得不太顺心……
summary_text_224_11	Sophia follows Bruno into his office to get some answers…	索菲娅跟着布鲁诺去了他的办公室，发现了一些事情……
summary_text_224_14	Ramona tries to explain herself to Quinn…	蕾蒙娜试图向奎因做出解释……
summary_text_224_17	Quinn and Ramona try to fix things…	奎因和蕾蒙娜尝试重归于好……
summary_text_225_9	Frankie and Ramona discuss the big news…	弗兰基和蕾蒙娜一起讨论爆炸新闻……
summary_text_225_11	Riley arrives at the farm for their big portfolio meeting…	莱利到达了农场，准备讨论插画事宜……
task_223_1	Bad Feedback	DJ托尼
task_223_2	A New DJ	舞台恐惧症
task_223_3	Hide and Seek	威胁电话
task_223_4	Tony Talks	托尼首秀
task_223_5	Mission Update	警官交流
task_223_6	A Quiet Voice	柔声鼓励
task_223_7	Vance's Pitch	万斯的主意
task_223_8	A Little Culture	演出计划
task_223_9	Furry Discovery	流浪小猫
task_223_10	Crosshairs	反贪狙击
task_223_11	In the Heat	水深火热
task_223_12	Empty Handed	消失的猫妈妈
task_223_13	Funny Money	沉重打击
task_223_14	Oncoming Storm	风暴欲来
task_223_15	Blank Receipts	挪用公款
task_223_16	Kitten Therapy	小猫帮扶队
task_223_17	Under Wraps	展开调查
task_224_1	Call and Response	《托尼的烩客厅》
task_224_2	Touch of Culture	艺术氛围
task_224_3	Lunch Date	午餐邀约
task_224_4	Project Kitten	领养计划
task_224_5	A Private Lunch	往事重提
task_224_6	Breaktime Boogie	合适的剧目
task_224_7	Cutting Ties	决裂
task_224_8	Back to Classics	回归经典
task_224_9	Space Cats	宇宙猫猫
task_224_10	The Other Side	冒险人生
task_224_11	Follow the Leader	证据渐现
task_224_12	Music Education	听友点歌
task_224_13	Confidence Booster	画笔下的故事
task_224_14	More or Less	全是借口
task_224_15	Moving Lines	爱情独白
task_224_16	What to Do	下一步计划
task_224_17	Unmeant Words	各退一步
task_225_1	Money Woes	金钱去向
task_225_2	Morning Drop Off	猫爸猫妈
task_225_3	At the Bus Stop	相信自己
task_225_4	Fool in Love	傻傻的浪漫
task_225_5	Up in Arms	不知所踪
task_225_6	Toneroni's Take	《托尼说》
task_225_7	Into the Night	搜集线索
task_225_8	Stand-in Parents	猫咪过家家
task_225_9	Out of Control	失控的征兆
task_225_10	Covered Tracks	索菲娅暴怒
task_225_11	The Portfolio	成功交付
task_225_12	Small Edits	不安的万斯
task_225_13	Hot Grill	审问
task_225_14	System Error	广播开关
task_225_15	Jabbering Jaws	气氛愉快
task_225_16	No Moping	赶走郁闷
task_225_17	Cash Conundrum	金钱难题
ad_time_out_dialog_title	AD Error	广告错误
ad_time_out_dialog_message	Ad timeout, please click OK to claim the prize	广告超时，请点击确定领奖
ad_time_out_dialog_ok_btn	OK	确定
chest_customer_bubble_title_chestraccoon1	Trash King's Treat	宝箱浣熊
chest_customer_bubble_desc_chestraccoon1	Finish Trash King's order to earn extra rewards!	完成宝箱浣熊的订单来获得额外奖励！
chest_customer_bubble_title_chestraccoon2	Trash King's Gift	宝箱浣熊
chest_customer_bubble_desc_chestraccoon2	Finish Trash King's order to earn great extra rewards!	完成宝箱浣熊的订单来获得丰厚的额外奖励！
chest_customer_bubble_title_chestraccoon3	Trash King's Prize	宝箱浣熊
chest_customer_bubble_desc_chestraccoon3	Finish Trash King's order to earn awesome extra rewards!	完成宝箱浣熊的订单来获得超赞的额外奖励！
chest_customer_bubble_title_chestraccoon4	Trash King's Treasure	宝箱浣熊
chest_customer_bubble_desc_chestraccoon4	Finish Trash King's order to earn fabulous extra rewards!	完成宝箱浣熊的订单来获得豪华的额外奖励！
tutorial_chest_customer_1	Oh no, it’s Trash King! But…with a treasure chest?	哎呀，怎么来了只浣熊！慢着，它还抱着一个宝箱？
tutorial_chest_customer_2	A present from a raccoon must be lucky! Serve Trash King to earn extra rewards!	噢，这是非常罕见的宝箱浣熊！完成它的订单可以获得额外的奖励！
tutorial_chest_customer_3	Tap to learn more about Trash King’s treasure chests.	点击来查看更多有关宝箱浣熊的信息！
triggerPlane_title	Plane Parcels	​​空中补给站
triggerPlane_desc	Collect enough <sprite="icon_triggerplane_fuel" name="icon_triggerplane_fuel"> to activate a parcel drop! Get rewards from the planes flying by.	收集<sprite="icon_triggerplane_fuel" name="icon_triggerplane_fuel">来获得飞机奖励，收获从天而降的物资！
triggerPlane_reward_title	Reward Runway!	飞机抵达!
triggerPlane_reward_desc	Congratulations on making it this far! Here are your rewards for going the distance!	感谢你的努力！\n这是专属于你的物资飞机！
triggerPlane_complete_title	Perfect Landing	完美着陆
triggerPlane_complete_desc	Whoa, you've got all the plane parcels! See you next time!	太棒了，你获得了所有的物资奖励！下次再见！
triggerPlane_end_title	Final Descent	航班结束
triggerPlane_end_desc	You made it through the customer rush! See you next time!	你成功应对了客流高峰，下次再见！
triggerPlane_guide1	Oh boy! The restaurant is getting busy! We need to get more supplies, FAST!	天哪！餐厅客流突然暴增！我们需要尽快补充物资！
triggerPlane_guide2	Collect fuel from generators to have a plane drop off supplies.	点击母体棋子来收集汽油，飞机会为我们带来物资。
triggerplane_fuel_bubble	Earn <sprite="icon_triggerplane_fuel" name="icon_triggerplane_fuel"> by using energy to produce items!	消耗体力获得新棋子时获得<sprite="icon_triggerplane_fuel" name="icon_triggerplane_fuel">!
summary_text_226_3	At breakfast with Ziva, Carmen worries about the Festival…	卡门和姬瓦一起共进早餐，她十分担心赤脚节的事……
summary_text_226_5	Hoping to hatch a new plan, Sophia meets with a busy Ziva…	为了制定新的计划，索菲娅和忙碌的姬瓦见了面……
summary_text_226_14	Carmen and Ramona meet in a public place, ready to discuss secrets…	卡门和蕾蒙娜在一处公共场所碰面，要谈些不为人知的秘密……
summary_text_226_17	Bruno tries one last time to seek help in his time of need…	布鲁诺走投无路，决定抓住最后一根稻草……
summary_text_227_7	Riley meets Ziva for news on their art…	莱利和姬瓦碰面，得知了插画的新消息……
summary_text_228_4	In the middle of the school day, Saul receives a call…	索尔在上课期间，接到了一通电话……
summary_text_228_9	Lori and Lloyd have lunch together…	罗莉和劳埃德共进午餐……
summary_text_228_13	Amala checks in on Saul…	阿玛拉和索尔聊了聊……
summary_text_229_2	Lori pays an unusual, unannounced visit to the docks…	罗莉毫无预兆地造访码头……
summary_text_229_5	In the middle of class, Saul receives a panicked call…	索尔正在上课时，突然接到一通紧急电话……
summary_text_230_begin	A special TV broadcast greets Brimwave, promising change…	一场特别的电视广播唤醒了浪尾岛的清晨，宣布变革即将到来……
task_226_1	Adoption Posters	领养海报
task_226_2	Tony's Exclusive	猫咪专访
task_226_3	Brunch Talk	心甘情愿
task_226_4	Tit for Tat	家庭调解
task_226_5	Harmless Stalking	人肉搜索
task_226_6	An Olive Branch	握手言和
task_226_7	No More Questions	相信蕾蒙娜
task_226_8	Call for Aid	金钱求助
task_226_9	Errand to Run	领养代替购买
task_226_10	House Hubby	求婚备战
task_226_11	Lost and Found	意外来电
task_226_12	Dropping Eaves	真相大白
task_226_13	And Boom	采取行动
task_226_14	A New Partner	黑钱善用
task_226_15	Weak Straws	妥协的托尼
task_226_16	Itchy Situation	进退两难
task_226_17	Left Alone	孤立无援
task_227_1	Moping Spots	女儿的担忧
task_227_2	Terrible Idea	前尘往事
task_227_3	Capricorn Things	警探的素养
task_227_4	Strategy Call	蕾蒙娜的提议
task_227_5	Mr. Full Steam Ahead	重新考虑
task_227_6	Summoned	众人到齐
task_227_7	Good Hands	好消息
task_227_8	Mildred	米德里德
task_227_9	Purring Company	第一位领养人
task_227_10	The Downward Spiral	心灰意冷
task_227_11	Barnabas	巴纳巴斯
task_227_12	Seeing Double	双胞胎
task_227_13	Nasty Biz	打倒布鲁诺
task_227_14	Kid's Good	第二位领养人
task_227_15	Moneybags	任务安排
task_227_16	Vile Affiliations	不义之财
task_227_17	Lost Cause	无可救药
task_228_1	Checking In	消沉的多姆
task_228_2	Restless Morning	伊梅尔达的异状
task_228_3	Waiting for Justice	等不来的正义
task_228_4	Slow Your Roll	课间电话
task_228_5	Realistically Speaking	电话不停
task_228_6	Slipped My Mind	生日临近
task_228_7	Persistence	顽固的伊梅尔达
task_228_8	Motives Revealed	真正的动机
task_228_9	A Nice Time	惬意时光
task_228_10	Heating Up	愈演愈烈
task_228_11	Possibility	希望渺茫
task_228_12	Dropping By	出门走走
task_228_13	Work Day Woes	课间闲聊
task_228_14	Not a Fan	背叛之痛
task_228_15	The Right Thing	何去何从
task_228_16	Old Dog, New Cat	老人与猫
task_228_17	On His Tail	泡泡侦探事务所
task_229_1	Just Lunch	吃个饭而已
task_229_2	A Natural Fit	小猫的新家
task_229_3	Nodding Along	一头热
task_229_4	New Dawn	决心参选
task_229_5	Locking In	第二次课间来电
task_229_6	This Pressure	换一种方式
task_229_7	Sloppy	蕾蒙娜的看法
task_229_8	Silver Platter	先斩后奏
task_229_9	Just Nerves	求婚压力
task_229_10	Dead to Rights	法网恢恢
task_229_11	Wait And See	正义不缺席
task_229_12	Do or Die	不成功便成仁
task_229_13	Hark!	求婚大作战
task_229_14	Some Move	一场空
task_229_15	Opinions	火上浇油
task_229_16	Absolute Comedy	抓错人
task_229_17	What's Done	告一段落
roadstreak_title	Purrfect Progress	进度回馈
streak_intro	Meowow meow! 	喵~喵~
streak_remind	Unlock the VIP pass for extra exclusive rewards!	请先解锁这条通道
streak_task_gold	Collect {0} coins	收集{0}金币
streak_task_decor	Earn {0} event tokens	获得{0}活动代币
streak_task_card	Collect {0} cards	获得{0}卡牌
streak_task_card_4star	Collect 4-star cards	获得{0}张4星卡
streak_task_card_5star	Collect 5-star cards	获得{0}张5星卡
streak_task_dig	Use tools {0} times	使用{0}个工具
streak_task_farm	Use tools {0} times	使用{0}个工具
streak_task_freefall	Use tools {0} times	使用{0}个工具
streak_task_break	Use tools {0} times	使用{0}个工具
streak_task_merge_adv	Merge {0} items	合成{0}个棋子
streak_task_merge_mtb	Merge {0} items	合成{0}个棋子
streak_task_unlock_adv	Unlock this item	解锁该棋子
streak_task_unlock_mtb	Unlock this item	解锁该棋子
streak_intro_lock	Purchase to unlock the VIP pass!	购买来解锁VIP通道！
streak_intro_unlock	You've unlocked the VIP pass!	您已解锁全部通道！
streak_pay_desc	VIP	VIP
streak_end_desc	Event over!	活动结束!
streak_reward_intro	Complete tasks to get rewards!	完成任务来获取该奖励！
roadstreak_fail_desc_1	Looks like you didn't complete all the tasks! Try again next time.	很遗憾您没有完成全部任务，下次再来挑战吧！
roadstreak_success_desc_1	Congratulations! You unlocked all of the rewards!	恭喜您已获得全部奖励！
task_extra_reward_guide_1_1	The Story Rewards timer has started! Click here to check out the details!	限时任务奖励已经开启了，让我们点开看看细节。
task_extra_reward_guide_1_2	Complete the day's final task within the specified time to earn rewards!	只要在规定时间内完成这一天的最后一个任务，即可获得额外奖励哦。
task_extra_reward_tri_desc	Complete tasks and move to the next day within the specified time and earn rewards!	规定时间内完成一整天的任务，即可领取额外奖励。
task_extra_reward_tri_title	Story Rewards	限时任务奖励
gnome_room_score_desc	Your points will be reset every time you leave the hideout.	每当你离开据点，积分都会被清零。
gnome_room_active_infinite_reward	Infinite Rewards	无尽奖励
gnome_room_wait_success_desc	Explore further for endless rewards.	继续探索据点，获得无尽奖励！
gnome_room_guide_4_1	You can earn points by discovering items. Collect points to earn rewards!	发现宝物就能获得积分，收集积分来赢得奖励吧！
gnome_room_guide_4_2	Watch out, the clock is ticking! Your points will be reset every time we leave the hideout.	注意，时间有限！一旦我们离开据点，积分就会被清空。
gnome_room_guide_2_3	Cool, you've found an item, and scored good points!	太棒了，你发现了一个宝物，还获得了积分！
gnome_room_active_statues_bubble	Discover more Golden Gnomes to earn bigger and better rewards!	发现地精雕像来赢取阶段奖励!
reviewRace_title	Rave Reviews Race	好评竞速
reviewRace_desc	Collect <color=#f7ff28><size=45>{0}</size> </color> <sprite="icon_orderBoost" name="icon_orderBoost">  as fast as you can to earn rewards!	尽快集齐<color=#f7ff28><size=45>{0}</size> </color> <sprite="icon_orderBoost" name="icon_orderBoost"> 赢取额外大奖!
reviewRace_finish_desc	You crossed the finish line. Claim your Rave Reviews Pack now!	你已完成比赛，赶快领取你的好评大礼包吧!
reviewRace_lose_desc	Oops! Looks like you lost out on the rewards. Keep collecting  <sprite="icon_orderBoost" name="icon_orderBoost"> to earn the Rave Reviews Pack.	额外奖励已被你的对手领取。继续收集<sprite="icon_orderBoost" name="icon_orderBoost">完成好评如潮吧!
reviewRace_racer_tag	You	您
reviewRace_pro_title	Super Reviews Race	口碑达人竞速
reviewRace_pro_desc	Collect <color=#f37fff><size=45>{0}</size> </color> <sprite="icon_orderBoostPro" name="icon_orderBoostPro">  as fast as you can to beat the clock and earn rewards!	在限时内尽快集齐<color=#f37fff><size=45>{0}</size> </color><sprite="icon_orderBoostPro" name="icon_orderBoostPro"> 赢取额外大奖!
reviewRace_pro_finish_desc	You crossed the finish line. Claim your Super Rave Reviews Pack now!	你已完成比赛，\n赶快领取你的豪华好评礼包吧!
reviewRace_pro_lose_desc	Oops! Looks like you lost out on the rewards. Keep collecting  <sprite="icon_orderBoostPro" name="icon_orderBoostPro"> to earn the Super Rave Reviews Pack.	额外奖励已被你的对手领取。继续收集<sprite="icon_orderBoostPro" name="icon_orderBoostPro">完成口碑达人吧!
reviewRace_start_title_1	Rave Reviews	好评竞速
reviewRace_start_title_2	Race begins!	即刻出发
reviewRace_pro_start_title_1	Super Rave Reviews	口碑达人竞速
reviewRace_pro_start_title_2	Race begins!	即刻出发
ReviewRace_tutorial_1	We've launched a speedy competition for Rave Reviews!	我们加入了一场好评大比拼!
ReviewRace_tutorial_2	The faster you collect Reviews, the more generous bonus rewards you'll receive!	越快集齐笑脸，获得的额外奖励越丰厚!
ReviewRace_tutorial_3	Collect all of the Reviews to receive the Rave Reviews gift pack!	只要集齐笑脸，就可以获得好评大礼包!
reviewRace_start_desc	Collect {0} <sprite="icon_orderBoost" name="icon_orderBoost">  as fast as you can to earn rewards!	尽快集齐{0} <sprite="icon_orderBoost" name="icon_orderBoost"> 赢取额外大奖!
reviewRace_pro_start_desc	Collect {0} <sprite="icon_orderBoostPro" name="icon_orderBoostPro">  as fast as you can to beat the clock and earn rewards!	在限时内尽快集齐{0} <sprite="icon_orderBoostPro" name="icon_orderBoostPro"> 赢取额外大奖!
reviewRace_bubble_tip_1	You have gained positions!	你的排名上升了!
reviewRace_bubble_tip_2	You have been overtaken!	你被别人超越了!
order_boost_pro_reward_congrat_1	SUPER	豪 华
order_boost_pro_reward_congrat_2	Review Rewards!	奖励时间!
character_intimacy_ziva_idle_1	You're just the distraction I needed! I've been writing for hours.	你来得正好！我写了好几个小时的东西了，急需摸鱼！
character_intimacy_ziva_idle_2	Hold on – I need to bookmark my thought process.	等等，我得先把刚刚的灵感写下来。
character_intimacy_ziva_idle_3	Sorry about the mess, I'm in the middle of a manuscript.	桌子太乱别见怪，赶稿子呢。
character_intimacy_ziva_idle_4	Oh good, a visitor! I've been talking to myself and the wall all day.	快来和我聊聊天，我已经对着空气自言自语一整天了。
character_intimacy_ziva_idle_5	Don't be shy! Come in. Tell me your favorite story…	别害羞，进来吧。跟我说说你最喜欢哪个故事……
character_intimacy_ziva_idle_6	You like jazz?	你喜欢爵士乐吗？
character_intimacy_ziva_hello_midnight_1	Ah, I see the muses have you up late as well.	啊，看来你也半夜灵感爆发？
character_intimacy_ziva_hello_midnight_2	I get some of my best ideas after midnight.	我总在半夜突然冒出好多绝妙的点子。
character_intimacy_ziva_hello_midnight_3	Hmm, you know what we need? A warm drink.	你说我们是不是该来杯热乎乎的饮料？
character_intimacy_ziva_hello_morning_1	Another bright morning. Another blank page!	新的一天，新的一页！
character_intimacy_ziva_hello_morning_2	I had quite the dream last night. It could be a story…	我昨晚做了一个梦，也许能写成一个故事……
character_intimacy_ziva_hello_morning_3	My morning routine: coffee, brainstorm, write.	我的清晨三件套，永远都是咖啡、头脑风暴和写作。
character_intimacy_ziva_hello_afternoon_1	You know what this day needs? A good beach read.	你知道吗？今天特别适合读一本消遣的小说。
character_intimacy_ziva_hello_afternoon_2	I wasn't expecting a visit. How about we grab some lunch?	没想到会有客人来，一起吃个午餐如何？
character_intimacy_ziva_hello_afternoon_3	What a perfect day! Hold on, I need to write this down.	天气太棒了！等等，我得赶紧把这个记下来。
character_intimacy_ziva_hello_evening_1	Golden hour, the time of love and inspiration.	黄金时刻，爱与灵感的绽放时分。
character_intimacy_ziva_hello_evening_2	A toast to the day, and for the night ahead.	敬这美好的一天，也敬即将到来的夜晚。
character_intimacy_ziva_hello_evening_3	You're just in time, I was about to head to a little party!	来得正好！我正要去个小派对呢！
character_intimacy_ziva_hello_night_1	Ah, the night is still young and full of romance.	啊，夜色尚早，浪漫正浓。
character_intimacy_ziva_hello_night_2	Do you hear that? The night has a rhythm, let's see where it'll go.	你听到了吗？夜晚自有韵律，且随它起舞。
character_intimacy_ziva_hello_night_3	I know it's cliché, but I love writing.	虽是老生常谈，但我就是爱写作。
character_intimacy_ziva_gift_1	For me? You shouldn't have, but I'm happy you did.	给我的吗？你太客气了，但我很开心。
character_intimacy_ziva_gift_2	This is wonderful, thank you.	这太棒了，谢谢你！
character_intimacy_ziva_gift_3	You're too kind. Now I must return the gesture!	你太好啦，现在该轮到我回礼了！
character_intimacy_ziva_gift_4	Is it my birthday? Happy birthday to me!	今天是我生日吗？祝我生日快乐！
character_intimacy_ziva_gift_5	Really, you spoil me! I can't believe you got this for me.	你太宠我了！真不敢相信你为我准备了这些。
character_intimacy_ziva_gift_6	I love it! And I know exactly where I'll put it.	我超喜欢这个！我已经想好要把它放在哪儿了。
character_intimacy_ziva_gift_prefer_1	Well, you've just made my day. Thank you!	哇，你照亮了我的一天，谢谢你！
character_intimacy_ziva_gift_prefer_2	You've outwritten me with this one. I love it!	这篇你写得比我好多了，我超级喜欢！
character_intimacy_ziva_gift_prefer_3	What a thoughtful surprise. I see someone's read my bio page.	好贴心的惊喜，看来有人偷偷研究过我的个人资料。
character_intimacy_ziva_gift_prefer_4	Myself and the muses are grateful. Truly, thank you.	我和缪斯女神都很感激，真的谢谢你。
character_intimacy_ziva_gift_prefer_5	And I was in such a slump. Thanks for making this day better.	本来今天有些打不起精神，现在感觉好多啦，谢谢你。
character_intimacy_ziva_level_up_1	Looks like we've entered a new chapter – called friendship!	看起来我们的关系又更近一层了？
character_intimacy_ziva_level_up_2	You, my friend, were the unexpected plot twist I needed.	朋友，你简直是我的人生小说里最棒的神转折。
character_intimacy_ziva_level_up_3	Every protagonist needs a confidant, and I've found mine.	海内存知己，天涯若比邻。我终于找到自己的知己啦。
character_intimacy_ziva_level_up_4	Cheers! To new friends and new wild stories to tell!	干杯！敬新朋友，敬未来的狂野故事！
character_intimacy_ziva_level_up_5	Who needs a bestseller when I've got a best friend like you?	还追求什么畅销书？有你这样的朋友此生足矣。
character_intimacy_ziva_gift_ready_1	I couldn't help myself – I hope you like it.	我忍不住给你买了这个，希望你喜欢。
character_intimacy_ziva_gift_ready_2	Don't worry, it's just a little something that reminded me of you.	别客气，只是因为这个小玩意儿让我想起了你。
character_intimacy_ziva_gift_ready_3	You've inspired me, so I hope this inspires you too.	你总能启发我，希望这个也能给你灵感。
character_intimacy_ziva_gift_open_1	I knew it was perfect for you the moment I saw it. Enjoy!	第一眼看到它就觉得非你莫属，好好享受吧！
character_intimacy_ziva_gift_open_2	Oh, that smile is worth a million and more words.	啊，你的笑容可比千言万语都珍贵呢。
character_intimacy_ziva_gift_open_3	I knew it'd suit you! I hope you like it.	我就知道适合你！希望你喜欢这份礼物。
item_gift_ziva_1_name	Ziva's Vintage Stationery Set	姬瓦的复古珠宝盒
item_gift_ziva_1_desc	A reward box to spark inspiration.	可以激发创作灵感的奖励盒子。
character_story_ziva_1a_name	Appearances I	粉墨登场（一）
character_story_ziva_1a_scene	Soldale Convention Centre	苏达市会议中心
character_story_ziva_1a_intro	Years ago, at an event, Ziva takes a break after hours of signing books…	多年前的一个活动上，签售数小时的姬瓦终于得以小憩……
character_story_ziva_1b_name	Appearances II	粉墨登场（二）
character_story_ziva_1b_scene	Soldale Convention Centre	苏达市会议中心
character_story_ziva_1b_intro	Backstage, Lori ponders aloud what could make Ziva so anxious…	签售会后台，罗莉问姬瓦是什么让她如此烦心……
character_story_ziva_1c_name	Appearances III	粉墨登场（三）
character_story_ziva_1c_scene	Soldale Convention Centre	苏达市会议中心
character_story_ziva_1c_intro	Ziva prepares to go out and meet her biggest fan… 	姬瓦做好准备，要出去与她最热情的粉丝见面……
character_story_ziva_2a_name	Brimwave Beginnings I	浪尾岛的新居民（一）
character_story_ziva_2a_scene	Ziva's Office	姬瓦的办公室
character_story_ziva_2a_intro	As her book tour nears Brimwave, Ziva recounts the story of a chance encounter…	姬瓦的图书巡展即将去往浪尾岛，她提起一次美妙的邂逅……
character_story_ziva_2b_name	Brimwave Beginnings II	浪尾岛的新居民（二）
character_story_ziva_2b_scene	Ziva's Office	姬瓦的办公室
character_story_ziva_2b_intro	A mysterious phone call prompts an interesting move in Ziva's life…	一通神秘来电驱使姬瓦开启了生活的新篇章……
character_story_ziva_3a_name	Quiet Legacy I	静默的传承（一）
character_story_ziva_3a_scene	The Velvet Riff	丝绒即兴曲酒吧
character_story_ziva_3a_intro	While on a date, Ziva hears a song that reminds her of her father…	在一次约会时，一首熟悉的歌曲让姬瓦想起了父亲……
character_story_ziva_3b_name	Quiet Legacy II	静默的传承（二）
character_story_ziva_3b_scene	The Velvet Riff	丝绒即兴曲酒吧
character_story_ziva_3b_intro	Ziva reflects on her father's life and morals…	姬瓦追忆着父亲的生平，以及他崇高的艺术家信条……
character_story_ziva_3c_name	Quiet Legacy III	静默的传承（三）
character_story_ziva_3c_scene	The Velvet Riff	丝绒即兴曲酒吧
character_story_ziva_3c_intro	Ziva thinks back on how her decisions made her lose her way…	姬瓦回想自己的种种抉择，发现自己正处于难以抉择的人生岔路口……
character_ziva_moment_1_name	Absent Muses	缺席的缪斯
character_ziva_moment_1_desc	For years now, Ziva has quietly struggled with chronic, unrelenting writer's block.	这些年来，姬瓦一直被写作瓶颈所困，难以挣脱。
character_ziva_moment_2_name	At First Sight	人生若只如初见
character_ziva_moment_2_desc	Carmen was Ziva's fan for years, but neither knew that Ziva would quickly be Carmen's.	卡门是姬瓦的多年老粉，却不知自己也即将成为姬瓦的偶像。
character_ziva_moment_3_name	Musical Bonds	音乐纽带
character_ziva_moment_3_desc	Ziva and her father always connected over music.	姬瓦和她的父亲常常通过音乐心意相连。
character_intimacy_ziva_desc	Brimwave's most eccentric newcomer.	浪尾岛最乖僻的新居民。
character_intimacy_profile_ziva_job	Author, socialite, investor	作家、社会名流、投资家
character_intimacy_profile_ziva_relationship	Quinn's silent partner, Carmen's love interest	奎因的隐名合伙人、卡门的爱慕对象
character_intimacy_profile_ziva_like	Seared scallops, saxophone solos	香煎扇贝、萨克斯风独奏
character_intimacy_profile_ziva_dislike	Blended wine, bad plot twists	混合葡萄酒、糟糕的故事转折
character_intimacy_profile_ziva_story	Ziva made a big splash when she moved into Brimwave, and it’s no surprise, given that she's her generation’s top romance-thriller writer. Ziva is, as some say, the epitome of success – but her journey wasn’t easy, coming from a humble but wildly talented family. She is the only child of renowned jazz musicians Louis and Simone Bates. Ziva was determined to follow the same creative path her parents had paved – but found herself on an altogether more complicated one. She's achieved great success…but at what cost?	姬瓦搬到浪尾岛时引起了不小的轰动，这并不奇怪，她可是同代作家中最出色的浪漫惊悚小说写手。正如一些人所说，姬瓦是成功的典范，但她的成功之旅并非一片坦途。姬瓦出生于一个低调的艺术家家庭，她是著名爵士音乐家路易斯和西蒙娜·贝茨的独生女。因此，姬瓦本该继承父母衣钵，但她最终选择了一条更为坎坷的道路。她已经获得了伟大的成就，但……代价是什么呢？
ziva_intimacy_return_gift_title	Ziva'a Vintage Stationery Set	姬瓦的复古珠宝盒
ziva_intimacy_return_gift_desc	A reward box to spark inspiration. Tap to open!	激发灵感的奖励盒子。点击打开！
common_max_level	Max level	已满级
summary_text_230_5_end	Colton and Vance share breakfast, in shaky proposal solidarity…	同为求婚失败者的科尔顿和万斯一起吃了顿早餐……
summary_text_230_8_end	Vance reaches out to Saul in reflection…	万斯在思考过后联系了索尔……
summary_text_230_12_end	Lori and Lloyd enjoy each other's company…	罗莉和劳埃德享受着彼此的陪伴……
summary_text_231_9	As he's busy livestreaming, a visitor arrives at Colton's window…	科尔顿正忙着直播，一位不速之客突然来到他的窗前……
summary_text_231_17_end	Sam returns home from a hectic few days…	山姆结束了数日来繁忙的工作，回到了家……
summary_text_232_5	After an awkward morning, Sam tries to talk to Sophia…	经历尴尬的早晨后，山姆试着和索菲娅谈谈……
summary_text_232_10	Halfway through a horror film, Sophia shares her thoughts…	恐怖电影看到一半，索菲娅向山姆吐露心声……
summary_text_232_14_begin	Sophia scrolls through social media to deaden her brain…	索菲娅刷着社交媒体，放弃了思考……
summary_text_233_6_end	In search of answers, Imelda pays a long overdue visit…	为了寻找答案，伊梅尔达造访了老友……
summary_text_233_12_end	Vance awaits a woman he's been desperate to see…	万斯终于等到了那个让他魂牵梦绕的姑娘……
summary_text_233_14	Vance still can't believe his love has returned…	万斯仍不敢相信自己真的和挚爱复合了……
task_230_1	Specific Experience	既视感
task_230_2	Sleepy Fred	无趣的市长
task_230_3	Technically Missing	索菲娅失踪
task_230_4	A Dizzying Discovery	神秘发现
task_230_5	Two Nickels	同病相怜
task_230_6	The Siren Stones	塞壬石板
task_230_7	Host of Hopefuls	热门人选
task_230_8	Keep Going	索尔的鼓励
task_230_9	A Great Force	石板传说
task_230_10	Sand Aliens	沙滩绘画大赛
task_230_11	Dominion War	历史假设
task_230_12	Salt and Sea	老房子失火
task_230_13	Real Treasure	真正的宝藏
task_230_14	Tight-lipped	躁动不安
task_230_15	Not Aesthetic	诡异新动态
task_230_16	A Good Theory	臭鼬猿假说
task_230_17	Heading West	逃向西部
task_231_1	Brainpower	点子大王
task_231_2	Random Coincidence	病急乱投医
task_231_3	Everything's a Sign	坐立难安
task_231_4	Spreading Anxiety	焦虑蔓延
task_231_5	Game of Politics	政治博弈
task_231_6	Walls Up	母女间的心防
task_231_7	Playdate's Over	蕾蒙娜的人脉
task_231_8	Symbol Scramble	符号破译
task_231_9	Jumpscare	惊吓直播
task_231_10	Stone's Curse	草木皆兵
task_231_11	Robo-caller	自动拨号故障
task_231_12	Treasure Target	鬼打墙
task_231_13	Toneroni Tales	三个大厨
task_231_14	Signs in the Sand	沙滩怪圈
task_231_15	Network Homework	寻找索菲娅
task_231_16	Promising New Lead	蕾蒙娜的忠告
task_231_17	Surprise Guest	意外来客
task_232_1	Heebie Jeebies	岛神来电
task_232_2	Cuckoo Train	恐惧蔓延
task_232_3	Searching for Truth	《玄狐档案》
task_232_4	Spinning Theories	胡猜乱想
task_232_5	This or That	躺平的索菲娅
task_232_6	Great Minds	专家解读
task_232_7	Word of Mouth	消息证实
task_232_8	The Hermit	隐士巴尼
task_232_9	Time Bubble	时空气泡
task_232_10	Caving In	吐露心声
task_232_11	Clouded Intentions	针锋相对
task_232_12	Bad Omens	不祥的预兆
task_232_13	Puzzle Pieces	指鹿为马
task_232_14	Going Viral	索菲娅来电
task_232_15	Guilty Conscience	良心不安
task_232_16	Quick Skedaddle	古怪的伊梅尔达
task_232_17	Lost Suspicions	失落的宝藏
task_233_1	Morning Magic	魔术师的问候
task_233_2	Anomalies	岛神来电2.0
task_233_3	Academic Answers	科学解释
task_233_4	Out of Hiding	知心大叔
task_233_5	Part of the Plan	来得正巧
task_233_6	Translator's Notes	解密真相
task_233_7	Solo Affair	石板的渊源
task_233_8	Estela	利利的妹妹
task_233_9	Similar Interests	志趣相投
task_233_10	Baiting the Line	落入圈套
task_233_11	Checking In	信息同步
task_233_12	On the Grid	重归于好
task_233_13	Final Warning	奎因的警告
task_233_14	Small Interruption	小小的打扰
task_233_15	Delayed Drama	新旧三剑客
task_233_16	Sand Circles	乌龙怪圈
task_233_17	Like Old Times	破镜重圆
mineral_dig_instruction_1	Finish orders to get <sprite="icon_dig_tool" name="icon_dig_tool">	完成订单以获得<sprite="icon_dig_tool" name="icon_dig_tool">
common_event_tool_convert	Your remaining tools are converted to:	您剩余的工具已被转化为：
chipNpack_title_three	Three-Pack Gift	三连礼包
chipNpack_title_four	Four-Pack Gift	四连礼包
chipNpack_title_five	Five-Pack Gift	五连礼包
chipNpack_decs	Earn the grand prize by purchasing all gift packs!	购买所有礼包后免费领取终极大奖！
chipNpack_grand_reward	Grand Prize	终极大奖
chipNpack_progress	Purchase Progress: 	购买进度: 
chipNpack_hot_sale	<size=58>Hot</size>\n<size=38>Sale</size>	<size=58>超值</size>\n<size=38>热卖</size>
chipNpack_gift_num	Day {0}	第{0}天
chipNpack_gift_countdown	Unlocks in: 	距离解锁: 
chipNpack_gift_bought	Already Purchased	已购买
album_replay_btn	Restart	重集卡册
album_replay_title	Collection Recollection!	重新开启卡册!
album_replay_desc	Complete the card event one more time to earn big rewards!	再次完成收集并获得丰厚的奖励!
album_replay_notice	This will reset your card collection progress and star points!	如果重新开始卡册，你当前已获得的卡牌将被清空，且无法恢复。
album_replay_cancel_btn	Cancel	稍后再说
album_replay_notice_title	Warning	提示
album_replay_notice_desc	By restarting the Collection, you'll also lose your remaining {0} <sprite="icon_property" name="icon_star"> on duplicate cards. Do you want to visit the Star Store first to redeem them?	如果重新开始卡册，你当前已获得的卡牌将被清空。你还有{0}颗卡牌星星<sprite="icon_property" name="icon_star">未在星星小铺兑换，是否前往使用？
album_replay_notice_cancel	Redeem	前往兑换
album_replay_notice_confirm	Restart	重开卡册
album_replay_congrat_title	Album Restarted!	卡册刷新成功！
album_replay_congrat_desc	Here are some extra rewards to help restart your collection!	我们为你准备了惊喜礼物！
album_pack_expire_desc	Unopened card packs will expire when this Collection ends – open them before it's too late!	本届卡册结束后未开启卡包将失效消失，记得及时开启哦!
album_star_expire_desc	Card stars will be reset when this collection ends.	本届卡册结束后星星将被清空。
title_text_nearellsworth	Near Ellsworth Peak	埃尔沃思峰附近
title_text_barnicompound	Barni's Compound	巴尼的居所
time_4	That morning…	那天早上……
title_text_rally	A Campaign Rally	竞选集会
title_text_garden	Saltlook Botanical Gardens	盐港镇植物园
summary_text_234_3_end	Sophia and Vance prepare themselves for a normal day…	索菲娅和万斯准备好度过寻常的一天……
summary_text_234_9	Out on their very normal trip, Vance considers a question…	万斯在和索菲娅出游的途中，思考着一个问题……
summary_text_235_2_end	Frankie and Ramona chase down an elusive lead…	弗兰基和蕾蒙娜在追查一条模糊的线索……
summary_text_235_6_end	Frankie's old police partner comes through…	弗兰基的老搭档出手相助……
summary_text_235_8_end	Imelda faces a great temptation…	伊梅尔达面临着巨大的诱惑……
summary_text_236_begin	Imelda receives an unexpected call…	伊梅尔达接到了一通意料之外的电话……
summary_text_236_1_end	Frankie and Ramona sit on their plans for finding Barni…	弗兰基和蕾蒙娜暂时按下了寻找巴尼的计划……
summary_text_236_4	Imelda plans her retaliation against Crane's plans…	伊梅尔达正在策划反击克雷恩的阴谋……
summary_text_236_11_end	Team Imelda's plan is underway, with some unexpected surprises…	伊梅尔达团队正在计划选举，却发生了意想不到的事情……
summary_text_236_16_end	In her cash dilemma, Imelda picks Sophia's financial brain…	伊梅尔达身陷资金困境，她选择向索菲娅讨教财务问题……
summary_text_236_17_end	Ramona checks in on a frantic Frankie…	蕾蒙娜找到了焦头烂额的弗兰基……
summary_text_237_begin	Olivia has a burning question for Quinn…	奥利维亚问了奎因一个奇怪的问题……
summary_text_237_2_end	Lloyd and Dominic start a serious search…	劳埃德和多米尼克开始认真寻找……
summary_text_237_5_end	Weeks into her suspension, Frankie is starting to feel restless…	被停职数周后，弗兰基开始焦躁不安……
summary_text_237_8_end	Ramona finds the dynamic duo amidst their frantic search…	在二人找得焦头烂额时，蕾蒙娜来了……
summary_text_237_9	Frankie finds Colton trying out new things on his livestream…	弗兰基发现科尔顿正在直播新游戏……
summary_text_237_12_end	Imelda and Sophia attend their campaign launch…	伊梅尔达和索菲娅组织的竞选集会开始了……
summary_text_237_15	Imelda launches her campaign into a long-awaited mayoral dream…	伊梅尔达终于踏上了期待已久的市长竞选征程……
summary_text_237_16_end	The day goes long for the trio on the docks…	码头三人组度过了漫长的一天……
summary_text_237_17_end	Imelda's campaign has gotten off to a rough start…	伊梅尔达的竞选活动开局不利……
summary_text_238_begin	Frankie and Ramona get ready for the day ahead…	弗兰基和蕾蒙娜为新的一天做好了准备……
summary_text_238_2_end	At breakfast, Imelda and Norman catch up on the news…	早餐时，伊梅尔达和诺曼聊起了新闻……
summary_text_238_5_end	Frankie and Colton chat as they hike through the woods…	弗兰基和科尔顿一边徒步穿过树林，一边聊天……
summary_text_238_11_end	Colton and Frankie reach their destination…	科尔顿和弗兰基到达了目的地……
summary_text_238_14_end	Colton and Frankie seek Barni's insight…	科尔顿和弗兰基向巴尼询问……
summary_text_238_17_end	En route home, Colton and Frankie get a strange feeling…	回家的路上，科尔顿和弗兰基隐隐觉得被盯上了……
summary_text_239_1_end	Ramona's morning is disturbed by a phone call…	蕾蒙娜早上接到了一通电话……
summary_text_239_13_begin	Patrolling downtown, Sam and Mark have a serious talk…	在市区巡逻时，山姆和马克认真谈了谈……
summary_text_239_17_end	Feeling bold and vulnerable, Lloyd bears all…	劳埃德鼓起勇气，毫无保留地敞开心扉……
task_234_1	Open Doors	音乐厅开业
task_234_2	Likable Senses	好人缘山姆
task_234_3	Sweet Normalcy	甜蜜日常
task_234_4	Upcoming Release	新晋死党
task_234_5	Zero Distractions	专心致志
task_234_6	Next Steps	下一步计划
task_234_7	Well…	自信的弗兰基
task_234_8	New Priorities	分道扬镳
task_234_9	Simple Question	永远在一起
task_234_10	Long Division	各执一词
task_234_11	Cold Caller	乌龙电话
task_234_12	Accepting Reality	面对现实
task_234_13	Pizza Party	披萨派对
task_234_14	Old Crooner	老派情歌
task_234_15	Scientific Conclusion	太阳放屁
task_234_16	Happy Tears	幸福的眼泪
task_234_17	Taste for More	贪心不足
task_235_1	Fixer-Upper	旧房翻新
task_235_2	Cabin in the Woods	寻找隐士
task_235_3	Earful of History	耳福旧事
task_235_4	Shouts in the Void	朋克天堂
task_235_5	Girlbossing	女王归来
task_235_6	Sniffing Around	隐士行踪
task_235_7	Photographic Memory	遗忘的密码
task_235_8	Olive Branch	危险的诱惑
task_235_9	Massive Rock	“小石头”
task_235_10	Hunk of Metal	开锁无门
task_235_11	Extreme Passions	极端的热爱
task_235_12	Chasing Deadlines	时间紧迫
task_235_13	Casanova	花花公子
task_235_14	Guns Blazing	禁止掏枪
task_235_15	Thirty Years Ago	三十年前
task_235_16	Piece of Work	普通朋友
task_235_17	Micromanagement Heaven	天作之合
task_236_1	A Clear Path	行踪难觅
task_236_2	Punk's Not Dead	朋克不死
task_236_3	Date to Remember	废墟探险
task_236_4	Upfront Payment	先交钱后办事
task_236_5	New Recruit	消识之音
task_236_6	Juicy Updates	八卦交流
task_236_7	Brace for Impact	面对现实
task_236_8	Twice the Tony	托尼的新设备
task_236_9	Zipped Lips	解谜时间
task_236_10	Mnemonics	记忆宫殿
task_236_11	In Their Element	陌生邮件
task_236_12	She Never Asked	她也没问
task_236_13	Piece of Paper	珍贵的纸
task_236_14	Honest Feelings	面对自我
task_236_15	Schrodinger's Safe	解不开的密码
task_236_16	Digital Confusion	加密货币
task_236_17	Trial and Error	反复试错
task_237_1	Democratic Farce	坚守原则
task_237_2	Patience	劳埃德的宝藏
task_237_3	Money's Worth	电话不停
task_237_4	The Good Kid	乖宝宝
task_237_5	Look Up	焦虑难安
task_237_6	Mounting Concern	疑点重重
task_237_7	Finish Line	终将胜利
task_237_8	Junk Pile	垃圾堆寻宝
task_237_9	Old Partner	老搭档不再
task_237_10	Double Nope	密码难猜
task_237_11	Weird But Cool	吃瓜跟进
task_237_12	Warming Up	为竞选热身
task_237_13	Relic of the Past	老照片
task_237_14	Nostalgia	线索在往昔
task_237_15	Campaign Speech	演讲开始
task_237_16	Complicated	事与愿违
task_237_17	A New Page	新的对手
task_238_1	Workshop Radio	专属电台
task_238_2	Mystery Men	桃色新闻
task_238_3	Down to the Bone	敞开心扉
task_238_4	Docket Dilemma	意外来客
task_238_5	Business Casual	松弛就好
task_238_6	Sticking to the Plan	朋克男孩
task_238_7	Big No Thank You	市长奎因？
task_238_8	Cracking the Code	解密天才
task_238_9	Cheesers Radio	电台首秀
task_238_10	Some Breathing Room	无处可逃
task_238_11	The Other Spanallis	双胞胎
task_238_12	The Clean Up Crew	残局专家
task_238_13	Delayed Reaction	烦人的旧爱
task_238_14	An Escape Plan	逃跑一家人
task_238_15	Basic Description	弄巧成拙
task_238_16	A New Era	新的开始
task_238_17	The Woods at Night	危机重重
task_239_1	Ominous Caller	不祥的电话
task_239_2	Cracking the Code	破译密码
task_239_3	Inside the Safe	箱中秘密
task_239_4	Little Overthinker	坏消息预告
task_239_5	The Way to Success	人生导师托尼
task_239_6	Retro Favorites	怀旧玩具
task_239_7	A Quiet Aside	模范情侣
task_239_8	Lloyd's Secret Box	劳埃德的过去
task_239_9	One More Question	敞开心扉
task_239_10	Spinning Too Many Plates	大忙人索菲娅
task_239_11	Under the Bridge	重归于好
task_239_12	Surviving to Thrive	忙但快乐着
task_239_13	Out on Patrol	坦诚相对
task_239_14	A Little Too Late	为时已晚
task_239_15	In the Know	克雷恩的陷阱
task_239_16	Neck and Neck	神秘侦探
task_239_17	The Olive Theory	橄榄型人格
winterStickerboard_title	Ice Rescue	冰雪救援
winterStickerboard_pre_desc	At Olivia's insistence, Quinn's sponsoring a peculiar conservation project to rescue animals stuck in ice!	在奥利维亚的软磨硬泡下，奎因终于赞助了这个特别的保护项目：救援被困在冰块中的动物！
winterStickerboard_desc	Tap on snow to find <sprite="icon_sickerboard_rocket" name="icon_sickerboard_rocket">, then use those to save the animals!	点击雪地寻找<sprite="icon_sickerboard_rocket" name="icon_sickerboard_rocket">，解救动物并获得奖励吧！
winterStickerboard_sticker_bubble	Break the ice to save the animals!	击碎冰块来解救动物!
stickerboard_tool_bubble	How to earn tools:\n1. Complete customer orders\n2. Buy special packs	如何获得：\n1. 完成订单\n2. 购买限时礼包
Stickerboard_stage_title	Next Stage	下一阶段
Stickerboard_stage_desc	All items currently on the event board will be transferred to the next stage. 	当前棋盘上的物品将被带入下一阶段
Stickerboard_stage_confirm	OK	前往
Stickerboard_stage_hint	You can't go to the next stage now.	你不能前往下一阶段
winterStickerboard_reward_title	Icy Incentives	破冰奖励
winterStickerboard_reward_desc	Save animals to earn points and progress toward bigger rewards!	解救动物来获得积分并赢得大奖!
winterStickerboard_instruction_1	Complete orders to earn <sprite="icon_sickerboard_tool" name="icon_sickerboard_tool">.	完成订单获得<sprite="icon_sickerboard_tool" name="icon_sickerboard_tool">
winterStickerboard_instruction_2	Use <sprite="icon_sickerboard_tool" name="icon_sickerboard_tool">to dig snow and uncover <sprite="icon_sickerboard_rocket" name="icon_sickerboard_rocket">.	使用<sprite="icon_sickerboard_tool" name="icon_sickerboard_tool">挖掘雪地并找到<sprite="icon_sickerboard_rocket" name="icon_sickerboard_rocket">
winterStickerboard_instruction_3	Use <sprite="icon_sickerboard_rocket" name="icon_sickerboard_rocket">to break the ice and save the animals.	使用<sprite="icon_sickerboard_rocket" name="icon_sickerboard_rocket">击破冰块并解救动物
winterStickerboard_instruction_4	Earn rewards from each animal freed.	解救动物来获得奖励
winterStickerboard_success_title	Rescue Complete!	救援成功!
winterStickerboard_success_desc	The Ice Rescue operation was a great success, and all the animals are saved!	救援行动大获成功，所有动物都安全了!
winterStickerboard_end_desc	Looks like the rescue operation is coming to a close. Thanks for your help saving the animals!	看来救援行动已近尾声，感谢你对它们的帮助!
winterStickerboard_book_title	Frosty Resources	行动物资
winterStickerboard_book_subtitle1	Rescue Rockets	破冰火箭
winterStickerboard_book_subtitle2	Igloo Abode	温馨雪屋
winterStickerboard_book_subtitle3	Cozy Campfire	暖意篝火
winterStickerboard_book_subtitle4	Pretty Pine Leaves	松枝装饰
winterStickerboard_book_subtitle5	Nice Knitwear	毛绒装备
winterStickerboard_book_subtitle6	Stylish Snowmen	时尚雪人
winterStickerboard_book_subtitle7	Winter Flowers	冬日花朵
winterStickerboard_book_subtitle8	Ice Chests	冰封宝箱
winterStickerboard_guide_1_1	Here's where the rescue operation's happening. Cool, huh?	看，这里就是我们的救援行动现场。
winterStickerboard_guide_1_2	Oh no! That poor animal is stuck in the ice!	天哪！那只可怜的小动物被冻在冰块里了！
winterStickerboard_guide_1_3	Grab a shovel! We'll reach him by digging through the snow!	用铲子挖掘雪地来帮助它吧！
winterStickerboard_guide_2_1	Look! It's a rescue rocket. Tap to use it on the ice.	看，这是破冰火箭！对冰块使用它试试吧！
winterStickerboard_guide_2_2	It's unconventional, but it works! Let's find more to crack the ice.	虽然很不可思议，但很有效！继续寻找破冰火箭来击碎冰块吧！
winterStickerboard_guide_3_1	Look at that! We saved one of the animals!	快看！我们成功救下了一只小动物！
winterStickerboard_guide_3_2	If we save more of them, we'll earn rewards.	继续营救小动物，来赢取奖励吧！
winterStickerboard_guide_4_1	Oh wow, look! This must be a special kind of rocket. Tap to try it!	哇哦，快看！这个火箭很特别，点击试试！
winterStickerboard_guide_4_2	Amazing! It cleared all the ice from the board. Cool!	太神奇了！所有的冰块都碎裂了！真棒！
winterStickerboard_guide_5_1	Hey, look! There's a cave over there. Let's investigate!	看！这里有个山洞，我们继续向前探索吧！
underseaUpward_title	Jellyfish Jam	水母弹弹乐
underseaUpward_pre_desc	Join the Jellyfish Jam to win fantastic rewards!	参与水母弹弹乐大赛赢得豪华奖励！
underseaUpward_desc	Finish all <color=#ff7f29>{0}</color> levels to win the Grand Prize!	完成全部<color=#ff7f29>{0}</color>个水母关卡斩获大奖!
underseaUpward_complete_desc	Congrats to the final winners of the Jellyfish Jam!	所向披靡！恭喜水母弹弹乐大赛的最终赢家！
underseaUpward_end_desc	Don't worry! You can join the Jellyfish Jam next time!	水母弹弹乐大赛欢迎你的下次报名！
upward_icon_desc	Slots Left	剩余名额
upward_notice_1	Come on, half the slots are still open!	还剩一半晋级名额，加油！
upward_notice_2	Hurry! Only 5 slots are left!	仅剩5个晋级名额咯，抓紧时间！
upward_notice_3	Let's go! There's only 1 slot left!	仅剩1个晋级名额，冲刺！
upward_difficulty_select_1	Choose the difficulty and rewards.	选择比赛难度和奖励
upward_difficulty_select_2	The tougher the race, the greater the rewards!	难度越高，奖励越丰厚！
upward_easy	Easy	轻松
upward_middle	Normal	适中
upward_hard	Hard	挑战
upward_token_desc	Merge items and finish orders to earn <sprite="icon_upward1" name="icon_upward1">.	合成或完成订单获取<sprite="icon_upward1" name="icon_upward1">
upward_level_requirement	Only the <color=#ff18b6>FIRST <size=45>{0}</size></color> players to complete the level will advance!	仅<color=#ff18b6>前{0}</color>名完成关卡的选手有晋级资格
upward_guide_1	Merge items and finish orders to earn <sprite="icon_upward1" name="icon_upward1">.	合成或完成订单获取<sprite="icon_upward1" name="icon_upward1">
upward_guide_2	Each level has limited progress slots. The fastest players who collect all the points progress to the next level!	每一关的晋级名额有限，先集齐积分的玩家才能晋级到下一关哦!
upward_guide_3	Fantastic rewards are waiting for you at the end of the race!	豪华大奖在比赛终点等着你！
upward_level_congrat	Way to Go!	勇往直前！
upward_level_rank	Here's where you placed:	你的过关名次是:
upward_level_start_inquire	You've qualified for the next level! Do you want to proceed?	你获得了晋级下一关的资格，是否立即开启比赛？
upward_level_rest_btn	Later	休息一会
upward_level_play_btn	Go!	出发!
upward_level_start_btn	Start the Race	开始下一关
upward_rest_desc	The race won't start without you; tap above to start the next level!	休息好了就点击按钮开启下一关比赛吧！
upward_level_fail	Uh-oh! Too slow!	再快点就好了！
upward_level_fail_explain	All {0} slots are taken!	{0}个晋级名额都被抢光了！
upward_level_prize_progress	There are only {0} more levels to go!	还有{0}关就到了！
upward_level_restart_inquire	Want to try again?	越战越勇，重新开始本关比赛！
upward_final_congrat	Nice one!	完美通关!
upward_final_congrat_desc	Congrats! You won the Grand Prize!	恭喜你赢得最终大奖！
upward_race_ready	New round ready!	新一轮竞赛已就绪！
upward_tutorial_1	The Sky-High Scramble has begun! Here's how it works.	大赛开始！这是本关的积分目标！
upward_tutorial_2	You must complete the goals as fast as possible, or else you'll lose your slot to a faster player!	注意！你要尽可能快地完成积分目标，否则晋级名额会被比你快的对手抢光哦！
upward_tutorial_3	The remaining slots are shown here. So hurry and win your slot!	这里会展示剩余的晋级名额，现在抓紧出发吧！
upward_start_point_tag	START	起点
common_receive_reward	Received Rewards	获得奖励
streak_task_sticker	Use tools {0} times	使用{0}个工具
mapExplore_main_aim_tip	Explore the map to find Sam and collect all the <sprite="icon_explore_star" name="icon_explore_star"> to earn rewards!	探索森林找到山姆，收集全部<sprite="icon_explore_star" name="icon_explore_star">即可获得通关奖励!
mapExplore_unreachable_tip	Unreachable!	你还没有到达那里!
mapExplore_task_title	Mission Manual	任务手册
mapExplore_task_eventBook_tip	Merge items in your backpack to unlock the Quest Journal!	前往背包中合并物品并解锁图鉴!
mapExplore_want_more_title	Need more energy?	能量不足？
mapExplore_stay_btn	Return	继续探索
mapExplore_tutorial_1	Complete orders to earn <sprite="icon_explore_mapEnergy" name="icon_explore_mapEnergy">	完成订单赚取<sprite="icon_explore_mapEnergy" name="icon_explore_mapEnergy">
mapExplore_tutorial_3	Merge items in your backpack to earn more rewards!	在背包中合并棋子获取更多奖励！
farmboard_boost_guide_1	Whoa, look! Is that a booster button?	哇，看！这是一个助力按钮！
farmboard_boost_guide_2	This thing will give us a whole bunch of extra items – maybe even at higher levels! Try it!	开启助力消耗多个道具，能获得更高等级的物品哦！快试试吧！
farmboard_boost_hint_x1	Generator Booster is off.	工具助力关闭
farmboard_boost_hint_x2	Generator Booster X2 is on.	2倍工具助力开启
farmboard_boost_hint_x4	Generator Booster X4 is on.	4倍工具助力开启
album_open_next	Open Next Pack	开下一卡包
mapExplore_token_not_enough	Finish orders to get more energy!	体力不足! 完成订单赚取体力!
mapExplore_bubble_delete	Drag items to here to delete them.	将棋子拖拽到此处删除
player_info_avatar_title	Avatar	头像
player_info_frame_title	Frame	头像框
avatar_frame_display_title	New Avatar Frame unlocked!	新头像框已解锁!
avatar_frame_display_desc	Use the new Avatar Frame now?	要立即更换新头像框吗？
avatar_frame_display_change_button	Yes	更换
avatar_frame_display_close_button	Later	稍后
avatar_frame_guide1_1	You unlocked a new Avatar Frame! Try it on now!	你解锁了一个新头像框！快来试试看吧！
avatar_frame_guide1_2	Tap here to try it on.	点击这里换上头像框。
avatar_frame_guide1_3	Like it? Tap 'Save' to keep it on!	喜欢吗？点击“保存”来应用你的更改。
missionmedal_title	Medal Challenges	勋章挑战
mission_start_desc1	Lori and Ziva are celebrated icons on Brimwave…but perhaps there's room for another?	罗莉和姬瓦可是浪尾岛上荣誉等身的传奇人物！不过，也许你也不是等闲之辈？
mission_start_desc2	Starts now!	开始挑战！
mission_expired_icon_hint	Expired	已结束
mission_update_app_hint	Update Required	需要更新
mission_rule_desc	Complete big challenges to earn medals and win special rewards!	完成各项挑战来获得勋章和奖励！收集足够多的勋章即可赢得超级豪华大奖！
mission_expired_desc	This event has already ended.	这个活动已经结束
mission_update_app_desc	Update the game to unlock this mission!	更新游戏来开启这个活动
mission_missing_hint	Oops! This event is missing. Sorry!	抱歉！暂时找不到这个活动！
mission_unlocked_prompt_hint	New challenge unlocked!	新挑战已解锁！
mission_completed_prompt_hint	Challenge completed!	挑战已完成！
mission_all_clear_title	Medal Master!	勋章大师！
mission_all_clear_desc	Amazing work! Lori and Ziva aren't the only legends around here.	无与伦比！相信你会成为同罗莉和姬瓦一样闪耀的浪尾岛传奇！
missionmedal_end_title	Medal Challenges	勋章挑战
missionmedal_end_desc	This challenge period is over! See you in the next one for more glory and more rewards!	本届勋章挑战已结束！下届挑战将会更加精彩和刺激，敬请期待！
mission_end_progress_desc1	Medals Collected:	勋章已收集：
mission_end_progress_desc2	Event over!	挑战已结束！
mission_gold_1_name	Millionaire	百万富翁
mission_gold_2_name	Billionaire	千万富翁
mission_gold_3_name	Trillionaire	亿万富翁
mission_main_task_name	Chore Master	任务大师
mission_weekly_star_1_name	Star Collector	星星点点
mission_weekly_star_2_name	Star Hoarder	星光满天
mission_card_5star_1_name	High Roller	卡牌专家
mission_card_5star_2_name	Card Shark	卡牌大亨
mission_coin_race_level_name	Ziva's Favorite	姬瓦挑战
mission_wipeout_level_name	Harrison's Bro	哈里森挑战
mission_cash_dash_level_name	Lori's Protégé	罗莉挑战
mission_cooking_frenzy_ruby_name	Flaming Frenzy	火焰狂热
mission_mineral_level_name	Ace Explorer	头号挖掘家
mission_mineral_book_item_name	Seeker	掘地三尺
mission_mineral_book_any_name	Collector	深度挖掘
mission_farm_book_item_name	Farmer	小有收成
mission_farm_book_any_name	Harvester	五谷丰登
mission_adventure_book_item_name	Adventurer	冒险家
mission_adventure_book_any_name	Pioneer	开拓者
mission_mtb_book_item_name	Traveler	旅行家
mission_mtb_book_any_name	Voyager	穿越者
mission_pass_level_name	VIP	通行证
mission_main_deco_any_name	Full Set	收藏家
mission_gold_desc	Collect a total of <color=#58597e>{0}</color> coins	收集<color=#58597e>{0}</color>金币
mission_main_task_desc	Finish a total of <color=#58597e>{0}</color> chore tasks	完成<color=#58597e>{0}</color>个剧情任务
mission_weekly_star_desc	Collect <color=#58597e>{0}</color> stars in the weekly <color=#58597e>Restaurant Goals</color> event	从<color=#58597e>餐厅任务</color>活动中获得<color=#58597e>{0}</color>颗星星
mission_card_5star_desc	Collect <color=#58597e>{0}</color> 5-star cards in the Card Collection event	获得<color=#58597e>{0}</color>张5星卡牌
mission_coin_race_level_desc	Finish all rounds in <color=#58597e>Ziva's Goldrush</color> event	通关<color=#58597e>姬瓦的餐厅大赛</color>活动
mission_wipeout_level_desc	Finish all rounds in <color=#58597e>Harrison's Wipeout</color> event	通关<color=#58597e>海上大赢家</color>活动
mission_cash_dash_level_desc	Finish all rounds in <color=#58597e>Lori's Dough Derby</color> event	通关<color=#58597e>罗莉的金币竞赛</color>活动
mission_cooking_frenzy_ruby_desc	Reach the <color=#58597e>Ruby Flaming Frenzy</color> {0} times	在<color=#58597e>火焰狂热</color>活动中激活红宝石助力<color=#58597e>{0}</color>次
mission_mineral_level_desc	Finish all levels in the <color=#58597e>{0}</color> event	在<color=#58597e>{0}</color>活动中领取所有等级奖励
mission_mineral_book_item_desc	Unlock the final main item in the <color=#58597e>{0}</color> event	在<color=#58597e>{0}</color>活动中点亮这个棋子的图鉴
mission_mineral_book_any_desc	Unlock all items in the <color=#58597e>{0}</color> event	在<color=#58597e>{0}</color>活动中点亮所有棋子的图鉴
mission_farm_book_item_desc	Unlock the final main item in the <color=#58597e>{0}</color> event	在<color=#58597e>{0}</color>活动中点亮最高级主线棋子的图鉴
mission_farm_book_any_desc	Unlock all items in the <color=#58597e>{0}</color> event	在<color=#58597e>{0}</color>活动中点亮所有棋子的图鉴
mission_adventure_book_item_desc	Unlock the final main item in the <color=#58597e>{0}</color> event	在<color=#58597e>{0}</color>活动中点亮最高级主线棋子的图鉴
mission_adventure_book_any_desc	Unlock all items in the <color=#58597e>{0}</color> event	在<color=#58597e>{0}</color>活动中点亮所有棋子的图鉴
mission_mtb_book_item_desc	Unlock the final main item in the <color=#58597e>{0}</color> event	在<color=#58597e>{0}</color>活动中点亮最高级主线棋子的图鉴
mission_mtb_book_any_desc	Unlock all items in the <color=#58597e>{0}</color> event	在<color=#58597e>{0}</color>活动中点亮所有棋子的图鉴
mission_pass_level_desc	Reach VIP level <color=#58597e>{0}</color> in the <color=#58597e>{1}</color> 	在<color=#58597e>{1}</color>中达到<color=#58597e>{0}</color>级
mission_main_deco_any_desc	Collect all decorations in the <color=#58597e>{0}</color> event	在<color=#58597e>{0}</color>活动中集齐全部装饰物
mission_start_tutorial_1	Looking for fame, glory, and rewards? Try these challenges!	想要获得名誉和财富吗？很简单，完成这些挑战来证明你自己吧！
mission_start_tutorial_2	Tap to select a challenge.	点击来选择一项挑战。
mission_start_tutorial_3	Here are the detailed requirements and rewards of this challenge.	这里可以看到挑战的详细要求和奖励。
mission_start_tutorial_4	If you can finish enough challenges, the grand rewards will be yours!	完成足够多的挑战，大奖就是你的了。
mission_entry_tutorial_1	Just in case, here is how you can come back and check the challenges.	对了，你可以随时回来查看挑战详情。
mission_entry_tutorial_2	Tap the icon to check all the challenges!	只需点击这个入口就可以了。
offer_bfridayt	Digital Deals	超值大折扣
xmasstreak_title	Purrfect Progress	进度回馈
xmasstreak_fail_desc_1	Looks like you didn't complete all the tasks! Try again next time.	很遗憾您没有完成全部任务，下次再来挑战吧！
xmasstreak_success_desc_1	Congratulations! You unlocked all of the rewards!	恭喜您已获得全部奖励！
xmas2025Avenue_title	Workshop Wonders	惊喜传送带
xmas2025Avenue_final_tag	Grand Prize	最终大奖
xmas2025Avenue_token_desc	Collect <sprite="icon_avenue_token2" name="icon_avenue_token2"> to win rich prizes on the conveyor belt!	收集<sprite="icon_avenue_token2" name="icon_avenue_token2">，赢取传送带上的豪华奖励！
xmas2025Avenue_success_desc	Great work sweeping up all Santa's rewards! See you at the next event!	恭喜你获得传送带上的全部奖励！下次见！
xmas2025Avenue_end_desc	Good job! See you!	感谢参与！下次见！
xmas2025Avenue_success_btn	Great	太棒了
xmas2025Avenue_end_btn	OK	好的
item_main_crystal_ball_1_name	Crystal Ball	如意水晶球
item_main_crystal_ball_1_desc	A powerful item that grants the exact items you need to complete orders.	神奇的水晶球，可以产生当前订单需要的棋子。
btn_complete_2	Complete!	达成!
xmas2025Avenue_endless_desc	Collect tokens to win endless rewards!	持续参与活动，\n奖励无穷无尽！
time_5	That Morning…	那天早上……
title_text_marinerhotel	The Mariner's Rest Hotel	水手之憩酒店
title_text_earthamuseum	Eartha White Museum	艾莎·怀特博物馆
title_text_coffeecorner	Coffee Corner	咖啡角
summary_text_240_4_end	At breakfast with Norman, Imelda and Sophia endure another attack…	早餐时间，诺曼、伊梅尔达和索菲娅在讨论网上的又一轮攻击……
summary_text_240_16_end	Out with Mark, Sam gets distracted by a text from Sophia…	山姆和马克出门在外，索菲娅这时发来了一条信息……
summary_text_241_begin	Amala returns from a meeting with the Principal…	阿玛拉结束了和校长的谈话……
summary_text_241_3_end	Sophia brings together Imelda and Ramona for a brand-new campaign scheme…	索菲娅把全新的竞选方案告诉了伊梅尔达和蕾蒙娜……
summary_text_241_5_end	Ramona clears up her role in Imelda's campaign…	小分队讨论着蕾蒙娜在竞选中所担任的职责……
summary_text_241_6	Amala figures out what was bothering her about the good news…	阿玛拉诉说着好消息困扰自己的原因……
summary_text_241_9	Sam and Sophia try to forget their troubles and hang out downtown…	山姆和索菲娅想要忘记各自的烦恼，所以来到市中心放松……
summary_text_241_14	Sam and Sophia discuss their respective emotional predicaments…	山姆和索菲娅讨论起各自的情感困境……
summary_text_242_begin	Imelda and Ramona arrive at the start of their campaign trail…	伊梅尔达和蕾蒙娜开始了竞选活动……
summary_text_242_2_end	Sam and Sophia get ready to shop their worries away…	山姆和索菲娅准备去购物，排遣烦恼……
summary_text_242_4_end	Dominic tells Lloyd about his unlikely encounter…	多米尼克告诉劳埃德他不巧碰上了某人……
summary_text_242_7_end	After a successful afternoon, Ramona has some bad news… 	竞选活动成功完成，但蕾蒙娜带来了坏消息……
summary_text_242_9_end	Sam and Sophia continue their well-needed retail therapy…	山姆和索菲娅继续购物放松……
summary_text_242_11_end	Saul comes to Amala with a possible solution…	索尔跟阿玛拉谈论着他的解决方案……
summary_text_242_12_end	Imelda is riled up for her upcoming campaign speech…	伊梅尔达为即将开始的竞选演讲激动不已……
summary_text_242_15_end	Ramona calls Frankie with an interesting lead…	蕾蒙娜在电话中向弗兰基透露了一个有趣的线索……
summary_text_242_16_end	Sam takes Sophia to a record store for a trip down memory lane…	山姆带索菲娅去了一家唱片店，重温过去的时光……
summary_text_243_begin	Lori and Lloyd bond over breakfast…	罗莉和劳埃德一起共进早餐……
summary_text_243_3	After her latest speech, Imelda holds a Q&A…	结束了一场演讲后，伊梅尔达开始问答环节……
summary_text_243_6_end	Frankie tells Colton about Imelda's secret…	弗兰基跟科尔顿讨论起了伊梅尔达的秘密……
summary_text_243_7_end	After the movie, Lori and Lloyd get emotional…	看完电影，罗莉和劳埃德感慨不已……
summary_text_243_9_end	Imelda and Ramona prepare for her next speech…	伊梅尔达和蕾蒙娜正准备进行下一场演讲……
summary_text_243_14	Imelda catches Ramona at the end of her call…	伊梅尔达在蕾蒙娜打完电话后叫住了她……
summary_text_244_begin	Amala comes to Saul with a decision…	阿玛拉终于下定决心，她决定告诉索尔……
task_240_1	Breakfast Beginnings	一天的开始
task_240_2	Dream for Another Day	白日做梦
task_240_3	Distinguished Guest	不速之客
task_240_4	Ghastly Man	抹黑攻击
task_240_5	Poor Liar	心理攻防
task_240_6	Food Fundamentals	特制三明治
task_240_7	Slimy Man	卑鄙的男人
task_240_8	Secrets? What Secrets?	音乐厅的秘密
task_240_9	Highkey Stressed	托尼的提议
task_240_10	Task Ten	来得不巧
task_240_11	Girlboss Extraordinaire	惊喜嘉宾
task_240_12	More Tony	“托托”益善
task_240_13	Sidekicks	深陷谜局
task_240_14	Beside the Point	石板的力量
task_240_15	Keeping It Real	行动开始
task_240_16	Tight Schedule	二人世界
task_240_17	Lackeys	落后于人
task_241_1	Morning Meeting	清晨谈话
task_241_2	Ghost Kitchen	营业安排
task_241_3	Bodyguard	阴魂不散
task_241_4	Mysteries, Memories	大盗手记
task_241_5	Ramona's Role	蕾蒙娜的职责
task_241_6	Formal Process	公开关系
task_241_7	Lackadaisical Lad	一见钟情
task_241_8	Thicker than Water	“合格”的继父
task_241_9	Chill Pill	情感困境
task_241_10	Tony's Tony	托尼的回馈
task_241_11	Positive Attitude	伊梅尔达来电
task_241_12	Another Bruno	下一个布鲁诺
task_241_13	Stand Off	冤家路窄
task_241_14	Sitting Back	难兄难妹
task_241_15	Bane of my Existence	人生的灾星
task_241_16	Sworn Enemy	父女分歧
task_241_17	Smart Girl	母亲的看法
task_242_1	A Friend in Need	闺蜜的难题
task_242_2	Retail Therapy	购物放松
task_242_3	Questionable Hypotheticals	坐立不安
task_242_4	Manly Confrontations	像爷们一样
task_242_5	Light Reading	百密一疏
task_242_6	Little Happy Accidents	重启酒厂
task_242_7	Private Eyes	私家侦探
task_242_8	Blueberry Bliss	图书进度
task_242_9	Anxious Badass	穿皮衣的男子
task_242_10	The Third Side	父女对峙
task_242_11	Undeclared Romantics	未公开的关系
task_242_12	Sour Senses	转守为攻
task_242_13	Out in the Open	旧友谈心
task_242_14	Fried Day	炸物爱好者
task_242_15	Strategic Moves	蹊跷情报
task_242_16	Crate Digging Memories	尽在音乐中
task_242_17	A Fun Misdirection	患得患失
task_243_1	Visiting Hours	约定拜访
task_243_2	Morning Villainy	敌人再现
task_243_3	The Candidate's Speech	问答环节
task_243_4	Behind the Scenes	创作故事
task_243_5	Necessary Answers	小提琴的下落
task_243_6	Follow the Lead	追寻侦探
task_243_7	Extinguished Flames	旧日爱恋
task_243_8	Knock, Knock	寻找暗格
task_243_9	Parental Guidance	家长会议
task_243_10	Romantics and Realists	浪漫主义者
task_243_11	Bottom Dwellers	线索被夺
task_243_12	Buyer’s Remorse	多巴胺解法
task_243_13	Light Scolding	温柔的责备
task_243_14	The Goings On	询问近况
task_243_15	Too Many Trials	父亲的宽慰
task_243_16	A New Agenda	为了私利
task_243_17	Falling to Pieces	渐渐崩溃
puzzle_bfriday_title	Spring Festival Puzzle	春节拼图
puzzle_ready_desc	Let's have some simple fun completing Spring Festival puzzles!	让我们一起完成春节拼图，享受一些简单的乐趣吧！
tutorial_puzzle_1	Here we've got a new puzzle for Spring Festival. Let's solve it!	这里有一个春节特别拼图。我们来拼一拼吧！
summary_text_244_2_end	Sam & Mark and Vance & Sophia embark on their double date…	索菲娅和万斯跟“山马克”来了一场情侣约会……
summary_text_244_3_end	Frankie guides Colton to do her an urgent favor…	弗兰基让科尔顿帮她办一件很紧急的事……
summary_text_244_10	The double date gang moves onto their lunchtime specials…	两对情侣开始享用今日特餐……
task_244_1	Another Secret	另一个秘密
task_244_2	Vacation Day	约会日
task_244_3	Blue Binder	空管号码
task_244_4	Prank Show	再次合作
task_244_5	Super Duper Super You	成功出版
task_244_6	People Are People	人性如此
task_244_7	Friendship Is Magic	友谊就是魔法
task_244_8	Big Spread	慰劳大餐
task_244_9	Shadow Skulking	旧人相会
task_244_10	Junk Food & Pilates	友好交流
task_244_11	No Surprises	一切正常
task_244_12	Out of Earshot	母女谈心
task_244_13	Work First	工作优先
task_244_14	All Music	音乐是关键
task_244_15	Liftoff	庆功派对
task_244_16	Special Sparkle	喜事连连
task_244_17	No Clearance	罪人脱逃
avenue_stage_bubble	Reach milestones for extra rewards!	完成阶段目标来赢取额外奖励！
avenue_stage_complete_desc	Collect tokens to win endless rewards!	持续参与活动，\n奖励无穷无尽！
item_main_super_ball_1_name	Crystal Ball	如意水晶球
item_main_super_ball_1_desc	Generates items to help you complete your current orders!	神奇的水晶球，可以产生当前订单需要的棋子。
btn_confirm	Confirm	确认
btn_continue	Continue	继续
btn_end	Cancel	结束
general_grandprize_desc	You earned the Grand Prize!	你获得了大奖!
pairup_gift_title	Ticket Treasure	对对碰票券惊喜
pairup_add_desc	This is your one-time opportunity to get more!	本轮游戏仅有此一次补充机会
pairup_add_title	Need more Baubles?	是否补充圆球？
pairup_btn_start	Start	开始
pairup_convert_desc	Your unused tickets will be converted to:	未使用的票券将被转化为:
pairup_notenough	Not enough tickets!	票券不足!
pairup_roundend_desc	Stockings collected:	共收集圣诞袜：
pairup_roundend_title	Round Over!	本轮结束!
pairup_rule_1	Lucky	幸运色
pairup_rule_2	Pair	对碰
pairup_rule_3	Triple	三连
pairup_rule_4	Sweep	清台
xmas_pairup_desc	Earn <sprite="icon_pairup_ticket" name="icon_pairup_ticket"> by completing orders and use them to play the minigame; earn more Stockings to earn rewards!	完成订单即可获得<sprite="icon_pairup_ticket" name="icon_pairup_ticket">，使用它们来玩对对碰游戏，获得圣诞袜来赢取奖励！
xmas_pairup_fail_desc	Looks like there aren't enough stockings for everyone! Quinn will have to find other ways to give those gifts.	看来圣诞袜不够送给所有人了！奎因得想办法用其他方式送礼物了。
xmas_pairup_guide_1_1	We need lots of stockings to hold gifts for all our friends. Come join us! We're making a game of it.	我们需要很多圣诞袜来装送给朋友们的礼物。快来加入我们吧！我们把它变成了一个游戏。
xmas_pairup_guide_1_2	The game is all about pairing up the stockings. Tap here to check the rules!	游戏规则很简单，就是把圣诞袜配对。点击这里查看详细的规则！
xmas_pairup_guide_1_3	You don't need to memorize these rules – I'll help you! But you can check them at any time.	你不需要记住这些规则——我会帮助你！但你可以随时查看它们。
xmas_pairup_guide_1_4	Okay, ready? Let's play!	好了，准备好了吗？开始玩吧！
xmas_pairup_instr_1	You'll start the round with nine Baubles. Open them to find Stockings, and earn more Baubles if they trigger one of the following rules:	一轮游戏开始时你将拥有九个圆球，打开它们可以获得随机颜色的圣诞袜，如果触发以下规则之一，你还可以获得更多圆球：
xmas_pairup_instr_2_1	When the Stocking matches your lucky color	当圣诞袜与你所选的幸运色相同
xmas_pairup_instr_2_2	When two Stockings on the board match	当盘面上有两个相同颜色的圣诞袜
xmas_pairup_instr_2_3	When three Stockings in a line match	当盘面上有三个在同一条线上的相同颜色圣诞袜
xmas_pairup_instr_2_4	When all Stockings on the board are cleared	当盘面上所有圣诞袜被清空
xmas_pairup_instr_3	Collect Stockings to earn rewards!	收集圣诞袜来获得奖励！
xmas_pairup_picklucky	Choose a Lucky Stocking	选择一个幸运袜
xmas_pairup_pre_desc	Quinn and Olivia are playing a Christmas game. Join them as they prepare special gifts for all their friends!	奎因和奥利维亚正在玩圣诞游戏。快来加入她们，一起为朋友们准备特别的礼物吧！
xmas_pairup_success_desc	Quinn and Olivia have sorted all the special gifts into suitable stockings! It's going to be a lovely Christmas.	奎因和奥利维亚已经把所有礼物都装进了合适的圣诞袜里！这将是一个美好的圣诞节。
xmas_pairup_title	Stocking Sets	圣诞袜对对碰
contiorders_desc	Complete these five special orders within the time limit to win the Grand Prize!	在规定时间内完成五个特殊订单，即可赢得大奖！
contiorders_fail_desc	Uh-oh! Looks like you didn't finish the special orders in time. Better luck next time!	糟糕！看来你没能及时完成这些订单。下次好运吧！
contiorders_success_desc	Amazing work! You completed all the special orders and won the Grand Prize!	太棒了！你完成了所有订单，赢得了大奖！
contiorders_title	Stacking Prizes	礼物叠叠
event_over_title	Event Over!	活动结束!
board_reward_locked_hint	Merge items near the reward to unlock!	在奖励旁进行合成来解锁它！
common_reward_unlocked_title	Rewards Unlocked!	奖励已解锁！
title_grand_prize	Grand Prize	终极\n大奖
letter_content_callname1	Dear player,	亲爱的玩家，
letter_content_callname2	Dear {0},	亲爱的{0}，
letter_content_signature	– The Gossip Harbor Team, xoxo	爱你的：绯闻港口团队
letter_btn1	OK	太棒了
winterTokenChain_title	Winter Path Gifts	冬日赠礼
TokenChain_final_prize_title	Final Rewards	大奖
TokenChain_free_node_btn	FREE	免费
TokenChain_desc	Collect <sprite="icon_tokenchain_token" name="icon_tokenchain_token"> by tapping on generators, spend them to unlock rewards!	点击母体棋子获得<sprite="icon_tokenchain_token" name="icon_tokenchain_token">，用它们来解锁奖励吧！
TokenChain_notenough	Earn more <sprite="icon_tokenchain_token" name="icon_tokenchain_token"> to unlock!	收集更多<sprite="icon_tokenchain_token" name="icon_tokenchain_token">解锁
winterTokenChain_complete_desc	That's all the winter gifts there are to collect! Enjoy!	你获得了所有的冬日赠礼！尽情享受吧！
winterTokenChain_end_desc	Didn't get enough winter gifts? There's always next time!	没拿够奖励吗？没关系，我们下次再见！
TokenChain_confirm_title	Last Chance	最后机会
TokenChain_confirm_desc	This is the last chance to spend the <sprite="icon_tokenchain_token" name="icon_tokenchain_token"> you earned for this event. Do you still want to quit?	这是本次活动中使用<sprite="icon_tokenchain_token" name="icon_tokenchain_token">的最后机会。确定要退出吗？
TokenChain_confirm_yes_btn	Quit	退出
TokenChain_confirm_no_btn	Return	返回
TokenChain_lock	Locked	锁定
winterTokenChain_complete_desc1	Path Completed!	路径已完成!
item_main_xmas_cake_a_1_name	Merry Celebrations Cake	节日庆典蛋糕
item_main_xmas_cake_b_1_name	Merry Celebrations Cake	节日庆典蛋糕
item_main_xmas_cake_c_1_name	Merry Celebrations Cake	节日庆典蛋糕
item_main_xmas_cake_d_1_name	Merry Celebrations Cake	节日庆典蛋糕
item_main_xmas_cake_e_1_name	Merry Celebrations Cake	节日庆典蛋糕
item_main_xmas_cake_a_1_desc	Celebrate the holidays with a tasty slice of cake!	畅享美味蛋糕，共度美好时光！
item_main_xmas_cake_b_1_desc	Celebrate the holidays with a tasty slice of cake!	畅享美味蛋糕，共度美好时光！
item_main_xmas_cake_c_1_desc	Celebrate the holidays with a tasty slice of cake!	畅享美味蛋糕，共度美好时光！
item_main_xmas_cake_d_1_desc	Celebrate the holidays with a tasty slice of cake!	畅享美味蛋糕，共度美好时光！
item_main_xmas_cake_e_1_desc	The party is almost over! Enjoy the last slice of celebration cake!	庆典即将结束！请好好享用最后一块蛋糕吧！
global_minor_age_choice_title	Please select your age	请选择你的年龄
global_minor_age_choice_minor	I am under {0} years old	我未满{0}岁
global_minor_age_choice_adult	I am over {0} years old	我已满{0}岁
global_minor_age_choice_confirm	Confirm	确认
global_minor_double_check_title	Protection of Minors	未成年人保护
global_minor_double_check_desc1	If you are a minor, according to your local laws and regulations, you cannot access the game without explicit consent from your legal guardian.	若根据您所在地区法律法规要求您属于未成年人/儿童，在得到您的法定监护人明确同意前，您将无法进入游戏。
global_minor_double_check_desc2	Please confirm your age selection is correct.	请确认您选择的年龄信息无误。
global_minor_double_check_cancel	Cancel	取消
global_minor_double_check_confirm	Confirm	确认
global_minor_ban_title	Confirmation	请确认
global_minor_ban_desc	Based on your selected age and relevant laws, you are considered a minor. As a result, you are not permitted to use our service without explicit authorization from your legal guardian. Please consult with your legal guardian.	根据您选择的年龄以及您所在地区的法律法规，您属于未成年人/儿童，在得到您的法定监护人明确同意前，您将无法进入游戏。请与您的法定监护人确认。
global_minor_ban_exit	Exit	退出
global_minor_ban_contact	Contact Us	联系我们
summary_text_245_6_end	A frustrated Frankie returns from her mission to capture Bruno…	弗兰基抓捕布鲁诺失败，沮丧而归……
summary_text_245_14	Frankie hopes Colton will raise her spirits…	弗兰基希望科尔顿能懂她的失落，但是……
summary_text_246_begin	Lori, Carmen and Ziva start the day off with breakfast and blues…	罗莉、卡门和姬瓦一起吃早餐，但其中一人却心事重重……
summary_text_247_2_end	Colton wakes to find that Frankie's already getting ready…	科尔顿醒来发现弗兰基已经蓄势待发……
summary_text_247_8	Frankie tracks down Imelda for a confrontation…	弗兰基找到伊梅尔达当面质问……
summary_text_247_12_end	Sophia and Vance prepare to spend a rare evening off together…	索菲娅难得休息，准备和万斯共度一个美好的夜晚……
summary_text_247_14_end	Mark receives a dispatch about a troublemaker at the docks…	马克接到一则报案，一位醉酒者正在码头闹事……
summary_text_247_17_end	Ramona arrives back to find Frankie in a mood…	蕾蒙娜回到家中，发现弗兰基心情不佳……
summary_text_248_2_end	Frankie tries meeting with Mark to relocate her passion…	弗兰基和马克见面，想要重新振作……
summary_text_248_7_end	Frankie continues her search for passion, this time with Colton…	弗兰基继续研究让自己振作起来的方法，这次是和科尔顿……
summary_text_248_16_end	Frankie finds herself close to rock bottom…	弗兰基发现自己已经跌入谷底……
task_245_1	Creed Day	阿特拉斯日
task_245_2	A Moment to Overthink	头脑过载
task_245_3	Introducing…	巨星来了
task_245_4	An Early Christmas	圣诞礼物
task_245_5	A Natural Shredder	未来吉他手
task_245_6	Broken Bull	失意的弗兰基
task_245_7	Family Dinner	托尼的心声
task_245_8	The Road to Brimwave	巡演逸闻
task_245_9	On Schedule	行程紧迫
task_245_10	Proven Hogwash	对峙
task_245_11	Tight Tensions	波涛暗涌
task_245_12	Dust in the Closet	母女连心
task_245_13	Secret Dealings	妈妈的心意
task_245_14	The Closed Loop	备受打击
task_245_15	Motherly Ways	母性本能
task_245_16	Small Hurdles	小小波折
task_245_17	The One and Only Tony	新厨子
task_246_1	Tone Deaf	束手无策
task_246_2	The Very Hungry Judge	美食评委
task_246_3	A String Duet	卡门来访
task_246_4	Inharmonious Measures	不和谐乐章
task_246_5	A Funky Funk	跌落谷底
task_246_6	Kitchen Talk	逃避
task_246_7	Delightful Delegation	音乐天赋
task_246_8	What a Relief	浮雕之谜
task_246_9	The Atlas Touch	阿特拉斯的尝试
task_246_10	The Mystery Diner	神秘食客
task_246_11	Dust Particles	灰尘迷眼
task_246_12	An Eye for Design	更狂更炸
task_246_13	Secret Dealings	争吵升级
task_246_14	The Moodiest Blues	忧郁蓝调
task_246_15	A Civil Household	貌合神离
task_246_16	Seafood Special	特制海鲜拼盘
task_246_17	An Epilogue	新的篇章
task_247_1	Trooper	清晨的争吵
task_247_2	The Real Frankie	无法停歇
task_247_3	Creative Liberties	音乐需要发挥
task_247_4	Change of Scenery	换个环境
task_247_5	Kitchen Cover	厨房谈话
task_247_6	Diva-off	耍大牌
task_247_7	Hidden Skills	隐藏技能
task_247_8	High Pressure	转移矛盾
task_247_9	Good Old Days	美好旧时光
task_247_10	Wild Goose Chase	徒劳无功
task_247_11	Pizza Proposal	特制披萨
task_247_12	Octopus Trial	迷路的大明星
task_247_13	Hidden Gifts	礼物的去向
task_247_14	Drunk and Disorderly	醉酒闹事
task_247_15	Double Admission	反目成仇
task_247_16	Black Magic	操弄人心
task_247_17	Cards on the Table	分道扬镳
task_248_1	Familiar Face	托尼大闯关
task_248_2	First Impressions	第一印象
task_248_3	Burnout	信任的乐章
task_248_4	Linger and Listen	四处捣乱的巨星
task_248_5	The Last Straw	忍无可忍
task_248_6	Concrete Wall	山姆的决定
task_248_7	Cahoots	陷入迷茫
task_248_8	Planted Seed	怀疑的种子
task_248_9	Star Status	惨遭无视
task_248_10	Judge and Jury	发现天堂
task_248_11	Aloof Armor	冷漠的盔甲
task_248_12	Reintroductions	重新介绍
task_248_13	Self-criticism	完美的演奏
task_248_14	Plot Device	神秘装置
task_248_15	Puzzle Piece	拼图碎片
task_248_16	Spitting Image	旧人重现
task_248_17	The Kingdom	厨房王国
tutorial_seafood_1_1	Ah, this customer is craving some seafood! Let's learn how to prep the dish!	看，这个顾客需要一份海鲜！让我们来学习下如何制作吧！
tutorial_seafood_1_2	First, tap the Fish Net to produce some raw seafood!	首先点击渔网来产生一些生海鲜！
tutorial_seafood_2_1	Wow! You now have a whole plate of Prepped Seafood!	哇哦！你现在有满满一整盘生海鲜了！
tutorial_seafood_2_2	Tap it to produce scrumptious seafood! But remember that it has a limited number of taps.	点击来产生美味的海鲜食物！不过要注意了，它可是有使用次数的哦！
weekly_active_bonus_star_title	Win Streak Star!	连胜星星奖励！
weekly_active_bonus_star_guide	Wow! Here is a bonus star for your win streak! Keep it up!	恭喜你取得三连胜！这里是一颗免费的星星奖励，继续加油吧！
drill_combo_title	Drilling Derby	矿工派对
drill_combo_pre_desc	Quinn and Harrison are getting a little carried away with landscaping!	来进行一场激烈的矿工大赛吧!
drill_combo_desc	Collect drills to win and keep your winning streak for greater rewards!	收集钻头赢得比赛！保持连胜积分翻倍！
drill_combo_current_multiplier	Current Multiplier : {0}	当前倍数 : {0}
drill_combo_multiplier_desc	Win matches to increase your multiplier! Lose a match and it'll reset.	赢得比赛倍数升级! 输掉比赛回到1倍!
drill_combo_start_btn	Start	冲!
drill_combo_rest_btn	Later	休息一下
drill_combo_player_tag	You	您
drill_combo_win_desc	The first <color=#ffc528>{0}</color> players to reach the finish line will win the race and earn a reward!	先到达终点的<color=#ffc528>{0}</color>名玩家将赢得比赛并获得奖励!
drill_combo_reward_congrat	Congratulations!	恭喜你赢得比赛!
drill_combo_fail	Race Over!	遗憾落败!
drill_combo_avenue_title	The Piercer's Path	宝石之路
drill_combo_reward_token_desc	Collect gemstones to win dazzling rewards!	收集宝石赢取豪华奖励！
drill_combo_instruction_1	Complete orders and collect <sprite="icon_combo_drill" name="icon_combo_drill"> to win the match!	合并或完成订单获取<sprite="icon_combo_drill" name="icon_combo_drill">赢得比赛!
drill_combo_instruction_2	Win several matches in a row to level up your reward multiplier!	连续获胜升级积分奖励倍数!
drill_combo_instruction_3	Earn dazzling rewards on The Piercer's Path!	在宝石之路上获取豪华奖励!
drill_combo_max_multiplier_desc	Win continuous matches to maintain the MAX multiplier! Lose a match and it'll reset.	赢得比赛维持当前的最高倍数! 输掉比赛回到1倍!
drill_combo_end_desc	What a thrilling drilling derby! See you at the next one!	真是酣畅淋漓的比赛! 下次见!
drill_combo_guide_1	The Derby has begun! Collect drills to dig and race to the finish line.	比赛开始了，尽快收集钻头挖到终点！
drill_combo_guide_2	There are prizes for each round – first come, first served!	这是本轮比赛的奖品，一人一份，先到先得哦！
drill_combo_guide_3	Accumulate points and use them to unlock rewards.	比赛获得的奖品积分将在此累积并解锁奖励！
drill_combo_guide_4	Multiplier upgraded! Win this round to earn a bigger prize!	积分倍数升级！赢得本轮比赛，就能获得{0}倍的积分哦！
loading_tips_3	Scissors can be merged to stack their uses!	剪刀可以合并哦！
mapExplore_main_task_title	Mission Control	任务中心
bubble_complete_btn	Complete!	立即完成
mapExplore_tutorial_2	Use <sprite="icon_explore_mapEnergy" name="icon_explore_mapEnergy"> to clear obstacles, complete missions, and earn rewards!	消耗<sprite="icon_explore_mapEnergy" name="icon_explore_mapEnergy">清除障碍，完成任务赢得宝藏!
item_main_hallow_book_1_name	Book of Spooks	怪异书籍
item_main_hallow_ball_1_name	The Mage's Fortune	魔力水晶球
generatorBoost_title	Generator Enhancer	闪亮助力
generatorBoost_desc	Finish tasks to activate special buffs that enhance your generators!	完成任务，激活增强母体棋子的特殊助力！
generatorBoost_buff_desc	Finish {0}: {1}	完成{0}个任务：{1}
generatorBoost_buff_desc_nocd	Remove generator cooldown.	移除母体棋子的冷却时间
generatorBoost_buff_desc_smartProduce	Produce order-specific items.	喷发订单需要的棋子
generatorBoost_buff_desc_moreLuckyProduce	Lucky items appear more often.	幸运喷发更加频繁
generatorBoost_buff_desc_extraProduce	Occasionally produce two items.	有概率产出双倍棋子
generatorBoost_buff_desc_extraLuckyProduce	Lucky items will be doubled.	幸运喷发变为双倍
generatorBoost_extraProduce_hint	Extra!	双倍!
generatorBoost_extraLuckyProduce_hint	Lucky ×2!	双倍幸运!
generatorBoost_task_desc_gold	Collect {0} coins	收集{0}金币
generatorBoost_task_desc_gem	Spend {0} gems	花费{0}钻石
generatorBoost_task_desc_smile	Collect {0} good review	获得{0}个好评
generatorBoost_task_desc_order	Complete {0} orders	完成{0}个订单
generatorBoost_task_desc_racoon	Complete {0} raccoon orders	完成{0}个浣熊订单
generatorBoost_guide_1_1	Sam's been working on something to enhance our generators! Let's try it…	山姆一直在研究强化母体棋子的新发明！我们来试试看……
generatorBoost_guide_1_2	Looks like this disco ball will light up to give us buffs!	点亮灯球就能获得助力效果！
generatorBoost_guide_1_3	Activate the buffs by finishing these tasks.	完成任务来激活助力吧！
generatorBoost_guide_2_1	Cool! The disco ball is lit! That means we've activated a buff!	太酷了！灯球被点亮了！助力已生效！
generatorBoost_guide_2_2	Close the window to see the effect of the buff on the board!	回到主棋盘看看助力的效果吧！
freefall_bag_title	Loot Storage	战利品背包
freefall_level_title	New Rank Reached!	等级晋升!
freefall_level_max_title	Max Rank Reached!	晋升最高等级!
streak_task_freefall_target_beaten	Beat {0} Monsters	击败{0}只怪兽
notification_desc_energy	Oops, no more energy! Turn on notifications and I'll remind you when your energy has refilled!	糟糕，没能量了！开启通知，等你能量恢复我会来提醒你哦！
notification_desc_cash_dash	Don't want to miss the start of events? Turn on notifications and I'll remind you!	不想错过精彩的活动？开启通知，等活动开始我会提醒你！
notification_desc_item_cooldown	This generator needs a break. Turn on notifications and I'll tell you when it's ready again!	这个母体棋子需要休息一下。开启通知功能，我会在它恢复后通知你！
notification_desc_frenzy	Great job earning the dish boost! Turn on notifications and I'll remind you before the boost ends!	恭喜你获得了菜品助力！开启通知，我会在助力结束前提醒你！
notification_desc_plane	The Plane Parcels event only lasts for a few hours! Turn on notifications to get reminders before it ends!	空中补给站仅开放几个小时！打开通知，结束前我会提醒你，这样就不会错过奖励了！
notification_desc_weeklyactive	Did you know you can earn rewards just by playing? Turn on notifications to be reminded when new daily tasks start!	\n你知道吗？只要每天登录就能获得免费礼物！开启通知，我会提醒你每天的新任务何时开始！
push_energy_title_2	Hi, it's Quinn!	嗨，这里是奎因！
push_energy_desc_2	Your energy has refilled!	你的能量已经恢复啦，快来吧！
push_energy_title_3	Hey, it's Quinn! 😀	开门啦，我是奎因！😀
push_energy_desc_3	Your energy has refilled ⚡️⚡️⚡️	满血复活！你的能量已经恢复满格⚡️⚡️⚡️
push_cooldown_title_2	Time to tap again!	快来点点点！
push_cooldown_desc_2	Quinn: The {0} is ready to generate new items!	奎因：母体棋子{0}可以产生新棋子了，就等你来帮我点点点了~
push_cooldown_title_3	Let's get cooking! 🧑‍🍳	准备好大展身手了吗🧑‍🍳
push_cooldown_desc_3	Quinn: The {0} is ready to generate new items! 🍳	奎因：母体棋子{0}可以产生新棋子了，就等你来施展厨艺、露一手了🍳
push_cash_dash_open_title_2	Ready to face Lori in the Dough Derby?	准备好在金币竞赛一骑绝尘了吗？
push_cash_dash_open_desc_2	Quinn: Looking forward to seeing you there!	奎因：你过来呀！
push_cash_dash_open_title_3	Are you ready for the Dough Derby? 🏃	准备好在金币竞赛突出重围了吗🏃
push_cash_dash_open_desc_3	Quinn: Let's give Lori a run for her money! 🪙	奎因：朋友，准备好给罗莉一点小小的金币震撼了吗🪙
push_cash_dash_end_title_2	Last Call!	最后召集！
push_cash_dash_end_desc_2	Quinn: Don't forget your Dough Derby rewards before it ends!	奎因：金币竞赛快结束了——快结束了——束了——
push_cash_dash_end_title_3	The Final Push! 💪	来财来财🤑
push_cash_dash_end_desc_3	Quinn: Don't forget your Dough Derby rewards before it ends! 🤑	奎因：金币竞赛的最后冲刺，就靠你了💪
push_come_back_title_2	Long time no see!	你会不会突然地出现——
push_come_back_desc_2	Quinn: Hey! We hope you'll be back soon!	奎因：我在这儿等着你回来~
push_come_back_title_3	Brimwave misses you! 🐳	浪尾岛想你了🐳
push_come_back_desc_3	Quinn: Even Coconut is looking for you! 😿	奎因：小椰子也想你了😿
push_frenzy_1hourend_title_1	Flaming Frenzy ends in one hour!	火焰狂热最后一小时!
push_frenzy_1hourend_desc_1	Complete orders before the event ends to maximize your dish boost!	结束前提交订单，获得菜品助力！
push_frenzy_1hourend_title_2	One hour left in the kitchen rush!	一小时，最后一小时！！
push_frenzy_1hourend_desc_2	Quinn: Try to finish more orders before your dish boost ends!	奎因：菜品助力结束前，尽量多完成一些订单！餐厅的大家需要你！
push_frenzy_1hourend_title_3	One hour left to rush! 🔥	最后一小时，快冲🔥
push_frenzy_1hourend_desc_3	Quinn: Try to finish more orders before your dish boost ends! 🧑‍🍳	奎因：菜品助力结束前，尽量多完成一些订单吧🧑‍🍳
push_plane_1hourend_title_1	Plane Parcels ends in one hour!	空中补给站一小时后关闭！
push_plane_1hourend_desc_1	Use energy and earn rewards from the skies!	快来使用体力获得飞机物资！
push_plane_1hourend_title_2	Don't miss your plane parcels!	飞机！请注意！一小时！请注意！
push_plane_1hourend_desc_2	Quinn: There's an hour left to earn rewards from the skies!	奎因：还有最后一小时，餐厅今天的补给就靠你了！
push_plane_1hourend_title_3	Don't miss your plane parcels! 🛩️	是谁还没有获得飞机物资🛩️
push_plane_1hourend_desc_3	Quinn: There's an hour left to earn rewards from the skies! 📦	奎因：今日开门营业就等你和你的空中补给啦📦
push_weekly_active_task_title_1	New Daily Tasks unlocked!	新任务解锁！
push_weekly_active_task_desc_1	Check out the Restaurant Goals and claim your rewards!	快来看看新任务，领取你的奖励吧！
push_weekly_active_task_title_2	It's a workaholic's dream!	新的一天，新的整活！
push_weekly_active_task_desc_2	Quinn: There are new things to do at the restaurant!	奎因：餐厅里有新的任务啦！不要忘记来看看呦~
push_weekly_active_task_title_3	Rise n' Grind 💪	你好，餐厅扛把子💪
push_weekly_active_task_desc_3	Quinn: There are new tasks to take care of in Brimwave! 📋	奎因：餐厅不能没有你！快来吧~📋
push_energy_title_1	Energy Refilled	体力补充完毕
push_energy_desc_1	Your energy is refilled!	您的体力已经补充完毕！
push_cooldown_title_1	Item Recharged	棋子已充能
push_cooldown_desc_1	{0} is ready to generate new items!	{0}已准备完毕，可以产生新的棋子！
push_cash_dash_open_title_1	Event Ready	活动准备就绪
push_cash_dash_open_desc_1	The Dough Derby event is beginning soon!	金币竞赛活动即将开始！
push_cash_dash_end_title_1	The event is almost over.	活动即将结束。
push_cash_dash_end_desc_1	Grab your rewards before the Dough Derby ends!	在金币竞赛结束前领取您的奖励！
push_come_back_title_1	Brimwave needs you back!	我们需要你回来！
push_come_back_desc_1	Quinn needs your help to uncover the truth!	奎因需要你的帮助来揭开真相！
title_text_zivaoffice	Ziva's Office	姬瓦的办公室
summary_text_249_1_end	At brunch with Sophia, Ziva finds herself curious…	姬瓦和索菲娅一起吃早午饭，并问出了自己的疑问……
summary_text_249_4_end	Atlas decides to check in with one of his bandmates…	阿特拉斯打算和乐队成员联系……
summary_text_249_5	Frankie locks in, ready to stop at nothing in pursuit of a hunch…	弗兰基把自己关在家里，准备开始证实自己的猜想……
summary_text_249_8_end	Sophia and Vance try to get on the same page about their schedule…	索菲娅和万斯就婚礼筹备一事郑重地进行了讨论……
summary_text_249_13_end	Sophia makes a crucial wedding planning decision…	索菲娅需要对婚礼筹备做出重要的决定……
summary_text_250_1_end	Mark and Sam prepare to deal with Atlas' bandmate problem…	马克和山姆准备处理阿特拉斯乐队成员的问题……
summary_text_250_5_end	Ziva and Sophia start a conference call with a wedding planner to the stars…	在姬瓦的引荐下，索菲娅给一位专为明星服务的婚礼策划师打了电话……
summary_text_250_6_end	Mark and Sam meet up with a worried, wailing Atlas…	马克和山姆遇到了忧心忡忡、哭哭啼啼的阿特拉斯……
summary_text_250_7_end	Mark, Sam, and Atlas try to trace the band's steps in Soldale…	马克、山姆和阿特拉斯试图追踪乐队成员在苏达市的行踪……
summary_text_250_11_end	Vance checks in on Sophia's wedding planner mission…	万斯和索菲娅一同跟进婚礼策划的进展……
summary_text_250_15_end	Vance is struck with inspiration for their wedding planner dilemma…	万斯突然灵光一现，解决了婚礼策划的难题……
summary_text_251_begin	Frankie receives an unwanted phone call…	弗兰基收到一通不想接的电话……
summary_text_251_3_end	Vance and Sophia join Carmen and Ziva for breakfast…	万斯和索菲娅加入了卡门与姬瓦的早餐……
summary_text_251_6_end	Ziva surprises Sophia with a special visit…	姬瓦带着索菲娅突然造访……
summary_text_251_10_end	Ramona intrudes on a confidential meeting…	蕾蒙娜闯入了一场秘密会谈……
summary_text_252_1_end	Sophia and Vance unravel an extensive to-do list…	索菲娅和万斯列了一份详尽的待办清单……
summary_text_252_3_end	Sam, Mark, Atlas and Frankie meet to discuss a new theory…	山姆、马克、阿特拉斯和弗兰基聚在一起讨论着各自的最新进展……
summary_text_252_6_end	Frankie tries to convince the group of her theory on Bruno…	弗兰基试图说服大家接受她对布鲁诺的猜测……
summary_text_252_10_end	Atlas finds himself perplexed by life on Brimwave…	阿特拉斯对浪尾岛的生活感到困惑……
summary_text_252_14_end	Sophia and Vance prepare to make a crucial decision…	索菲娅和万斯准备做出一个关键决定……
summary_text_253_begin	Frankie and Colton lie in wait for a glimpse of "Barni"…	弗兰基和科尔顿等待着“巴尼”的出现……
task_249_1	Help Needed	婚礼筹备
task_249_2	Missed Calls	未接来电
task_249_3	To Our Relief	放下自尊
task_249_4	Show Stopper	家务事
task_249_5	Planning and Scheming	证实猜测
task_249_6	Distrust	不信任
task_249_7	Whale in the Room	鲸鱼之谜
task_249_8	Time to Hustle	达成一致
task_249_9	Troublemaker	又少一人
task_249_10	Whale of a Time	鲸鱼的故事
task_249_11	Familiar Themes	鸟眼的宝藏
task_249_12	Asking Favors	寻求帮助
task_249_13	Celebrity Wedding	名人婚礼
task_249_14	Don't Pick Up	拒接电话
task_249_15	Cover-up	藏起浮雕
task_249_16	Fidgety Frankie	烦躁的弗兰基
task_249_17	The Sea after Space	《太空之后是海》
task_250_1	Troublesome	扫把星
task_250_2	Few More Seasons	拖延不成
task_250_3	If It Works	临时对策
task_250_4	Toneroni Twist	托尼的创意
task_250_5	Copy-Paste	复制网红风
task_250_6	Rehearsal Ritual	彩排仪式
task_250_7	Iffy Intel	不确定的情报
task_250_8	Favorite Ladies	突然到访
task_250_9	Imaginative Fellow	克雷恩的猜想
task_250_10	Solution Sandwich	喘口气
task_250_11	Big, Bold, Viral	理想的婚礼
task_250_12	Map Theory	地图猜想
task_250_13	Tony's Sandwich	托尼的三明治
task_250_14	Closer Enemies	知己知彼
task_250_15	Project Manager	最合适的婚礼策划师
task_250_16	Measured Approach	牵着鼻子走
task_250_17	Living Blauveldt	另一个布拉维特
task_251_1	Caffeinated Conundrums	强劲咖啡因
task_251_2	Under the Rug	好友交流
task_251_3	More Than Fondue	婚礼演奏
task_251_4	Birdy Brain Teaser	鸟类专家
task_251_5	A Rotten Egg	臭鸡蛋俱乐部
task_251_6	Many Small Plates	婚礼美食
task_251_7	Round and Round	原地打转
task_251_8	Sulfuric Spirits	硫磺烈酒
task_251_9	Portable Holes	魔幻传送门
task_251_10	Intruder Alert	重回藏身处
task_251_11	Mini Models	婚礼拱门
task_251_12	A Quiet Shine	低调的家族成员
task_251_13	The Bee Sting	神秘的布拉维特
task_251_14	Past to Present	重新来过
task_251_15	The Big Dog	大佬马克
task_251_16	Carry That Weight	统一战线
task_251_17	Vigilant Herons	保持警惕
task_252_1	The Long List	婚礼待办
task_252_2	Brewing Winds	不详之鸟
task_252_3	Crack in the Shell	新的猜测
task_252_4	The Fly By	再次现身
task_252_5	Hereditary Wounds	复仇心
task_252_6	The Pied Piper	幕后主使
task_252_7	Open Auditions	竞选司仪
task_252_8	Cracked Foundations	内讧
task_252_9	A New Proposal	和平约定
task_252_10	The Good and the Bad	浪尾岛的生活
task_252_11	New Neighbour	新邻居
task_252_12	The Ordained Star	摇滚牧师
task_252_13	Eagle Eyes	试探底细
task_252_14	Butler of Honor	娘家大哥
task_252_15	For Your Consideration	暂时休战
task_252_16	End of an Era	新的篇章
task_252_17	The First Cousin	神秘的家族成员
plenty_title	Bumper Bargain	大促销
plenty_des	Purchase now and receive all these rewards!	购买即可获得所有奖励
rewardplenty_discount_1	BEST\n VALUE	最实惠!
rewardplenty_discount_2	{0}%\nVALUE	{0}%\n价值
rewardplenty_discount_3	{0}%\nOFF!	{0}%\n折扣!
avatar_frame_bubble_title	New Frame	新头像框
avatar_frame_bubble_desc	Earn an exclusive avatar frame as a reward!	赢得限定头像框奖励!
mapExplore_want_more_desc	Earn more energy for this event by completing orders or buy with gems!	完成订单赚取能量或使用钻石购买能量!
butterfly_desc	Follow the butterfly as it flies from customer to customer. Complete these orders to discover a grand prize!	跟随蝴蝶，规定时间内依次完成它停留的几个订单，即可找到大奖！
butterfly_fail_desc	Oh, no! You didn't complete the orders in time and the butterfly has flown off. Let's catch it next time!	糟糕！你没能及时完成订单，蝴蝶飞走了。下次我们一定可以！
butterfly_success_desc	Fantastic fluttering! You completed the orders in sequence, and the butterfly led you to a grand prize!	太棒了！你按顺序完成了订单，蝴蝶引领你获得了大奖！
butterfly_title	Butterfly Bounty	蝴蝶寻宝
pack_laser_3_name	Uncommon Dazzling Pack	罕见炫彩卡包
pack_laser_4_name	Rare Dazzling Pack	稀有炫彩卡包
pack_laser_5_name	Epic Dazzling Pack	史诗炫彩卡包
album_laser_pack_desc	Includes 1 Dazzling Card with a {0}-STAR rating.	包含1张{0}星炫彩卡牌!
album_laser_card_congrat	Congratulations!	超幸运!
album_laser_card_rwd_desc	Rewards for new Dazzling Cards:	这是炫彩卡牌的奖励:
laser_card_lock_tip	Dazzling Card can not be redeemed!	无法兑换炫彩卡牌!
album_laser_card_guide_1	Watch out for special Dazzling Cards!	有一种很特殊的炫彩卡牌! 快去看看!
album_laser_card_guide_2	Each new Dazzling Card you obtain comes with additional rewards!	获得一张全新的炫彩卡牌可以获得奖励哦!
drill_combo_multiplier_desc_return	Win matches to increase your multiplier! Lose a match and it'll decrease.	赢得比赛倍数升级! 输掉比赛倍数降级!
drill_combo_max_multiplier_desc_return	Win continuous matches to maintain the MAX multiplier! Lose a match and it'll decrease.	赢得比赛维持当前的最高倍数! 输掉比赛倍数降级!
mission_map_explore_main_name	Navigator	地图绘制师
mission_map_explore_main_desc	Complete the main goal in the <color=#58597e>{0}</color> event	完成<color=#58597e>{0}</color>活动的主线目标
mission_map_explore_all_name	Task Finisher	清单清理家
mission_map_explore_all_desc	Clear all missions in the <color=#58597e>{0}</color> event	完成<color=#58597e>{0}</color>活动的所有任务
mission_pair_work_progress_name	Flower Power	勤勉园丁
mission_pair_work_progress_desc	Make gardening progress <color=#58597e>{0}</color> times in the <color=#58597e>{1}</color> event	在<color=#58597e>{1}</color>活动完成<color=#58597e>{0}</color>次园艺进度推进
mission_super_wheel_spin_name	Eager Spinner	高速旋转
mission_super_wheel_spin_desc	Spin the wheel <color=#58597e>{0}</color> times in the <color=#58597e>{1}</color> event	在<color=#58597e>{1}</color>活动中转动轮盘<color=#58597e>{0}</color>次
mission_mineral_book_chain_desc	Unlock the main merge line in the <color=#58597e>{0}</color> event	在<color=#58597e>{0}</color>活动中点亮主合成线的图鉴
mission_farm_book_chain_desc	Unlock the main merge line in the <color=#58597e>{0}</color> event	在<color=#58597e>{0}</color>活动中点亮主合成线的图鉴
mission_adventure_book_chain_desc	Unlock the main merge line in the <color=#58597e>{0}</color> event	在<color=#58597e>{0}</color>活动中点亮主合成线的图鉴
mission_mtb_book_chain_desc	Unlock the main merge line in the <color=#58597e>{0}</color> event	在<color=#58597e>{0}</color>活动中点亮主合成线的图鉴
mission_mineral_book_chain_name	Seeker	掘地三尺
mission_farm_book_chain_name	Farmer	小有收成
mission_mtb_book_chain_name	Traveler	旅行家
mission_adventure_book_chain_name	Adventurer	冒险家
event_later_btn	Race Later	稍后
event_startnow_btn	Let's Go!	开始
event_reg_btn	Join	报名
event_user_you	YOU	您
battle_round_lose_title	Defeat!	落败!
battle_round_win_title	Victory!	胜利!
giraffe_battle_complete_desc	Looks like one of the giraffes has won the prize – and they've even saved an apple or two for Olivia!	其中一只长颈鹿赢得了奖品——他们甚至还给奥利维亚留了一两个苹果！
giraffe_battle_desc	Merge items and complete orders to earn <sprite="icon_battle_giraffe" name="icon_battle_giraffe">	合成物品或完成订单来获得<sprite="icon_battle_giraffe" name="icon_battle_giraffe">
giraffe_battle_over_desc	Looks like the competition is over! But Olivia will be sure to come back soon.	这次的比赛结束了！但奥利维亚肯定很快就会回来的。
giraffe_battle_start_desc	Over at the zoo, Olivia's mischievous giraffe friends are at it again! Who will win this time?	动物园里，奥利维亚那些调皮捣蛋的长颈鹿朋友们又开始比拼上了！这次谁会赢呢？
giraffe_battle_title	Tower Trials	登高试炼
decoration_event_general_extend_title	Decoration Event Over!	装饰物活动已结束!
setting_google_games_service	Set Play Games Service	登录Play游戏服务
time_later	Later...	稍后不久……
title_text_brunowarehouse	Bruno's Secret Warehouse	布鲁诺的秘密仓库
title_text_sailorsbar	Swiggin' Sailors	微醺水手
title_text_tunnels	The Digger's Tunnels	地下管道
title_text_salon	Venus' Apple Salon	金苹果沙龙
title_text_staghen	The Bachelor/Bachelorette Party	单身派对现场
title_text_outsideparty	Outside the Party	派对门外
title_text_bpd	Brimwave Police Department	浪尾岛警察局
summary_text_257_13_end	As she drowns her sorrows, Frankie gets some company…	弗兰基借酒浇愁时，有个人缓缓走到了她身边……
summary_text_258_1_end	Sophia and Vance wake up to an unexpected surprise…	索菲娅和万斯新婚的清晨，收到了一个意外之喜……
summary_text_258_4_end	Lloyd helps Lori prep for the BFF menu…	劳埃德帮罗莉准备着赤脚节的菜肴……
summary_text_258_10_end	Crane sidles up to a nervous Frankie waiting outside the station…	弗兰基在警局外焦灼地踱步，没注意到克雷恩正悄悄靠近……
summary_text_259_begin	Down in the cells, Tony visits an old friend behind bars…	托尼去监狱拜访了被关押的老朋友……
summary_text_253_3_end	Sophia and Vance prepare to run through their list…	索菲娅和万斯逐条确认着婚礼事项……
summary_text_253_6_end	Quinn visits Lloyd's shop in search of new information…	奎因造访了劳埃德的商店，想要询问一些信息……
summary_text_253_7_end	Quinn quietly approaches Frankie and Colton's stakeout spot…	奎因悄悄靠近了弗兰基和科尔顿的监视点……
summary_text_254_begin	Sophia meets Imelda to delicately deliver the good news…	索菲娅见到了伊梅尔达，告诉了对方一个好消息……
summary_text_254_4_end	Vance follows up on an important chore he almost forgot…	万斯在处理一件他差点忘记的重要任务……
summary_text_254_5	Tony arrives at the meeting spot, in search of his old friend…	托尼到达了见面地点寻找他的老朋友……
summary_text_254_9	Quinn arrives to hear the latest from Frankie…	奎因和弗兰基碰头，了解最新情报……
summary_text_254_10_end	Quinn and Frankie start to quickly strategize…	奎因和弗兰基立即开始思考对策……
summary_text_254_14_end	Imelda steps out onto the stage to deliver another speech…	伊梅尔达踏上讲台再次发表演讲……
summary_text_254_17_end	Frankie arrives, ready to collapse into a heap…	弗兰基回到家，感觉自己快要累瘫了……
summary_text_255_begin	Tony attends another meeting with his old friend…	托尼和他的老朋友又见面了……
summary_text_255_3_end	Lori and Lloyd try to address an elephant in the room…	罗莉和劳埃德终于要面对那个一直被回避的问题……
summary_text_255_6_end	Sophia and an excited Atlas meet to catch up…	索菲娅碰到了超级激动的阿特拉斯……
summary_text_255_9_end	Dominic and Lloyd knock back some nostalgic drinks and talk seriously…	多米尼克和劳埃德一起喝酒，一边怀旧，一边聊了些重要的事……
summary_text_255_13_end	Tony decides to cautiously heed Bruno's underground call…	托尼决定谨慎回应布鲁诺的请求，但还是跟他一起进入了下水道……
summary_text_256_3_end	Colton connects with an old foe-slash-friend over some games…	科尔顿联系了某个亦敌亦友的老朋友，玩了几局游戏……
summary_text_256_7_end	Lori, Carmen, and Ziva relax with some magazines on hand…	罗莉、卡门和姬瓦一起阅读某本杂志……
summary_text_256_9_end	Sophia warns Imelda about the fresh new competition…	索菲娅提醒伊梅尔达，一个全新的挑战者出现了……
summary_text_256_12_end	From down below, Bruno hears his captors above discussing him…	在地下，布鲁诺听到地面上的“绑匪”在讨论如何处置他……
summary_text_256_14_end	On the way to the party, Amala and Saul discuss absent friends…	在前往派对的路上，阿玛拉和索尔讨论起某个无法出席的朋友……
summary_text_256_15	The two parties start to get into full swing…	两场单身派对都逐渐热闹了起来……
summary_text_256_16_end	Frankie arrives at the party, unsure where to head…	弗兰基抵达了派对现场，却不知道该去参加哪个……
summary_text_256_17	Colton and Sophia take a breather and find a moment to reconnect…	科尔顿和索菲娅休息了片刻，借此机会重新拉近了关系……
summary_text_257_begin	In the early hours, a melancholy Frankie returns from the party…	凌晨时分，心事重重的弗兰基从派对返回……
task_253_1	Last Minute Centerpiece	彩绘玻璃
task_253_2	Research Resumption	背后的深意
task_253_3	The Lord of Rings	婚礼事项
task_253_4	Sounds Good	走马上任
task_253_5	Let's Rock	即兴摇滚
task_253_6	From Down South	南方的亲戚
task_253_7	Tugboat Dealers	暗中监视
task_253_8	Serious Sam	认真的山姆
task_253_9	Sucker Punch	同仇敌忾
task_253_10	Brain Sync	搞人心态
task_253_11	The Toneroni Routine	知心大哥
task_253_12	Coming In Hot	紧急清场
task_253_13	The Favorite	紧张关系
task_253_14	Vendetta	复仇的男人
task_253_15	The Duo	双人组合
task_253_16	Juicy Target	分头行动
task_253_17	Very Much Alive	旧友来电
task_254_1	Naturally Strange	厨师的怪癖
task_254_2	Half or Double?	难上加难
task_254_3	Let It Happen	顺其自然
task_254_4	Special Guy	特殊的人
task_254_5	Brains & Brawn	脑子和力气
task_254_6	Cat Got Your Tongue?	无话可说
task_254_7	Not Like Before	在沉默中爆发
task_254_8	A Proper Introduction	不请自来的协奏
task_254_9	Gossip Harbor	码头传言
task_254_10	Gloat Later	马后炮
task_254_11	Intellectual Equals	思想同行
task_254_12	Arms Dealer	正面对质
task_254_13	All The Difference	直接责任
task_254_14	Better Than Ever	探寻过去
task_254_15	Quitter	队友来电
task_254_16	Nothing But Trouble	讨厌的家伙
task_254_17	Not Ever	分手
task_255_1	Train Robbery	火车抢劫案
task_255_2	Research Assistant	研究助手
task_255_3	Elephant in the Room	屋子里的大象
task_255_4	Purple Disaster	紫色灾害
task_255_5	The Trouble with Exes	前任危机
task_255_6	Big Ideas	阿特拉斯的主意
task_255_7	Something's Wrong	异常气味
task_255_8	Reallocated Resources	机会渺茫
task_255_9	The Way Things Should Be	走上正轨
task_255_10	Another Entrance	老朋友求助
task_255_11	Opening Act	开场表演
task_255_12	Attention	太多关注
task_255_13	Revenge Plot	复仇大计
task_255_14	Violet Views	赤脚危机
task_255_15	Plot Foiled	阴谋败露
task_255_16	The Bruno Trap	请君入瓮
task_255_17	Loyalty	好朋友托尼
task_256_1	Distractions	作案手法
task_256_2	Going Down	进入地下
task_256_3	Minor Havoc	浑浑噩噩
task_256_4	Tunnel Trekkers	地下的情况
task_256_5	Good Boy	投鼠忌器
task_256_6	Criminal Company	行动在即
task_256_7	Cover Girl	封面女郎
task_256_8	Betrayal	背叛
task_256_9	Blauveldt Legacy	新的挑战者
task_256_10	Safe and Sound	横插一脚
task_256_11	Signs and Symbols	浮雕的线索
task_256_12	Real Justice	伸张正义
task_256_13	Ready to Party	尘埃落定
task_256_14	The Swiss Life	旧友的新篇章
task_256_15	Important Job	失魂伴郎
task_256_16	Avoidance	避而不见
task_256_17	Into the Unknown	未知的路
task_257_1	The Cynical Spoon	希望的稻草
task_257_2	A Change of Topic	人生大事
task_257_3	Morning Jitters	婚前心事
task_257_4	Talk in the Trees	拍摄事宜
task_257_5	A Happy Report	拒绝乌鸦嘴
task_257_6	Can’t Get Any Better	婚戒失踪
task_257_7	Covering More Ground	地毯式搜索
task_257_8	The Noble Steed	白马王子
task_257_9	Lost and Found	失而复得
task_257_10	Last Minute Peps	最后的准备
task_257_11	Down the Aisle	走过红毯
task_257_12	Vehement Vows	爱的誓词
task_257_13	Watered Down Woes	借酒浇愁
task_257_14	Presenting the Newlyweds	大喜之日
task_257_15	View From the Crowd	难掩醋意
task_257_16	Found Footage	默契搭档
task_257_17	The Chivalrous Thing	骑士精神
task_258_1	The Rest of Forever	幸福生活
task_258_2	A Short To-Do	万事俱备
task_258_3	In For a Surprise	意外来客
task_258_4	Kitchen Confidential	热火朝天
task_258_5	A Lesson in Chemistry	危机感
task_258_6	The New Neighbor	新邻居
task_258_7	The Big To-Do	特别 VIP
task_258_8	The Good Jitters	宣传预热
task_258_9	Next Competition	老对手
task_258_10	Sardonic Stick	固执己见
task_258_11	Overnight Success	视频爆火
task_258_12	Bothersome Besties	监狱来电
task_258_13	The Pull of an Ex	前任的烦恼
task_258_14	Backstage Chatter	后台闲话
task_258_15	No Shoes Required	脱掉鞋子
task_258_16	Idle Bar Chatter	特别鸡尾酒
task_258_17	Lost in the Crowd	新人登场
album_laser_card_preview	Each new Dazzling Card comes with additional rewards!	每张全新炫彩卡牌附赠额外奖励!
album_pack_convert_desc_1	Your remaining card packs and stars:	这是你剩余的卡包和星星奖励:
album_pack_convert_desc_2	Your remaining card packs and stars have been converted into:	剩余的卡包和星星已转换为：
invite_friend_desc_2	Receive rewards when your invited friends get to Level 6!	被邀请的好友到达6级时，你可以获得奖励哦!
kid_start_tip_title	Age Verification	年龄认证
kid_start_tip_desc	For a better gaming experience, please complete age verification.	为了给您提供更好的游戏体验，请您先进行年龄认证。
kid_success_tip	Age verification successful! Enjoy the game!	年龄认证成功！祝您游戏愉快！
kid_failed_tip_title	Age Verification Failed	年龄认证失败
kid_failed_tip_desc	Age verification failed. Please try again.	年龄认证失败，请再次尝试。
album_royal_card_title	Royal Card Curation	皇家卡庆典
album_royal_card_desc	Collect special Royal Card Sets and complete the Royal Album within the event time limit to earn additional rewards!	在活动时间内收集特殊的皇家卡牌并完成皇家卡册，赢得豪华奖励！
album_royal_card_reward_title	Royal Rewards	皇家卡奖励
album_pack_bubble_royal_card_desc	Bonus:	附赠:
pack_royal_1_name	Royal Starter Pack	新手皇家卡包
pack_royal_2_name	Royal Common Pack	普通皇家卡包
pack_royal_3_name	Royal Uncommon Pack	罕见皇家卡包
pack_royal_4_name	Royal Rare Pack	稀有皇家卡包
pack_royal_5_name	Royal Epic Pack	史诗皇家卡包
album_royal_pack_bubble_desc	Includes 1 Royal Card with a {0}-STAR rating.	包含1张{0}星皇家卡牌!
album_royal_set_complete_title	Congratulations!	太棒了!
album_royal_set_complete_desc	You completed a Royal Set!	你集齐了一组皇家卡!
album_royal_complete_title	Congratulations!	太棒了!
album_royal_complete_desc	The Royal Album is completed!	你完成了皇家卡庆典!
album_royal_card_end_title	Event over!	庆典结束!
album_royal_card_convert_desc	Your unused cards and packs have been converted into rewards!	多余的皇家卡牌和剩余卡包已转化为奖励!
album_recycle_staronly_desc1	You can use {0}<sprite="icon_property" name="icon_star"> to redeem this reward.	使用{0}<sprite="icon_property" name="icon_star">来兑换奖励
album_recycle_staronly_desc2	You don't need to consume any duplicate cards at this time.	本次兑换不需要消耗重复卡牌
album_royal_card_instruction_1	Get Royal Cards from royal card packs	开启皇家卡包获得皇家卡牌
album_royal_card_instruction_2	Complete the Royal Card Sets within the event time limit	在活动时间内集齐皇家卡组
album_royal_card_instruction_3	Complete the Royal Album to earn big prizes	集齐全部皇家卡组赢得豪华奖励
album_royal_card_instruction_note	Any remaining Royal Cards and unopened Royal Card Packs will be converted to rewards when the event ends.	活动结束时，多余的皇家卡牌和剩余皇家卡包会转化为奖励
album_royal_card_guide_1	Let's start the Royal Card Curation! These special card sets will be available for a limited time.	皇家卡庆典限时开启！这些特殊卡组将仅在活动期间出现。
album_royal_card_guide_2	You can see your Royal Album progress here. Complete the Royal Album and earn great rewards!	在这查看皇家卡的收集进度，完成皇家卡组可以获得豪华奖励！
album_royal_card_guide_3	Get more event info by tapping this button.	点击说明按钮查看更多信息
album_royal_card_countdown	Ends in: 	结束倒计时：
item_main_cs_1_1_name	Supply Choice Box	补给挑选箱
item_main_cs_1_1_desc	Choose between one of three Supplies boxes! Select from Fry Supplies, Tea Supplies and Diving Supplies.	在三个补给箱之间进行选择！可以选择薯条补给箱、红茶补给箱或潜水装备补给箱。
item_main_cs_1_1_detaildesc	Offers a choice of one Supplies box. Tap to choose!	提供一种补给箱。点击选择！
item_main_cs_2_1_name	Supply Choice Box	补给挑选箱
item_main_cs_2_1_desc	Offers a choice between one of two Supply boxes, or a Smart Chest! Select from Seafood Supplies or Orange Supplies, or a Smart Chest.	在三个补给箱之间进行选择！可以选择海鲜补给箱、橘子补给箱或聪明宝箱。
item_main_cs_2_1_detaildesc	Offers a choice of one Supplies box. Tap to choose!	提供一种补给箱。点击选择！
rdm_reward_levelup	 You have {0}% chance to\n get a <size=44><color=#fff111>Rainbow Gem</color></size>!	你有{0}%概率获得\n <size=44><color=#fff111>万能宝石</color></size>！
rdm_reward_card5	 You have {0}% chance to\n get a <size=44><color=#fff111>Epic Pack</color></size>!	你有{0}%概率获得\n <size=44><color=#fff111>史诗卡包</color></size>！
rdm_reward_large5	 You have {0}% chance to\n get a <size=44><color=#fff111>Large Epic Pack</color></size>!	你有{0}%概率获得\n <size=44><color=#fff111>大号史诗卡包</color></size>！
rdm_reward_joker	 You have {0}% chance to\n get a <size=44><color=#fff111>Joker Card</color></size>!	你有{0}%概率获得\n <size=44><color=#fff111>小丑卡</color></size>！
album_upgrade_notice_desc_royal	By activating Prestige Rewards, you'll lose your remaining {0} <sprite="icon_property" name="icon_star"> from duplicate cards (excluding Royal Cards). Do you want to use them at the Star Store first?	升级卡册后，您已获得的卡牌将被清空（不含皇家卡），{0}颗未兑换卡牌星星<sprite="icon_property" name="icon_star">将会消失，是否前往使用？
mineral_dig_maxdepth	MAX DISTANCE:	最远距离：
mineral_dig_guide_1_3	Try this one, too!	也试试这个吧！
mineral_dig_guide_1_4	Nice! There's plenty more to find, so let's do this together!	太棒了！前路还长，我们并肩作战吧！
mineral_dig_guide_2_1	Hey, that's a pretty awesome find! Tap on it to earn event points!	哇，这是个大发现！收集物品获得积分。
mineral_dig_guide_2_2	Keep collecting event points to hit milestones and earn rewards!	继续收集活动积分，获得更多的活动积分和奖励吧！
album_royal_extra_tag	EXTRA	附赠
common_task_merge	Make {0} merges	进行{0}次合成
common_task_order	Complete {0} orders	完成{0}个订单
common_task_energy	Use {0} energy	消耗{0}体力
common_task_gem	Spend {0} gems	花费{0}钻石
common_task_gold	Collect {0} coins	收集{0}金币
common_task_smile	Collect {0} good reviews	获得{0}个好评
common_task_card	Collect {0} cards	获得{0}卡牌
common_task_card_4star	Collect {0} 4-star cards	获得{0}张4星卡
common_task_card_5star	Collect {0} 5-star cards	获得{0}张5星卡
common_task_mineral	Use tools {0} times	使用{0}个工具
common_task_farm	Use tools {0} times	使用{0}个工具
common_task_freefall	Use {0} moves	使用{0}个步数
common_task_acquire_adv	Merge {0} items	合成{0}个棋子
common_task_acquire_mtb	Merge {0} items	合成{0}个棋子
common_task_unlock_adv	Unlock this item	解锁该棋子
common_task_unlock_mtb	Unlock this item	解锁该棋子
advance_remind	Claim the reward for the current challenge first!	请先领取当前挑战任务奖励
advance_title	Chain Challenge	绚烂挑战
advance_desc	Complete challenge and claim the rewards to unlock the next challenge!	完成挑战并领取奖励，以解锁下一个挑战！
common_final_reward	GRAND \nPRIZE	终极\n大奖
common_task_merge_hint	Merge items on the main board!	在主棋盘上进行物品合并！
common_task_order_hint	Serve customers in the kitchen!	在厨房里服务顾客！
common_task_energy_hint	Use energy on the main board!	在主棋盘消耗能量！
common_task_gem_hint	Each gem spent will be counted!	任意场景花费的钻石都算数哦！
common_task_gold_hint	Earn coins through any means available!	通过各种途径收集金币！
common_task_smile_hint	Earn good reviews from customers!	完成带笑脸的顾客订单获得好评！
common_task_card_hint	Find cards in card collection packs!	在集卡活动中收集卡牌！
common_task_card_4star_hint	Earn 4-star cards from Rare or Epic Packs!	从稀有或者史诗卡包中获得4星卡！
common_task_card_5star_hint	Earn 5-star cards from Epic Packs!	从史诗卡包中获得5星卡！
common_task_mineral_hint	Use tools in the dig event!	在挖掘活动中使用道具！
common_task_farm_hint	Use tools in the farm event!	在农场活动中使用工具！
common_task_freefall_hint	Use moves in Monster Hunt event!	在怪兽大挑战活动中使用步数！
common_task_acquire_adv_hint	Collect required items on the event board!	在小棋盘活动中获得对应数量的该棋子！
common_task_acquire_mtb_hint	Collect required items on the event board!	在小棋盘活动中获得对应数量的该棋子！
common_task_unlock_adv_hint	Unlock this item on the event board!	在小棋盘活动中解锁该棋子！
common_task_unlock_mtb_hint	Unlock this item on the event board!	在小棋盘活动中解锁该棋子！
mission_freefall_medal_name	Royal Knight	皇家骑士
mission_freefall_medal_desc	Reach Rank <color=#58597e>{0}</color> in the <color=#58597e>{1}</color> event.	在<color=#58597e>{1}</color>活动中晋升到第<color=#58597e>{0}</color>级。
mission_freefall_target_beaten_name	Monster Hunter	怪兽猎人
mission_freefall_target_beaten_desc	Beat <color=#58597e>{0}</color> monsters in the <color=#58597e>{1}</color> event.	在<color=#58597e>{1}</color>活动中击败<color=#58597e>{0}</color>只怪兽。
weekly_active_quest_freefall_single	Use the moves {0} times	消耗{0}步数
weekly_active_quest_freefall_multiple	Use the moves {0} times	消耗{0}步数
weekly_active_quest_freefall_hint	Use your Moves in {0} event!	在{0}活动中消耗步数！
weekly_active_quest_freefall_default_hint	Use your Moves in Norman's Monster Hunt event!	在诺曼的怪兽大作战活动中消耗步数！
weekly_active_quest_mineral_default_hint	Use tools in the dig event!	在挖掘活动中使用道具！
item_main_gem_super_1_collect_name	A Single Gem	宝石碎片
item_main_gem_super_2_collect_name	Gem Heart	宝石之心
item_main_gem_super_3_collect_name	Gem Ring	宝石戒指
item_main_gem_super_4_collect_name	Giant Gem	巨型宝石
item_main_gem_super_5_collect_name	Gem Apple	宝石苹果
item_main_gem_super_6_collect_name	Gem Cat	宝石猫
item_main_gem_super_7_collect_name	Gem Swan	宝石天鹅
item_main_gem_super_8_collect_name	Gem Horse	宝石马
item_main_gem_super_1_collect_desc	Collect now to get <size=55><color=#a00d0d>1</color><sprite="icon_property" name="icon_gem"></size> or MERGE to earn even more!	收集可获得 <size=55><color=#a00d0d>1</color><sprite="icon_property" name="icon_gem"></size> ，或者合并它来获得更多奖励！
item_main_gem_super_2_collect_desc	Collect now to get <size=55><color=#a00d0d>1</color><sprite="icon_property" name="icon_gem"></size> or MERGE to earn even more!	收集可获得 <size=55><color=#a00d0d>1</color><sprite="icon_property" name="icon_gem"></size> ，或者合并它来获得更多奖励！
item_main_gem_super_3_collect_desc	Collect now to get <size=55><color=#a00d0d>3</color><sprite="icon_property" name="icon_gem"></size> or MERGE to earn even more!	收集可获得 <size=55><color=#a00d0d>3</color><sprite="icon_property" name="icon_gem"></size> ，或者合并它来获得更多奖励！
item_main_gem_super_4_collect_desc	Collect now to get <size=55><color=#a00d0d>7</color><sprite="icon_property" name="icon_gem"></size> or MERGE to earn even more!	收集可获得 <size=55><color=#a00d0d>7</color><sprite="icon_property" name="icon_gem"></size> ，或者合并它来获得更多奖励！
item_main_gem_super_5_collect_desc	Collect now to get <size=55><color=#a00d0d>15</color><sprite="icon_property" name="icon_gem"></size> or MERGE to earn even more!	收集可获得 <size=55><color=#a00d0d>15</color><sprite="icon_property" name="icon_gem"></size> ，或者合并它来获得更多奖励！
item_main_gem_super_6_collect_desc	Collect now to get <size=55><color=#a00d0d>31</color><sprite="icon_property" name="icon_gem"></size> or MERGE to earn even more!	收集可获得 <size=55><color=#a00d0d>31</color><sprite="icon_property" name="icon_gem"></size> ，或者合并它来获得更多奖励！
item_main_gem_super_7_collect_desc	Collect now to get <size=55><color=#a00d0d>65</color><sprite="icon_property" name="icon_gem"></size> or MERGE to earn even more!	收集可获得 <size=55><color=#a00d0d>65</color><sprite="icon_property" name="icon_gem"></size> ，或者合并它来获得更多奖励！
item_main_gem_super_8_collect_desc	Collect to get <size=55><color=#a00d0d>150</color><sprite="icon_property" name="icon_gem"></size>! It's at its max level now!	收集可获得 <size=55><color=#a00d0d>150</color><sprite="icon_property" name="icon_gem"></size> ！已达到最高等级！
item_main_super_gem_1_collect_name	A Single Gem	宝石碎片
item_main_super_gem_2_collect_name	Gem Heart	宝石之心
item_main_super_gem_3_collect_name	Gem Ring	宝石戒指
item_main_super_gem_4_collect_name	Giant Gem	巨型宝石
item_main_super_gem_5_collect_name	Gem Apple	宝石苹果
item_main_super_gem_6_collect_name	Gem Cat	宝石猫
item_main_super_gem_7_collect_name	Gem Swan	宝石天鹅
item_main_super_gem_8_collect_name	Gem Horse	宝石马
item_main_super_gem_1_collect_desc	Collect now to get <size=55><color=#a00d0d>1</color><sprite="icon_property" name="icon_gem"></size> or MERGE to earn even more!	收集可获得 <size=55><color=#a00d0d>1</color><sprite="icon_property" name="icon_gem"></size> ，或者合并它来获得更多奖励！
item_main_super_gem_2_collect_desc	Collect now to get <size=55><color=#a00d0d>1</color><sprite="icon_property" name="icon_gem"></size> or MERGE to earn even more!	收集可获得 <size=55><color=#a00d0d>1</color><sprite="icon_property" name="icon_gem"></size> ，或者合并它来获得更多奖励！
item_main_super_gem_3_collect_desc	Collect now to get <size=55><color=#a00d0d>3</color><sprite="icon_property" name="icon_gem"></size> or MERGE to earn even more!	收集可获得 <size=55><color=#a00d0d>3</color><sprite="icon_property" name="icon_gem"></size> ，或者合并它来获得更多奖励！
item_main_super_gem_4_collect_desc	Collect now to get <size=55><color=#a00d0d>7</color><sprite="icon_property" name="icon_gem"></size> or MERGE to earn even more!	收集可获得 <size=55><color=#a00d0d>7</color><sprite="icon_property" name="icon_gem"></size> ，或者合并它来获得更多奖励！
item_main_super_gem_5_collect_desc	Collect now to get <size=55><color=#a00d0d>15</color><sprite="icon_property" name="icon_gem"></size> or MERGE to earn even more!	收集可获得 <size=55><color=#a00d0d>15</color><sprite="icon_property" name="icon_gem"></size> ，或者合并它来获得更多奖励！
item_main_super_gem_6_collect_desc	Collect now to get <size=55><color=#a00d0d>31</color><sprite="icon_property" name="icon_gem"></size> or MERGE to earn even more!	收集可获得 <size=55><color=#a00d0d>31</color><sprite="icon_property" name="icon_gem"></size> ，或者合并它来获得更多奖励！
item_main_super_gem_7_collect_desc	Collect now to get <size=55><color=#a00d0d>65</color><sprite="icon_property" name="icon_gem"></size> or MERGE to earn even more!	收集可获得 <size=55><color=#a00d0d>65</color><sprite="icon_property" name="icon_gem"></size> ，或者合并它来获得更多奖励！
item_main_super_gem_8_collect_desc	Collect to get <size=55><color=#a00d0d>150</color><sprite="icon_property" name="icon_gem"></size>! It's at its max level now!	收集可获得 <size=55><color=#a00d0d>150</color><sprite="icon_property" name="icon_gem"></size> ！已达到最高等级！
summary_text_259_2_end	With the BFF over, Imelda and Sophia catch up…	赤脚节结束后，伊梅尔达和索菲娅见了面……
title_text_saltlookairport	Saltlook Airport	盐港镇机场
summary_text_259_5	After landing, Babette complains to staff as a certain man approaches…	飞机落地，在芭贝特向工作人员抱怨时，某个人接近了她……
summary_text_259_8	Imelda realizes who she's up against for the mayoral seat…	伊梅尔达认清了她在同什么样的人竞争市长宝座……
summary_text_260_begin	Mark and Sam contemplate their busy schedules…	马克和山姆正在思考各自繁忙的日程……
summary_text_260_4_end	Frankie and Mark reunite in the midst of potential enemies…	弗兰基和马克在潜在敌人环伺中重聚……
summary_text_260_10_end	Frankie and Mark take a break from the pressure of the station…	弗兰基和马克暂时从警局的繁忙工作中抽身小憩……
summary_text_261_begin	Frankie prepares for the day as Ramona cooks…	弗兰基准备开启一天的工作，蕾蒙娜则在做早餐……
title_text_mottomo	Mottomo Sushi	元寿司
summary_text_261_4_end	Lori and Lloyd arrive to brunch with the woman of the moment…	罗莉和劳埃德与当下的焦点人物共进早午餐……
title_text_policestation	Brimwave Police Station	浪尾岛警局
summary_text_261_8_end	At work, Frankie gets an unexpected visitor…	工作中的弗兰基见到了一位意外访客……
summary_text_261_14_end	Lori and Babette's conversation shows no sign of slowing…	罗莉和芭贝特越谈越投机……
summary_text_261_17_end	Quinn meets with Amala, ready to eat away their worries…	奎因和阿玛拉见面，决定用美食赶走烦恼……
summary_text_262_1_end	Carmen prepares to leave on a secret mission…	卡门准备展开一次秘密行动……
summary_text_262_5	Ziva and Sophia meet for an increasingly rare brunch…	姬瓦和索菲娅难得一起吃了顿早午餐……
summary_text_262_9	On her lunchbreak, Amala chats with Harrison…	午休时，阿玛拉和哈里森聊了聊……
summary_text_262_15_end	Ziva receives a call she's been anxiously waiting for…	姬瓦接到了她一直紧张等待的电话……
title_text_susapartment	A Suspiciously Good Apartment	好得有些可疑的公寓
summary_text_263_1_end	Out on apartment-hunting duty with Vance, Sophia plays tech support…	索菲娅陪万斯出门找房，同时进行远程技术支援……
summary_text_263_4	Crane and Imelda meet to finalize their peace deal…	克雷恩与伊梅尔达见面，完成他们的和平协议……
summary_text_263_8_end	Quinn meets the ladies for lunch…	奎因加入了女士们的午餐……
summary_text_263_10_end	Quinn tries to keep up with the ladies' lunch chatter…	奎因努力跟上女士们的谈话……
summary_text_263_11_end	Quinn struggles to maintain her social façade…	奎因勉强维持着自己的社交面具……
summary_text_263_14_end	Vance treats Sophia to something sweet…	万斯给索菲娅买了甜食吃……
summary_text_263_17_end	Questions linger as the ladies finally end their lunch…	女士们终于结束了午餐，但心中仍有疑虑……
task_259_1	Spaghetti Strands	恢复常态
task_259_2	Troubling Development	强力对手
task_259_3	Doomscrolling Withdrawals	又一位新邻居
task_259_4	Dead Ends	死胡同
task_259_5	Unsolicited Solicitation	道不同不相为谋
task_259_6	Completionist	有始有终
task_259_7	Decompression	放松假期
task_259_8	Looking Dire	情况不妙
task_259_9	The Scroll Haul	风暴听
task_259_10	Unpleasantly Surprised	威胁再袭
task_259_11	Play Ball	达成合作
task_259_12	Entwined Brainwaves	托尼掏心谈
task_259_13	Healthy Tony	深夜秀组合
task_259_14	Secret Weapon	杀手锏
task_259_15	Classy Lady	芭贝特的请求
task_259_16	Canceled	封杀
task_259_17	Something Special	深夜秀启航
task_260_1	Appointment Set	庄园参观
task_260_2	Personal Tour	导游小游戏
task_260_3	Pro Schmoozer	专业马屁精
task_260_4	Good Cops	好警察
task_260_5	Shiny Things	新鲜感
task_260_6	Lovely Little Life	留下的目的
task_260_7	The Meeting	芭贝特来访
task_260_8	Extra-Eccentric	怪人之家
task_260_9	Classic and Cozy	锁定托尼谈
task_260_10	Detective Groove	重返警局
task_260_11	Sea Stories	大海的传说
task_260_12	Wardrobe Worries	时尚大辩论
task_260_13	Long Time, No Speak	久违的电话
task_260_14	Public Access	公共频道
task_260_15	Beauty and Glory	不欢而散
task_260_16	Similar Goals	克雷恩的日记
task_260_17	Creative Differences	众口难调
task_261_1	Juggling Plates	一心多用
task_261_2	How It Is	马克的状况
task_261_3	Boy Problems	参观的后续
task_261_4	Fish is Fish	亲人团聚
task_261_5	Title Test	标题测试
task_261_6	Come Home	有家难回
task_261_7	The New Deal	新的协议
task_261_8	Hi, Mick	警局午餐
task_261_9	Rock Star Privilege	节目新点子
task_261_10	Some Disassembly Required	紧急事态
task_261_11	Sharp as a Fox	老爸旧闻
task_261_12	To Peace	和平的保障
task_261_13	Dropping In	顺路拜访
task_261_14	Horse Girls	骑马的女孩们
task_261_15	Gut	相信直觉
task_261_16	Boatloads	节目受益人
task_261_17	New Everything	阿玛拉的新生活
task_262_1	Safe Travels	一路平安
task_262_2	Monitoring the Situation	放心不下
task_262_3	Out of Office	自动回复
task_262_4	Taste & Legality	审美与合法性
task_262_5	Honeymoon Hopes	久违的聚餐
task_262_6	Most Valuable Citizen	最佳市民
task_262_7	Bigger Problems	伊梅尔达的大麻烦
task_262_8	Touching Grass	无所事事
task_262_9	It's Official	哈里森的近况
task_262_10	Good While It Lasted	美好已逝
task_262_11	Like Yesterday	昨日重现
task_262_12	A Matter of Time	手忙脚乱
task_262_13	Essential Guide	第二次见面
task_262_14	A Lingering Presence	挥之不去
task_262_15	Coming Home	回家
task_262_16	Esther's Hall	埃丝特大厅
task_262_17	Chaos Agent	闭店时刻
task_263_1	House Hunters	寻觅新房
task_263_2	Master Juggler	全能大师
task_263_3	A Special Invitation	特殊的邀请
task_263_4	Dirty Dealings	肮脏的协议
task_263_5	An Imperfect Volunteer	不靠谱的嘉宾
task_263_6	Turning the Tide	展望未来
task_263_7	Bad Test	糟糕的客串
task_263_8	Lunching Ladies	姐妹聚会
task_263_9	Coming Together	新嘉宾就位
task_263_10	Below the Belt	卑劣招数
task_263_11	Excusable Goodbye	中途离场
task_263_12	Fumbled Frustrations	扫兴者来了
task_263_13	Fluffing the Truth	针尖对麦芒
task_263_14	Frozen Bliss	甜蜜的期待
task_263_15	Not Your Fight	为何而战
task_263_16	Questionable Peace	不稳定的和平
task_263_17	A Very Very Late Lunch	漫长的午餐
mapExplore_task_1	Clear obstacles	清除障碍
mapExplore_task_2	Collect Quartz crystals	采集黄水晶
mapExplore_task_3	Collect  Amethyst crystals	采集紫水晶
mapExplore_task_5	Collect treasures	集齐宝藏
mapExplore_task_7	Open all the treasure doors	打开所有宝藏区域的大门
mapExplore_task_9	Collect items	集齐物品
common_task_bubble	Pop {0} item bubbles	弹出{0}个棋子气泡
common_task_merge_10	Merge {0} level ten items	合成{0}个十级棋子
common_task_merge_3	Merge {0} level three items	合成{0}个三级棋子
common_task_merge_4	Merge {0} level four items	合成{0}个四级棋子
common_task_merge_5	Merge {0} level five items	合成{0}个五级棋子
common_task_merge_6	Merge {0} level six items	合成{0}个六级棋子
common_task_merge_7	Merge {0} level seven items	合成{0}个七级棋子
common_task_merge_8	Merge {0} level eight items	合成{0}个八级棋子
common_task_merge_9	Merge {0} level nine items	合成{0}个九级棋子
event_rest_btn	Later	休息一会
sky_stagecha_fail_desc	Coconut's descending back to Earth with empty paws. Better luck next time, Coconut!	小椰子两爪空空落回到了地面。下次好运吧，小椰子！
sky_stagecha_guide_1_1	Coconut is a strange cat…he won't stop pestering me with a pack of balloons. Will you watch him for me?	小椰子是只奇怪的猫……它老是拿着一包气球缠着我。你能帮我照看一下它吗？
sky_stagecha_guide_1_2	Finish the tasks on each stage to win prizes! But watch out: failing a task will send you back to the start of the stage.	完成每个阶段的任务即可赢取奖品！但要注意：任务失败的话要回到该阶段的起点重新开始。
sky_stagecha_guide_1_3	Here's the first task. Good luck – to you and to Coconut!	这是第一个任务。祝你好运——也祝小椰子好运！
sky_stagecha_instruction_1	Finish all the tasks on each stage to earn a reward.	完成每个阶段的所有任务即可获得阶段奖励。
sky_stagecha_instruction_2	Fail any of the tasks and your progress will reset to the start of the stage.	如果任何一个任务失败，你需要重新开始该阶段的挑战。
sky_stagecha_instruction_3	Win a grand prize for finishing all the stages!	完成所有阶段即可赢取大奖！
sky_stagecha_pre_desc	Coconut's at it again! He has an ingenious plan to reach some goodies that are out of reach. Let's follow along!	小椰子又开始捣蛋了！他想出了一个绝妙的计划，要拿到一些够不着的好吃的。让我们一起来看看吧！
sky_stagecha_success_desc	Coconut's plan was a great success! It looks like together you won the grand prize!	小椰子的计划大获成功！看来你们一起赢得了大奖！
sky_stagecha_title	Flight of Fancy	小椰子的奇思妙想
stagecha_startstage_desc1	Well done! Ready for the next stage?	干得好！准备好开始下一阶段了吗？
stagecha_startstage_desc2	Task failed. Ready to restart this stage?	任务失败，准备好重新开始这一阶段了吗？
stagecha_task_timeend	Time out!	时间到!
battlepass_title_Mother2026pass	Heartful Season	爱意绵绵季
battlepass_taskComplete_Mother2026pass	You've completed the Heartful Season tasks! Congratulations!	您已经完成了爱意绵绵季的所有任务！恭喜！
battlepass_endDesc_Mother2026pass	The Heartful Season is over! Come back next season for more rewards!	爱意绵绵季已结束，一起期待更精彩的下一季活动吧！
battlepass_tutorial_2_Mother2026pass	To advance your progress toward new rewards, you'll need to score points!	在爱意绵绵季中升级来获取奖励！
interactive_scene_frozen_intro	One dark, freezing night…	在一个寒冷的夜晚……
interactive_scene_frozen_target	Save them from the cold!	帮助她们取暖！
interactive_scene_coconut_title	Where is Coconut?	小椰子去哪儿了？
interactive_scene_coconut_target	Find the Cat!	找到猫咪！
interactive_scene_coconut_end	You found Coconut!	你找到了小椰子！
interactive_scene_2_dialogue_1	How far could Coconut's little legs take him?	小椰子能跑到哪儿去呢？
interactive_scene_2_dialogue_2	He shouldn't be too far – it's almost his lunchtime, after all!	应该不会太远——毕竟快到他的饭点儿了！
interactive_scene_2_dialogue_3	I really hope we can rely on his stomach. Let's get looking!	但愿他饿了就会回家。让我们开始寻找吧！
interactive_scene_item_found	Quest Item Found!	找到目标物品！
interactive_scene_complete	Goal Completed!	目标达成！
item_mpx_map_energy_super_1_collect_name	Energy Vial	弱能试管
item_mpx_map_energy_super_2_collect_name	Energy Bottle	能量罐
item_mpx_map_energy_super_3_collect_name	Energy Jar	强效能量瓶
item_mpx_map_energy_super_4_collect_name	Energy Star	星辰能量瓶
item_mpx_map_energy_super_6_collect_name	Jug of Energy	双能汇聚壶
item_mpx_map_energy_super_5_collect_name	Pot of Energy	大型能量壶
item_mpx_map_energy_super_7_collect_name	Carafe of Energy	梦幻能量瓶
item_mpx_map_energy_super_8_collect_name	Cauldron of Energy	能量熔炉
item_mpx_map_energy_super_1_collect_desc	Collect now to get <size=55><color=#3353bc>1</color><sprite="icon_explore_mapEnergy" name="icon_explore_mapEnergy"></size> or MERGE to earn even more!	收集可获得 <size=55><color=#3353bc>1</color><sprite="icon_explore_mapEnergy" name="icon_explore_mapEnergy"></size> 或者合并它来获得更多奖励！
item_mpx_map_energy_super_2_collect_desc	Collect now to get <size=55><color=#3353bc>2</color><sprite="icon_explore_mapEnergy" name="icon_explore_mapEnergy"></size> or MERGE to earn even more!	收集可获得 <size=55><color=#3353bc>2</color><sprite="icon_explore_mapEnergy" name="icon_explore_mapEnergy"></size> 或者合并它来获得更多奖励！
item_mpx_map_energy_super_3_collect_desc	Collect now to get <size=55><color=#3353bc>5</color><sprite="icon_explore_mapEnergy" name="icon_explore_mapEnergy"></size> or MERGE to earn even more!	收集可获得 <size=55><color=#3353bc>5</color><sprite="icon_explore_mapEnergy" name="icon_explore_mapEnergy"></size> 或者合并它来获得更多奖励！
item_mpx_map_energy_super_4_collect_desc	Collect now to get <size=55><color=#3353bc>12</color><sprite="icon_explore_mapEnergy" name="icon_explore_mapEnergy"></size> or MERGE to earn even more!	收集可获得 <size=55><color=#3353bc>12</color><sprite="icon_explore_mapEnergy" name="icon_explore_mapEnergy"></size> 或者合并它来获得更多奖励！
item_mpx_map_energy_super_5_collect_desc	Collect now to get <size=55><color=#3353bc>25</color><sprite="icon_explore_mapEnergy" name="icon_explore_mapEnergy"></size> or MERGE to earn even more!	收集可获得 <size=55><color=#3353bc>25</color><sprite="icon_explore_mapEnergy" name="icon_explore_mapEnergy"></size> 或者合并它来获得更多奖励！
item_mpx_map_energy_super_6_collect_desc	Collect now to get <size=55><color=#3353bc>55</color><sprite="icon_explore_mapEnergy" name="icon_explore_mapEnergy"></size> or MERGE to earn even more!	收集可获得 <size=55><color=#3353bc>55</color><sprite="icon_explore_mapEnergy" name="icon_explore_mapEnergy"></size> 或者合并它来获得更多奖励！
item_mpx_map_energy_super_7_collect_desc	Collect now to get <size=55><color=#3353bc>120</color><sprite="icon_explore_mapEnergy" name="icon_explore_mapEnergy"></size> or MERGE to earn even more!	收集可获得 <size=55><color=#3353bc>120</color><sprite="icon_explore_mapEnergy" name="icon_explore_mapEnergy"></size> 或者合并它来获得更多奖励！
item_mpx_map_energy_super_8_collect_desc	Collect to get <size=55><color=#3353bc>250</color><sprite="icon_explore_mapEnergy" name="icon_explore_mapEnergy"></size>! It's at its max level now!	收集可获得 <size=55><color=#3353bc>250</color><sprite="icon_explore_mapEnergy" name="icon_explore_mapEnergy"></size>！已达到最高等级！
mapExplore_task_eventBook	Unlock all the items in the Quest Journal	解锁“探索图鉴”内的全部物品
time_2weekslater	Two weeks later…	两周后……
Amay_set16_name	Boba Buddies	甜味茶饮
Amay_set16_1_name	Bravo Bubbles	甜蜜碰杯
Amay_set16_2_name	Original Order	经典原味
Amay_set16_3_name	Strawberry Blend	草莓波波
Amay_set16_4_name	Kitty Cap	猫咪陨石杯
Amay_set16_5_name	Fruity Bubbles	水果桶
Amay_set16_6_name	Matcha Mix	珍珠抹茶
Amay_set16_7_name	Cotton Candy Swirl	炫彩果味奶茶
Amay_set16_8_name	Ube Delight	香芋满杯
Amay_set16_9_name	Cookies & Cream	曲奇奶油杯
Amay_set17_name	Perfect Picnic	假日野餐
Amay_set17_1_name	Bread Basket	经典法棍
Amay_set17_2_name	Fruit Board	水果大餐
Amay_set17_3_name	Many Macarons	缤纷马卡龙
Amay_set17_4_name	Fancy Triangles	浆果三明治
Amay_set17_5_name	Picnic Pizza	野餐比萨
Amay_set17_6_name	Succulent Sweets	美味甜点
Amay_set17_7_name	Sandwich Box	缤纷三明治
Amay_set17_8_name	Torpedo Trio	潜艇堡
Amay_set17_9_name	Box Sandwich	便携三明治
Amay_set18_name	Farmer's Market	农夫市集
Amay_set18_1_name	Veg Spread	新鲜蔬菜
Amay_set18_2_name	Face to Face	面对面鲜选
Amay_set18_3_name	Bakery Bounty	烘焙珍品
Amay_set18_4_name	Lemons & Leaves	柠檬香草
Amay_set18_5_name	Bounteous Basket	丰盛菜篮
Amay_set18_6_name	Local Flowers	本地花坊
Amay_set18_7_name	Cherry Scales	多汁樱桃
Amay_set18_8_name	Produce Cart	蔬果推车
Amay_set18_9_name	Fresh Strawberries	鲜采草莓
timedOrder_grade_diff_des1	Choose a difficulty level and event rewards:	请选择订单难度和奖励
timedOrder_grade_diff_des2	The tougher the level, the greater the rewards!	难度越高，奖励越丰厚！
timedOrder_grade_diff1	Easy	轻松
timedOrder_grade_diff2	Normal	适中
timedOrder_grade_diff3	Hard	挑战
timedOrder_grade_reward_des1	Choose the event rewards:	请选择您需要的奖励
timedOrder_grade_reward_des2	Finish orders for the raccoon rascals and earn rewards!	完成浣熊兄弟的订单并获得奖励！
timedOrder_grade_reward1	energy	体力
timedOrder_grade_reward2	item	棋子
timedOrder_grade_reward3	card pack	卡包
freefall_item_title	Item Info	棋子信息
item_ff_chain_levelup_desc	Swap it with any item to increase the level of ALL items on the same chain.	将它和其它任意棋子交换，可以将目标棋子合成线上的所有棋子都提升1级。
item_ff_rainbow_desc	Tap to use and attack all three monsters.	点击使用它，可以同时攻击三个怪兽。
item_ff_random_levelup_desc	Tap to use and increase the level of random items on your board.	点击使用它，可以随机将一些棋子的等级提升1级。
rank_bytime_desc	If two or more players attain the same score, rank will be determined by when they attained it.	如果有多名玩家分数相同，则以到达该分数的时间先后进行排名。
trigger_boost_title	Disco Overdrive	派对狂欢
trigger_boost_desc	Earn <sprite="icon_triggerboost_score" name="icon_triggerboost_score"> to activate the special disco buff!	累计<sprite="icon_triggerboost_score" name="icon_triggerboost_score">来激活特殊的助力效果!
trigger_boost_score_energy_bubble	Earn <sprite="icon_triggerboost_score" name="icon_triggerboost_score"> by using energy to produce items.	消耗体力获得新棋子时获得<sprite="icon_triggerboost_score" name="icon_triggerboost_score">
trigger_boost_score_gold_bubble	Earn <sprite="icon_triggerboost_score" name="icon_triggerboost_score"> by earning gold coins.	赚取金币来获得<sprite="icon_triggerboost_score" name="icon_triggerboost_score">
trigger_boost_finish_desc	You did great under the disco lights! You've completed the event.	恭喜你赢得了所有奖励，你是派对上的闪耀之星!
trigger_boost_end_desc	Party time is over for now. Thanks for coming!	派对告一段落了，希望你玩得开心!
disco_buff_1_name	Pink Power	粉红助力
disco_buff_2_name	Gold Glory	黄金助力
disco_buff_3_name	Rainbow Reign	彩虹助力
disco_buff_desc	Use generators at NO energy cost for a limited number of taps.	在一定次数内，点击母体棋子无需消耗能量!
disco_buff_end_bubble	The disco buff is all used up!	助力效果已结束
trigger_boost_guide_1_1	Welcome to the dance floor! During this event, you'll get the chance to unlock special buffs!	欢迎来到派对！活动期间，有机会获得特殊的助力效果哦！
trigger_boost_guide_1_2	Activate a new buff each time you hit a point milestone!	每完成一档积分目标，就可以激活一次助力！
disco_buff_guide_1_1	Awesome! You've activated the disco buff!	太棒了！你成功激活了助力！
trigger_boost_gold_desc	Collect coins to activate the buff! \nOne coin equals one <sprite="icon_triggerboost_score" name="icon_triggerboost_score">.	收集金币来激活助力！\n每赚1金币可获得1<sprite="icon_triggerboost_score" name="icon_triggerboost_score">。
trigger_boost_energy_desc	Use energy to earn <sprite="icon_triggerboost_score" name="icon_triggerboost_score"> and activate the disco buff!	消耗能量获得<sprite="icon_triggerboost_score" name="icon_triggerboost_score">来激活助力！
trigger_boost_activate_title	{0} Activated!	{0}已激活!
disco_buff_1_desc	Generators will be smarter and cost NO energy for a small number of taps.	母体棋子不再消耗能量，并且更加智能。提供少量喷发次数。
disco_buff_2_desc	Generators will be smarter and cost NO energy for a moderate number of taps.	母体棋子不再消耗能量，并且更加智能。提供更多喷发次数。
disco_buff_3_desc	Generators will be smarter and cost NO energy for an abundant number of taps.	母体棋子不再消耗能量，并且更加智能。提供大量喷发次数。
trigger_boost_guide_1_3	Tap here to learn how the buff works.	点击这里查看助力效果。
disco_buff_guide_1_2	Now your generators cost NO energy - and become even smarter!	现在你的母体棋子变得更加智能，而且喷发时不再消耗体力！
disco_buff_guide_1_3	But taps are limited - you can check the usage of the buff on this progress bar.	不过使用次数有限—你可以通过这个进度条来查看使用情况。
mineral2_dig_depth	{0}M	{0}M
mineral2_dig_reward_desc	Merge items to collect points and earn these great prizes!	合成物品并收集积分来赢得这些丰厚的奖品！
mineral2_dig_end_desc2	Event Over!	活动结束!
mineral2_dig_convert	Your remaining tools are converted to:	您剩余的工具已被转化为：
mineral2_dig_hint	Not enough tools!	工具不足！
mineral2_dig_depth_title	You reached {0}m	你到达了{0}米
ranger_freefall_title	Woodland Wandering	诺曼的林中挑战
ranger_freefall_pre_desc	Join Norman's expedition to an enchanted forest filled with mighty monsters!	加入诺曼的队伍，挑战魔法森林中的强大怪物！
ranger_freefall_reward_title	Legendary Rewards	史诗奖励
ranger_freefall_reward_desc	Defeat Norman's foes to win their loot!	帮助诺曼打败怪兽来获得战利品！
ranger_freefall_hint_desc_1	Use your moves to merge items!	消耗步数来进行合成！
ranger_freefall_hint_desc_2	Merge items that match the color of the monsters to attack them!	合成和怪兽同色的棋子来攻击它们！
ranger_freefall_hint_desc_3	Defeat the monsters to earn legendary rewards!	击败怪兽来获得史诗战利品！
ranger_freefall_win_title	Monsters Defeated!	怪兽已被击败！
ranger_freefall_win_desc	Huzzah! You've done it! All of Norman's monsters have been defeated!	难以置信！你完成了诺曼的所有怪兽挑战！
ranger_freefall_congrat_desc1	You are hereby granted the rank of:	你被诺曼授予以下称号：
ranger_freefall_congrat_desc2	Grand Huntsman	怪兽大猎手
ranger_freefall_end_desc	All quests must end, eventually. Take your leave and live to fight another day!	所有的任务都有结束的一天。让我们暂时告别并为下次的战斗准备吧！
ranger_freefall_open_guide_1	Welcome to the enchanted forest! It's teeming with monsters, but we'll be alright.	欢迎来到魔法森林！这里遍地神秘怪物，但是和我在一起绝对安全！
ranger_freefall_open_guide_2	Try taking on a blue slime! Merge blue items to attack it!	先从这只蓝色的史莱姆开始吧！合成蓝色物品即可攻击它！
ranger_freefall_open_guide_3	Go on! Don't be shy, have a try!	试试吧，不要害羞！
ranger_freefall_open_guide_4	Bravo! We gave it a good thrashing!	干得漂亮！正中要害！
ranger_freefall_open_guide_5	Do remember! Each merge uses a move, so use them wisely!	记好了！每次合成都会消耗一个步数，要三思而后行！
ranger_freefall_boss_guide_1	Look out! There's a big one coming!	小心！大怪兽来了！
ranger_freefall_boss_guide_2	Merge any color item to attack this one – and earn big rewards when you defeat it!	合成任意颜色的物品来攻击它——击败它即可获得丰厚奖励！
ranger_freefall_boss_title	ALERT!	注意！
ranger_freefall_boss_desc	BOSS INCOMING	神秘怪兽来袭
item_ff_ranger_chain_levelup_desc	Swap it with any item to increase the level of ALL items on the same chain.	将它和其它任意棋子交换，可以将目标棋子合成线上的所有棋子都提升1级。
item_ff_ranger_rainbow_desc	Tap to use and attack all three monsters.	点击使用它，可以同时攻击三个怪兽。
item_ff_ranger_random_levelup_desc	Tap to use and increase the level of random items on your board.	点击使用它，可以随机将一些棋子的等级提升1级。
item_adv_energy_super_1_collect_name	Energy Vial	弱能试管
item_adv_energy_super_2_collect_name	Energy Bottle	能量罐
item_adv_energy_super_3_collect_name	Energy Jar	强效能量瓶
item_adv_energy_super_4_collect_name	Energy Star	星辰能量瓶
item_adv_energy_super_5_collect_name	Jug of Energy	双能汇聚壶
item_adv_energy_super_6_collect_name	Pot of Energy	大型能量壶
item_adv_energy_super_7_collect_name	Carafe of Energy	梦幻能量瓶
item_adv_energy_super_8_collect_name	Cauldron of Energy	能量熔炉
item_adv_energy_super_1_collect_desc	Collect now to get <size=55><color=#3353bc>1</color><sprite="icon_property" name="icon_energy"></size> or MERGE to earn even more!	收集可获得 <size=55><color=#3353bc>1</color><sprite="icon_property" name="icon_energy"></size> 或者合并它来获得更多奖励！
item_adv_energy_super_2_collect_desc	Collect now to get <size=55><color=#3353bc>2</color><sprite="icon_property" name="icon_energy"></size> or MERGE to earn even more!	收集可获得 <size=55><color=#3353bc>2</color><sprite="icon_property" name="icon_energy"></size> 或者合并它来获得更多奖励！
item_adv_energy_super_3_collect_desc	Collect now to get <size=55><color=#3353bc>5</color><sprite="icon_property" name="icon_energy"></size> or MERGE to earn even more!	收集可获得 <size=55><color=#3353bc>5</color><sprite="icon_property" name="icon_energy"></size> 或者合并它来获得更多奖励！
item_adv_energy_super_4_collect_desc	Collect now to get <size=55><color=#3353bc>10</color><sprite="icon_property" name="icon_energy"></size> or MERGE to earn even more!	收集可获得 <size=55><color=#3353bc>10</color><sprite="icon_property" name="icon_energy"></size> 或者合并它来获得更多奖励！
item_adv_energy_super_5_collect_desc	Collect now to get <size=55><color=#3353bc>20</color><sprite="icon_property" name="icon_energy"></size> or MERGE to earn even more!	收集可获得 <size=55><color=#3353bc>20</color><sprite="icon_property" name="icon_energy"></size> 或者合并它来获得更多奖励！
item_adv_energy_super_6_collect_desc	Collect now to get <size=55><color=#3353bc>50</color><sprite="icon_property" name="icon_energy"></size> or MERGE to earn even more!	收集可获得 <size=55><color=#3353bc>50</color><sprite="icon_property" name="icon_energy"></size> 或者合并它来获得更多奖励！
item_adv_energy_super_7_collect_desc	Collect now to get <size=55><color=#3353bc>120</color><sprite="icon_property" name="icon_energy"></size> or MERGE to earn even more!	收集可获得 <size=55><color=#3353bc>120</color><sprite="icon_property" name="icon_energy"></size> 或者合并它来获得更多奖励！
item_adv_energy_super_8_collect_desc	Collect to get <size=55><color=#3353bc>300</color><sprite="icon_property" name="icon_energy"></size>! It's at its max level now!	收集可获得 <size=55><color=#3353bc>300</color><sprite="icon_property" name="icon_energy"></size>！已达到最高等级！
item_adv_gold_super_1_collect_name	Gold Nugget	金块
item_adv_gold_super_2_collect_name	Gold Coin	金币
item_adv_gold_super_3_collect_name	Gold Stack	金堆
item_adv_gold_super_4_collect_name	Gold Pile	金币摞
item_adv_gold_super_5_collect_name	Bag of Gold	金袋
item_adv_gold_super_6_collect_name	Chest of Gold	金箱子
item_adv_gold_super_7_collect_name	Golden Ship	金船
item_adv_gold_super_8_collect_name	Golden Mountain	金山
item_adv_gold_super_2_collect_desc	Collect now to get <size=55><color=#902f00>1</color><sprite="icon_property" name="icon_gold"></size> or MERGE to gain even more!	收集可获得 <size=55><color=#902f00>1</color><sprite="icon_property" name="icon_gold"></size> ，或者合并它来获得更多奖励！
item_adv_gold_super_3_collect_desc	Collect now to get <size=55><color=#902f00>3</color><sprite="icon_property" name="icon_gold"></size> or MERGE to gain even more!	收集可获得 <size=55><color=#902f00>3</color><sprite="icon_property" name="icon_gold"></size> ，或者合并它来获得更多奖励！
item_adv_gold_super_4_collect_desc	Collect now to get <size=55><color=#902f00>6</color><sprite="icon_property" name="icon_gold"></size> or MERGE to gain even more!	收集可获得 <size=55><color=#902f00>6</color><sprite="icon_property" name="icon_gold"></size> ，或者合并它来获得更多奖励！
item_adv_gold_super_5_collect_desc	Collect now to get <size=55><color=#902f00>15</color><sprite="icon_property" name="icon_gold"></size> or MERGE to gain even more!	收集可获得 <size=55><color=#902f00>15</color><sprite="icon_property" name="icon_gold"></size> ，或者合并它来获得更多奖励！
item_adv_gold_super_6_collect_desc	Collect now to get <size=55><color=#902f00>35</color><sprite="icon_property" name="icon_gold"></size> or MERGE to gain even more!	收集可获得 <size=55><color=#902f00>35</color><sprite="icon_property" name="icon_gold"></size> ，或者合并它来获得更多奖励！
item_adv_gold_super_7_collect_desc	Collect now to get <size=55><color=#902f00>85</color><sprite="icon_property" name="icon_gold"></size> or MERGE to gain even more!	收集可获得 <size=55><color=#902f00>85</color><sprite="icon_property" name="icon_gold"></size> ，或者合并它来获得更多奖励！
item_adv_gold_super_8_collect_desc	Collect to get <size=55><color=#902f00>200</color><sprite="icon_property" name="icon_gold"></size>! It's at its max level now!	收集可获得 <size=55><color=#902f00>200</color><sprite="icon_property" name="icon_gold"></size> ！已达到最高等级！
item_adv_gem_super_1_collect_name	A Single Gem	宝石碎片
item_adv_gem_super_2_collect_name	Gem Heart	宝石之心
item_adv_gem_super_3_collect_name	Gem Ring	宝石戒指
item_adv_gem_super_4_collect_name	Giant Gem	巨型宝石
item_adv_gem_super_5_collect_name	Gem Apple	宝石苹果
item_adv_gem_super_6_collect_name	Gem Cat	宝石猫
item_adv_gem_super_7_collect_name	Gem Swan	宝石天鹅
item_adv_gem_super_8_collect_name	Gem Horse	宝石马
item_adv_gem_super_2_collect_desc	Collect now to get <size=55><color=#a00d0d>1</color><sprite="icon_property" name="icon_gem"></size> or MERGE to earn even more!	收集可获得 <size=55><color=#a00d0d>1</color><sprite="icon_property" name="icon_gem"></size> ，或者合并它来获得更多奖励！
item_adv_gem_super_3_collect_desc	Collect now to get <size=55><color=#a00d0d>3</color><sprite="icon_property" name="icon_gem"></size> or MERGE to earn even more!	收集可获得 <size=55><color=#a00d0d>3</color><sprite="icon_property" name="icon_gem"></size> ，或者合并它来获得更多奖励！
item_adv_gem_super_4_collect_desc	Collect now to get <size=55><color=#a00d0d>7</color><sprite="icon_property" name="icon_gem"></size> or MERGE to earn even more!	收集可获得 <size=55><color=#a00d0d>7</color><sprite="icon_property" name="icon_gem"></size> ，或者合并它来获得更多奖励！
item_adv_gem_super_5_collect_desc	Collect now to get <size=55><color=#a00d0d>15</color><sprite="icon_property" name="icon_gem"></size> or MERGE to earn even more!	收集可获得 <size=55><color=#a00d0d>15</color><sprite="icon_property" name="icon_gem"></size> ，或者合并它来获得更多奖励！
item_adv_gem_super_6_collect_desc	Collect now to get <size=55><color=#a00d0d>31</color><sprite="icon_property" name="icon_gem"></size> or MERGE to earn even more!	收集可获得 <size=55><color=#a00d0d>31</color><sprite="icon_property" name="icon_gem"></size> ，或者合并它来获得更多奖励！
item_adv_gem_super_7_collect_desc	Collect now to get <size=55><color=#a00d0d>65</color><sprite="icon_property" name="icon_gem"></size> or MERGE to earn even more!	收集可获得 <size=55><color=#a00d0d>65</color><sprite="icon_property" name="icon_gem"></size> ，或者合并它来获得更多奖励！
item_adv_gem_super_8_collect_desc	Collect to get <size=55><color=#a00d0d>150</color><sprite="icon_property" name="icon_gem"></size>! It's at its max level now!	收集可获得 <size=55><color=#a00d0d>150</color><sprite="icon_property" name="icon_gem"></size> ！已达到最高等级！
summary_text_264_6_end	Colton and Olivia spend some quality time together…	科尔顿和奥利维亚共度亲子时光……
summary_text_264_7_end	Mark and Frankie look over the preparations for the big debate…	马克和弗兰基检查大辩论的准备情况……
summary_text_264_9	Saul and Amala count down the days to Amala's next career adventure…	索尔和阿玛拉数着日子，等待阿玛拉开启职业新篇章……
summary_text_264_11_end	The highly-anticipated mayoral election debate starts…	备受期待的市长选举辩论正式拉开帷幕……
summary_text_264_15_end	The mayoral candidates make their final statements…	市长候选人发表最后的总结陈词……
title_text_amalaapt	Amala's Apartment	阿玛拉的公寓
summary_text_264_17_end	Amala and Harrison continue their constant catch-ups…	阿玛拉和哈里森继续互相交流近况……
task_264_1	More Pizzazz	更多爆点
task_264_2	Civic Duty	公民义务
task_264_3	Follow Your Heart	随心而动
task_264_4	Backstage Work	浪尾岛生活
task_264_5	Scribbles	鬼画符
task_264_6	Be That	父女时光
task_264_7	Sweet Justice	新旧市长
task_264_8	All Work, Some Play	尽情工作，适度玩乐
task_264_9	Not Hungry	未来的担忧
task_264_10	Secret Project	搬救兵
task_264_11	The Great Debate	大选辩论开幕
task_264_12	Fight Back	芭贝特的攻势
task_264_13	Battling it Out	辩论场之外
task_264_14	Social Commotion	舆论风波
task_264_15	A New Brimwave	新浪尾岛
task_264_16	Brimwave for Brimwavians	浪尾岛人的浪尾岛
task_264_17	Fish and Cheese	鱼和奶酪
summary_text_265_begin	Sophia meets with Imelda to debrief the debate…	索菲娅找上伊梅尔达，要给辩论表现好好复盘……
summary_text_265_3_end	Sophia and Vance meet up for an apartment viewing…	索菲娅与万斯碰头，一起看公寓……
summary_text_265_7_end	Colton and Olivia arrive for a special visit…	科尔顿带着奥利维亚，赴一场神秘之约……
summary_text_265_9_end	Amala and Saul's lunch break winds down…	阿玛拉和索尔的午休时间接近尾声……
title_text_decentapartment	A Decent Apartment	一座漂亮的公寓
summary_text_265_11_end	Sophia and Vance's realtor steps out for a moment…	中介刻意回避，索菲娅与万斯借机开启了对话……
summary_text_265_13_end	Ziva concludes her educational tour of her writerly ways…	姬瓦的作家养成实地教学迎来了尾声……
summary_text_265_15_end	To clear the air, Saul and Amala find themselves on a fancy date…	为了把话说开，索尔与阿玛拉共赴一场高级约会……
task_265_1	Mystery Fatigue	解谜疲劳
task_265_2	Tonight Tomorrow	明晚见
task_265_3	Cringe or Cool	是酷还是尬
task_265_4	Keeping the Flame Alive	回归厨房
task_265_5	Totally Different	判若两人
task_265_6	Fresh Faces	新鲜面孔
task_265_7	The Storyteller	故事大王
task_265_8	Off the Map	自乱阵脚
task_265_9	Character Development	必经的修行
task_265_10	Brimwave Loves Politics	全民参政狂热
task_265_11	The Big Conversation	人生大事
task_265_12	Long-Term Plan	长远盘算
task_265_13	Speed of Publishing	出版漫漫路
task_265_14	All Sorts of Mayhem	唯恐天下不乱
task_265_15	Reservations	一席难求
task_265_16	An Asset	得力干将
task_265_17	Plenty of Gas	老爸未老
title_text_library	Brimwave Library	浪尾岛图书馆
summary_text_266_4	Olivia and Ziva arrive for their special scholastic trip…	奥利维亚和姬瓦开启了她们特别的求知之旅……
title_text_swigginsailors	Swiggin' Sailors	微醺水手
summary_text_266_9_end	At Dominic's favourite pub, the banter gets underway…	在多米尼克最爱的酒馆里，两人开始插科打诨……
summary_text_266_10	After an exciting apartment viewing, Sophia takes a call…	看完令人心动的房子后，索菲娅接了一通电话……
summary_text_266_15	Sophia finally meets up with Vance to give him an update…	索菲娅终于跟万斯碰了面，同步了最新情况……
task_266_1	More Milkshakes	控制局面
task_266_2	The Big Alien Cover Up	外星人绝密真相
task_266_3	Standards & Discipline	规矩与纪律
task_266_4	Science Fiction	科幻小说
task_266_5	Going Places	梦之队
task_266_6	Limelight	聚光灯下
task_266_7	Top Secret Discovery	绝密发现
task_266_8	The Diving Whale	下潜的鲸鱼
task_266_9	Nomads	酒馆趣谈
task_266_10	Caught Off Guard	先斩后奏
task_266_11	Heart Stealer	偷心贼
task_266_12	Heart Breaker	负心汉
task_266_13	Cherry Bomb	樱桃炸弹
task_266_14	Pale Horse	索尔的舞台
task_266_15	Dream House	梦中情房
task_266_16	Life Update	新的人生
task_266_17	Clip Show	劲爆切片
summary_text_267_begin	Amala and Quinn meet up to talk about Harrison…	阿玛拉与奎因碰头，聊起哈里森的事情……
summary_text_267_5_end	Olivia ponders life as a grown-up…	奥利维亚在烦恼长大后的生活……
task_267_1	Wearing Different Hats	身兼数职
task_267_2	Hot Potato	马克想静静
task_267_3	Proof in the Pudding	论迹不论心
task_267_4	Line in the Sand	明确界限
task_267_5	Library Haul	成长的烦恼
task_267_6	Capable Hands	放心托付
task_267_7	Personal Errands	忙中抽身
task_267_8	Cooling Jets	一盆冷水
task_267_9	Another Chance	再战一局
task_267_10	Running the Show	调试完毕
task_267_11	Mystery Tour	棘手谜团
task_267_12	Working Theories	疑点重重
task_267_13	Suspicious Suspicions	满心狐疑
task_267_14	An Oldie but Goodie	观众来电问答
task_267_15	Anonymous Caller	神秘连线
task_267_16	Technical Difficulties	信号中断
task_267_17	An Instant Hit	全网炸锅
title_text_sophiahome	Sophia's Apartment	索菲娅的公寓
summary_text_268_6_end	Sophia and Vance settle in for the evening's debate…	索菲娅和万斯早早守在屏幕前，坐等今晚的辩论大戏……
title_text_buoybrew	The Buoy Brew Pub	航海家酒吧
summary_text_268_7_end	Colton and Dominic plan the ultimate bro road trip…	科尔顿和多米尼克正盘算着一场史诗级的“纯爷们”公路旅行……
summary_text_268_14	Sophia is amazed by the debate's feedback…	辩论的反响之火爆，让索菲娅震惊不已……
summary_text_269_begin	Mark receives a surprising police report…	马克收到了一份令人意外的举报……
task_268_1	What You Want	心之所向
task_268_2	Cocooning Catepillars	健康关系
task_268_3	A Blown Cover	陈年旧怨
task_268_4	Red-Handed	高人指点
task_268_5	Freefalling Together	共赴前程
task_268_6	The Perfect Combo	人间美味
task_268_7	Bros on the Road	公路男孩
task_268_8	Backstage Tension	暗流涌动
task_268_9	Debate Part Deux	辩论开始
task_268_10	Breaking Codes	解密时刻
task_268_11	Opposite Ends	针锋相对
task_268_12	On Common Ground	达成共识
task_268_13	Phoned in Citizen	场外热线
task_268_14	Rivetted Reviews	舆论沸腾
task_268_15	The Final Word	惺惺相惜
task_268_16	The Last Leg	终极冲刺
task_268_17	Broadcasting Dreams	名嘴之梦
common_try_again	Try Again	再试一次
cake_team_title	Brimwave Bake-off	浪尾岛烘焙大赛
cake_team_pre_desc	Team up with a fellow restaurateur to compete in this cooperative cake challenge!	与其他玩家组队，一起参加刺激的烘焙大赛吧！
cake_team_match_desc	Partner up and find your opponents to begin the challenge!	组建小队，匹配对手，烘焙比拼即将开始!
cake_team_match_title	Match with your partner!	匹配你的搭档
team_match_mate_btn	Match	匹配
team_match_rival_btn	Match	匹配
team_reward_title	Winner's Rewards	赢家奖励
team_mvp_bubble	Earn more points than your partner to win the MVP reward!	贡献比搭档更多的积分，可以额外获得MVP奖励！
team_start_title	Round starts now!	比赛开始!
team_win_title	You won!	你获胜了!
team_mvp_title	The MVP is…	MVP得主是……
team_mvp_player_title	The MVP is YOU!	MVP得主是你!
team_mvp_partner_title	Your partner!	你的搭档!
team_win_reward_title	Your Rewards	你的奖励
team_mvp	MVP	MVP
team_lose_title	You lost!	你失败了!
team_player_team_title	Your Team	你的小队
team_rival_team_title	Your Opponents	对方小队
cake_team_instruction_1	Match with a partner to form a team.	和搭档组建小队
cake_team_instruction_2	Merge items and complete orders to earn <sprite="icon_caketeam_score" name="icon_caketeam_score">	通过合成物品或完成订单来获得<sprite="icon_caketeam_score" name="icon_caketeam_score">
cake_team_instruction_3	Finish the cake faster than your opponents to earn <sprite="icon_caketeam_token" name="icon_caketeam_token">	率先完成蛋糕来获得<sprite="icon_caketeam_token" name="icon_caketeam_token">
cake_team_instruction_4	Keep winning bake-off rounds to win big prizes!	在比赛中获胜并\n赢得大奖!
cake_team_finish_desc	You're a great battling baker! You've completed the event.	太了不起了！你在烘焙大赛中大获全胜！
cake_team_end_desc	The bake-off has wrapped up! Thanks for playing!	烘焙大赛圆满结束，感谢你的参与！
cake_team_guide_1_1	Welcome to the Brimwave Bake-off! Are you ready?	欢迎来到浪尾岛烘焙大赛！准备好了吗？
cake_team_guide_1_2	First, let's match you with a partner!	首先，让我们匹配一个搭档吧！
cake_team_guide_1_3	Great! Next, match with an opposing team to start the competition!	太棒了！接下来匹配对手，比赛即将开始！
cake_team_guide_2_1	Team up with other players to earn points and build your cake, tier by tier!	和搭档一起赚取积分，制作精美的蛋糕！
cake_team_guide_2_2	The first team to finish their cake will win rewards!	率先完成蛋糕的队伍才能获得奖励哦！
cake_team_guide_2_3	Feeling extra competitive? Earn more points than your teammate to win the MVP reward!	贡献更多积分的胜利玩家还能额外获得MVP奖励！
character_intimacy_carmen_idle_1	I should really restring my cello soon…	我真该尽快给我的大提琴换弦了……
character_intimacy_carmen_idle_2	Hold that thought. I’m working on a new composition.	先别急。我正在创作一首新曲子。
character_intimacy_carmen_idle_3	Stay. I think you’ll like this song…	留下来吧。我想你会喜欢这首歌的……
character_intimacy_carmen_idle_4	A song always sounds different the second time.	一首歌第二次听起来总是不一样的。
character_intimacy_carmen_idle_5	Please! Do NOT get me started on trumpet players.	拜托！别让我开始吐槽小号手。
character_intimacy_carmen_idle_6	My favorite composer? Geez, I don’t know. Let me think…	我最喜欢的作曲家？天哪，我不知道。让我想想……
character_intimacy_carmen_hello_midnight_1	Oh, I’m sorry. Did my music keep you up?	哦，抱歉。我的音乐吵得你睡不着吗？
character_intimacy_carmen_hello_midnight_2	The weather’s perfect for a midnight stroll. Want to come?	天气很适合午夜散步。想一起来吗？
character_intimacy_carmen_hello_midnight_3	It’s easier to play when everyone else is asleep…	大家都睡着的时候演奏起来更容易……
character_intimacy_carmen_hello_morning_1	Oh, I’m sorry. Did I wake you up with my playing?	哦，抱歉。我演奏的声音把你吵醒了吗？
character_intimacy_carmen_hello_morning_2	Another day…here we go.	又是新的一天……开始吧。
character_intimacy_carmen_hello_morning_3	I'm not sure what I'll do today. Do you?	我不确定今天要做什么。你知道吗？
character_intimacy_carmen_hello_afternoon_1	Hmm, I wasn’t expecting you here. But it’s nice to see you.	嗯，没想到你会在这儿。不过见到你真好。
character_intimacy_carmen_hello_afternoon_2	I was just about to grab lunch – perhaps you'd like to tag along?	我正要去吃午饭——也许你想一起来？
character_intimacy_carmen_hello_afternoon_3	Retreating from the sun, too? It gets so hot in Brimwave.	你也是来躲太阳的？浪尾岛真是太热了。
character_intimacy_carmen_hello_evening_1	Don’t mind me, I’m catching up on my podcasts.	别管我，我在听播客。
character_intimacy_carmen_hello_evening_2	I might have leftovers for dinner. Unless you have a better idea.	我晚饭可能吃剩菜。除非你有更好的主意。
character_intimacy_carmen_hello_evening_3	Now that you’re here: want to be my plus-one for a show tonight?	既然你来了：想当我今晚看演出的同伴吗？
character_intimacy_carmen_hello_night_1	There’s something about listening to classical music at night.	夜晚听古典音乐有种特别的感觉。
character_intimacy_carmen_hello_night_2	Oh me? I'm just trying to get my steps in before bed.	哦我？我只是想在睡前走够步数。
character_intimacy_carmen_hello_night_3	Ah, finally some peace and quiet.	啊，终于清静了。
character_intimacy_carmen_gift_1	At least it’s practical. Thanks.	至少很实用。谢谢。
character_intimacy_carmen_gift_2	Really, you didn’t have to.	真的，你不必这样。
character_intimacy_carmen_gift_3	This is new…people giving me things…	这还是头一回……有人给我送东西……
character_intimacy_carmen_gift_4	Huh, who knew that I wanted this? I guess you did.	嗯，谁知道我想要这个呢？我猜你知道。
character_intimacy_carmen_gift_5	Looks like I’ll need a new trinket shelf…	看来我需要一个新的小摆设架了……
character_intimacy_carmen_gift_6	This is not what I was expecting…but thank you.	这不是我预料中的……但还是谢谢你。
character_intimacy_carmen_gift_prefer_1	You have a knack for finding exactly what I like.	你很擅长找到我喜欢的东西。
character_intimacy_carmen_gift_prefer_2	I can’t believe you noticed…	真不敢相信你注意到了……
character_intimacy_carmen_gift_prefer_3	You didn’t have to go out of your way for me.	你不必为我特意费心的。
character_intimacy_carmen_gift_prefer_4	Surprisingly, I like this…a lot.	出乎意料，我很喜欢这个……非常喜欢。
character_intimacy_carmen_gift_prefer_5	I don’t have anything else to say except thank you.	除了谢谢我也不知道该说什么了。
character_intimacy_carmen_level_up_1	I’m surprised you stuck around…	我很惊讶你还留在这里……
character_intimacy_carmen_level_up_2	Hey, maybe we could play together one day.	嘿，也许哪天我们可以一起玩。
character_intimacy_carmen_level_up_3	I’m starting not to mind you so much. Which is nice…	我开始不那么介意你了。感觉还挺好的……
character_intimacy_carmen_level_up_4	You can stay as long as you want.	你想待多久都可以。
character_intimacy_carmen_level_up_5	I think it’s time for me to compose that duet…for you and me.	我想是时候谱写那首二重奏了……为你和我。
character_intimacy_carmen_gift_ready_1	It’s nothing too elaborate…just a little something for you.	没什么特别精致的……只是给你的一点小心意。
character_intimacy_carmen_gift_ready_2	I thought you might need this.	我想你可能需要这个。
character_intimacy_carmen_gift_ready_3	You’ll understand once you open it.	打开你就明白了。
character_intimacy_carmen_gift_open_1	See? I knew it was exactly what you needed.	看吧？我就知道这正是你需要的。
character_intimacy_carmen_gift_open_2	You don’t have to thank me. Really…	你不用谢我。真的……
character_intimacy_carmen_gift_open_3	It’s okay if you don’t like it. I’ll do better next time.	如果你不喜欢也没关系。下次我会做得更好。
character_story_carmen_1a_name	Babysitting Duty I	保姆任务 I
character_story_carmen_1a_scene	The Castillo Household	卡斯蒂略家
character_story_carmen_1a_intro	Years ago, Carmen finds herself in charge of babysitting a young Quinn…	多年前，卡门发现自己要负责照看年幼的奎因……
character_story_carmen_1b_name	Babysitting Duty II	保姆任务 II
character_story_carmen_1b_scene	The Castillo Household	卡斯蒂略家
character_story_carmen_1b_intro	Carmen puts together an irresistible mystery…	卡门设计了一个无法抗拒的谜题……
character_story_carmen_1c_name	Babysitting Duty III	保姆任务 III
character_story_carmen_1c_scene	The Castillo Household	卡斯蒂略家
character_story_carmen_1c_intro	Later that evening, Dominic checks in with Carmen after a long day of babysitting…	当晚，多米尼克在漫长的保姆工作结束后来看望卡门……
character_story_carmen_2a_name	Wildflowers Amongst Roses I	玫瑰丛中的野花 I
character_story_carmen_2a_scene	Ziva's Exclusive Party	姬瓦的私人派对
character_story_carmen_2a_intro	Carmen makes her way across the room at an elite gathering…	卡门在一场精英聚会上穿过房间……
character_story_carmen_2b_name	Wildflowers Amongst Roses II	玫瑰丛中的野花 II
character_story_carmen_2b_scene	Ziva's Exclusive Party	姬瓦的私人派对
character_story_carmen_2b_intro	Moments after an embarrassing reveal, Sophia stops Carmen from leaving…	在一次尴尬的揭露之后，索菲娅阻止了准备离开的卡门……
character_story_carmen_3a_name	Home I	家 I
character_story_carmen_3a_scene	Carmen's Student Home	卡门的学生公寓
character_story_carmen_3a_intro	Years ago, a young Carmen celebrates a life-changing event with her college friends…	多年前，年轻的卡门与大学朋友们一起庆祝一个改变人生的时刻……
character_story_carmen_3b_name	Home II	家 II
character_story_carmen_3b_scene	Brimwave Harvest Festival	浪尾岛丰收节
character_story_carmen_3b_intro	Years after returning home, Carmen gets into an argument…	回家多年后，卡门陷入了一场争吵……
character_story_carmen_3c_name	Home III	家 III
character_story_carmen_3c_scene	Brimwave Harvest Festival	浪尾岛丰收节
character_story_carmen_3c_intro	Later that day, Carmen runs into a familiar face that's also returned to Brimwave…	那天晚上，卡门遇到了一张同样回到浪尾岛的熟悉面孔……
character_carmen_moment_1_name	All Tuckered Out	累坏了
character_carmen_moment_1_desc	Carmen's an unlikely babysitter, but Quinn has enough energy for them both…'til the end of the day.	卡门不太像个保姆，但奎因的精力足够她们俩用……直到一天结束。
character_carmen_moment_2_name	I'll Toast to That	为此干杯
character_carmen_moment_2_desc	Carmen bonds with an unlikely new friend, celebrating connections, coincidences, and values shared.	卡门与一位意想不到的新朋友建立了联系，庆祝彼此的缘分、巧合和共同的价值观。
character_carmen_moment_3_name	And I'll Become the Sea	我将化作大海
character_carmen_moment_3_desc	On the ferry ride home, Carmen tried to bury her old life, hopes and dreams – but it didn't work.	在回家的渡轮上，卡门试图埋葬她的旧生活、希望和梦想——但没有成功。
character_intimacy_carmen_desc	A soulful musician with a generous but misunderstood disposition.	一位富有灵魂的音乐家性格慷慨却常被误解。
character_intimacy_profile_carmen_job	Carer, cellist, ex-restaurateur	照顾者、大提琴手、前餐厅老板
character_intimacy_profile_carmen_relationship	Quinn’s honorary auntie, Ziva’s love interest	奎因的名义阿姨，姬瓦的恋人
character_intimacy_profile_carmen_like	An argyle print, Assam tea	菱形格纹，阿萨姆红茶
character_intimacy_profile_carmen_dislike	Sousaphones, sand in her socks	苏萨大号，袜子里的沙子
character_intimacy_profile_carmen_story	Carmen always dreamt of life off the island. She left Brimwave to pursue her passion for the cello but returned to care for her aging parents and work at the restaurant. At first, she resented it, but after selling the restaurant to Quinn, Carmen returned to her passion: the cello. Returning to Brimwave meant confronting past shadows and broken promises. Will she ever fully regain her passion?	卡门一直梦想着离岛生活。她离开浪尾岛追求对大提琴的热爱，但后来回来照顾年迈的父母并在餐厅工作。起初她对此心怀怨恨，但在把餐厅卖给奎因后，卡门重拾了她的热情：大提琴。回到浪尾岛意味着要面对过去的阴影和破碎的承诺。她能完全找回自己的热情吗？
carmen_intimacy_return_gift_title	Carmen’s Music Box	卡门的音乐盒
carmen_intimacy_return_gift_desc	A reward box that sings a familiar tune. Tap to open!	一个会唱熟悉旋律的奖励盒子。点击打开！
item_gift_carmen_1_name	Carmen’s Music Box	卡门的音乐盒
item_gift_carmen_1_desc	A reward box that sings a familiar tune.	一个会唱熟悉旋律的奖励盒子。
item_main_super_energy_1_collect_name	Energy Vial	弱能试管
item_main_super_energy_2_collect_name	Energy Bottle	能量罐
item_main_super_energy_3_collect_name	Energy Jar	强效能量瓶
item_main_super_energy_4_collect_name	Energy Star	星辰能量瓶
item_main_super_energy_6_collect_name	Jug of Energy	双能汇聚壶
item_main_super_energy_5_collect_name	Pot of Energy	大型能量壶
item_main_super_energy_7_collect_name	Carafe of Energy	梦幻能量瓶
item_main_super_energy_8_collect_name	Cauldron of Energy	能量熔炉
item_main_super_energy_1_collect_desc	Collect now to get <size=55><color=#3353bc>1</color><sprite="icon_property" name="icon_energy"></size> or MERGE to earn even more!	收集可获得 <size=55><color=#3353bc>1</color><sprite="icon_property" name="icon_energy"></size> 或者合并它来获得更多奖励！
item_main_super_energy_2_collect_desc	Collect now to get <size=55><color=#3353bc>2</color><sprite="icon_property" name="icon_energy"></size> or MERGE to earn even more!	收集可获得 <size=55><color=#3353bc>2</color><sprite="icon_property" name="icon_energy"></size> 或者合并它来获得更多奖励！
item_main_super_energy_3_collect_desc	Collect now to get <size=55><color=#3353bc>5</color><sprite="icon_property" name="icon_energy"></size> or MERGE to earn even more!	收集可获得 <size=55><color=#3353bc>5</color><sprite="icon_property" name="icon_energy"></size> 或者合并它来获得更多奖励！
item_main_super_energy_4_collect_desc	Collect now to get <size=55><color=#3353bc>10</color><sprite="icon_property" name="icon_energy"></size> or MERGE to earn even more!	收集可获得 <size=55><color=#3353bc>10</color><sprite="icon_property" name="icon_energy"></size> 或者合并它来获得更多奖励！
item_main_super_energy_5_collect_desc	Collect now to get <size=55><color=#3353bc>20</color><sprite="icon_property" name="icon_energy"></size> or MERGE to earn even more!	收集可获得 <size=55><color=#3353bc>20</color><sprite="icon_property" name="icon_energy"></size> 或者合并它来获得更多奖励！
item_main_super_energy_6_collect_desc	Collect now to get <size=55><color=#3353bc>50</color><sprite="icon_property" name="icon_energy"></size> or MERGE to earn even more!	收集可获得 <size=55><color=#3353bc>50</color><sprite="icon_property" name="icon_energy"></size> 或者合并它来获得更多奖励！
item_main_super_energy_7_collect_desc	Collect now to get <size=55><color=#3353bc>120</color><sprite="icon_property" name="icon_energy"></size> or MERGE to earn even more!	收集可获得 <size=55><color=#3353bc>120</color><sprite="icon_property" name="icon_energy"></size> 或者合并它来获得更多奖励！
item_main_super_energy_8_collect_desc	Collect to get <size=55><color=#3353bc>300</color><sprite="icon_property" name="icon_energy"></size>! It's at its max level now!	收集可获得 <size=55><color=#3353bc>300</color><sprite="icon_property" name="icon_energy"></size>！已达到最高等级！
item_main_super_gold_1_collect_name	Gold Nugget	金块
item_main_super_gold_2_collect_name	Gold Coin	金币
item_main_super_gold_3_collect_name	Gold Stack	金堆
item_main_super_gold_4_collect_name	Gold Pile	金币摞
item_main_super_gold_5_collect_name	Bag of Gold	金袋
item_main_super_gold_6_collect_name	Chest of Gold	金箱子
item_main_super_gold_7_collect_name	Golden Ship	金船
item_main_super_gold_8_collect_name	Golden Mountain	金山
item_main_super_gold_2_collect_desc	Collect now to get <size=55><color=#902f00>1</color><sprite="icon_property" name="icon_gold"></size> or MERGE to gain even more!	收集可获得 <size=55><color=#902f00>1</color><sprite="icon_property" name="icon_gold"></size> ，或者合并它来获得更多奖励！
item_main_super_gold_3_collect_desc	Collect now to get <size=55><color=#902f00>3</color><sprite="icon_property" name="icon_gold"></size> or MERGE to gain even more!	收集可获得 <size=55><color=#902f00>3</color><sprite="icon_property" name="icon_gold"></size> ，或者合并它来获得更多奖励！
item_main_super_gold_4_collect_desc	Collect now to get <size=55><color=#902f00>6</color><sprite="icon_property" name="icon_gold"></size> or MERGE to gain even more!	收集可获得 <size=55><color=#902f00>6</color><sprite="icon_property" name="icon_gold"></size> ，或者合并它来获得更多奖励！
item_main_super_gold_5_collect_desc	Collect now to get <size=55><color=#902f00>15</color><sprite="icon_property" name="icon_gold"></size> or MERGE to gain even more!	收集可获得 <size=55><color=#902f00>15</color><sprite="icon_property" name="icon_gold"></size> ，或者合并它来获得更多奖励！
item_main_super_gold_6_collect_desc	Collect now to get <size=55><color=#902f00>35</color><sprite="icon_property" name="icon_gold"></size> or MERGE to gain even more!	收集可获得 <size=55><color=#902f00>35</color><sprite="icon_property" name="icon_gold"></size> ，或者合并它来获得更多奖励！
item_main_super_gold_7_collect_desc	Collect now to get <size=55><color=#902f00>85</color><sprite="icon_property" name="icon_gold"></size> or MERGE to gain even more!	收集可获得 <size=55><color=#902f00>85</color><sprite="icon_property" name="icon_gold"></size> ，或者合并它来获得更多奖励！
item_main_super_gold_8_collect_desc	Collect to get <size=55><color=#902f00>200</color><sprite="icon_property" name="icon_gold"></size>! It's at its max level now!	收集可获得 <size=55><color=#902f00>200</color><sprite="icon_property" name="icon_gold"></size> ！已达到最高等级！
order_boost_cannon_instruction_1	Collect enough Rave Reviews to earn one cannonball.	每集齐一轮笑脸，就能获得一枚炮弹。
order_boost_cannon_instruction_2	Collect 3 cannonballs to claim the Cannon Reward!	集齐三个炮弹就能获得大炮奖励哦！
order_boost_cannon_btn	Fire!	发射!
order_boost_cannon_name	Cannonball Boost	惊喜大炮
order_boost_cannon_desc	Launch special cannonballs to receive order items or upgrade existing items!	大炮会发射棋子或升级主棋盘上的棋子，帮助你更快完成订单!
order_boost_cannon_reward_title	Boom!	惊喜时刻!
order_boost_cannon_guide_1_1	There's something new with Rave Reviews – let's check it out!	好评如潮里有些新内容，让我们来看看吧！
order_boost_cannon_guide_1_2	Collect enough Rave Reviews to earn a special cannonball. Collect 3 cannonballs to start the Cannonball Boost!	收集一轮好评可以获得炮弹，集齐3个炮弹就可以获得大炮奖励哦！
order_boost_cannon_guide_1_3	The Cannonball Boost has special effects that help with your kitchen orders! Give it a try!	大炮是一种特殊奖励，可以帮助你完成订单，快来试试吧！
event_spin_btn	SPIN	抽奖
item_main_e_chest_new_1_name	Energy Chest	体力箱
item_main_e_chest_new2_1_name	Energy Chest	体力箱
item_main_e_chest_new_1_desc	Contains energy bottles of varying level. Tap to dispense items!	包含不同等级的能量瓶。点击来生成棋子！
item_main_e_chest_new2_1_desc	Contains energy bottles of varying level. Tap to dispense items!	包含不同等级的能量瓶。点击来生成棋子！
item_main_g_chest_new_1_name	Piggy Bank	存钱罐
item_main_t_chest_new_1_name	Welcome Gift	欢迎礼物箱
generator_factory_guide_1_1	You’ve unlocked the new Generator Workshop. Open your inventory to access it!	你已新解锁母体棋子工厂。点击仓库图标即可进入！
generator_factory_guide_1_2	Tap here to open the Generator Workshop.	点击这里切换至母体棋子工厂。
generator_factory_guide_1_3	You can collect low-level generator items from the board and upgrade them to higher levels here!	你可以在棋盘收集低级母体棋子，并在这里合成制作更高级的棋子。
generator_factory_guide_2_1	You have a generator item. Tap to collect and send it to the Generator Workshop.	这里有一个母体棋子，点击将它收集到母体棋子工厂。
generator_factory_guide_2_2	Now try going to the Generator Workshop to upgrade your generators!	现在你可以去母体棋子工厂来提升获得高级母体棋子的进度啦。
generator_factory_nomove	Tap to collect!	请点击收集该棋子。
generator_factory_notenough	Not enough items!	该棋子不足。
generator_factory_ready	Craft	制作
generator_factory_title	Generator Workshop	母体棋子工厂
generator_factory_use_desc	Tap low-level generator items on the board to collect and merge them here!	点击棋盘上的低级母体棋子进行收集，并且在这里点击它们来累积进度条获得高级棋子。
item_tap_collect_desc	Tap to collect this item!	点击收集该棋子。
spin_rdm_rwd_get_desc	Give the reward wheel a spin to receive a random reward!	转动奖励转盘，即可获得随机奖励！
spin_rdm_rwd_title	Spin Reward	转盘奖励
task_limittime_reward_guide_1_1	The Story Rewards timer has started! Tap here to learn more!	限时任务奖励已经开启了，让我们点开看看细节。
task_limittime_reward_tri_title	Countdown Spinner	限时转盘奖励
mineral_dig_title	Home Decor Heroics	家居大改造
mineral_dig_pre_desc	Sam's winding down with some interior design tasks! Help him find the right pieces for his home!	山姆正忙着做家居布置！快来帮他挑选合适的家具和装饰吧！
mineral_dig_desc	Tap on the boxes to use rakes and discover Fun Furnishings!.	点击盒子，使用耙子解锁趣味家具好物！
mineral_dig_end_desc1	That's a lot of whimsical furniture – it's sure to help turn Sam's house into a home!	好多趣味家具啊——肯定能让山姆的房子变成一个真正的家！
mineral_dig_depth_desc1	Superior Styling!	格调满分
mineral_dig_depth_desc2	Interior Ingenuity!	创意软装
mineral_dig_depth_desc3	Divine Designing!	绝妙设计
mineral_dig_bottom	You've already found all of the furniture and home decor!	你已经找到所有的家具和装饰了！
mineral_dig_bottom_desc	Home Styling Hero	家居设计达人
mineral_dig_reward_title	Renovation Rewards	装修惊喜奖励
mineral_dig_guide_1_1	Thanks for helping me with my home makeover! I have some great stuff around here. Now, to find them…	谢谢你帮我完成家居改造！这里有很多精美好物，现在就一起来找找看吧……
mineral_dig_guide_1_2	Tap the boxes to open and clear them.	点击盒子并清空它们。
mineral_dig_instruction_2	Use the <sprite="icon_dig_tool" name="icon_dig_tool"> to clear boxes and find Fun Furnishing items.	使用<sprite="icon_dig_tool" name="icon_dig_tool"> 来清空箱子，寻找趣味家具。
mineral_dig_instruction_3	Collect Fun Furnishings to earn points and rewards.	收集趣味家具，赢取积分和奖励。
mineralDig_book_title	Accoutrement Agenda	家居物品清单
mineralDig_book_subtitle1	Pink Pillows	樱粉抱枕
mineralDig_book_subtitle2	Sage Seat Support	浅绿抱枕
mineralDig_book_subtitle3	Blue Bolsters	水蓝抱枕
mineralDig_book_subtitle4	Fun Furnishings	趣味家具
mineralDig_book_subtitle5	Potted Plants	盆栽植物
mineralDig_book_subtitle6	Toolbox Treasures	工具箱宝藏
mineralDig_book_subtitle7	Lively Lamps	灵动台灯
mineralDig_book_subtitle8	Classic Clocks	经典时钟
mineralDig_book_subtitle9	Cat Carvings	猫咪木雕
mapExploreSmash_mermaid_title	Crystal Cache	奇幻晶石
mapExploreSmash_mermaid_start_desc	What a find – a treasure chest encased in crystal! Let's retrieve the prize!	惊喜发现！是一颗包裹宝藏的晶石，试试敲碎它吧！
mapExploreSmash_guide_1	Spend <sprite="icon_explore_mapEnergy" name="icon_explore_mapEnergy"> to earn points.	消耗<sprite="icon_explore_mapEnergy" name="icon_explore_mapEnergy">获取积分
mapExploreSmash_guide_2	Collect enough points and strike the crystal with all your might!	集齐积分，用力敲击晶石！
mapExploreSmash_guide_3	Smash the crystals and earn big prizes!	晶石粉碎，赢得大奖！
mapExploreSmash_mermaid_desc	Collect points to crack the crystal!	尽快收集积分击碎晶石吧！
mapExploreSmash_hit	Smash!	敲击!
mapExploreSmash_congrat_hit_title	Lucky Drop!	幸运掉落！
mapExploreSmash_congrat_final_title	Crystal Cleared!	恭喜获得珍贵宝藏!
mermaidMapExplore_task_subob	Help the anglerfish fix her light	帮助灯笼鱼修灯泡
mermaidMapExplore_progress_title	Travel Supplies	旅途补给
mermaidMapExplore_progress_desc	Earn tokens from clearing obstacles and earn extra rewards!	清除障碍获得代币，并赢得额外奖励！
mermaidMapExplore_progress_bubble	Earn tokens by using event energy to clear obstacles!	消耗活动体力清除障碍来获得代币！
mermaid_name	Princess Mermaid	美人鱼公主
seahorse_name	Seahorse Guard	海马守卫
mapExplore_tutorial_3_noboard	Complete all the tasks to win the Grand Prize!	完成全部任务领取终极大奖!
summary_text_269_4	Mark and Frankie chew on the case at hand…	马克和弗兰基反复推敲着手头的案子……
summary_text_269_15_end	Dominic and Colton set off on their adventure…	多米尼克和科尔顿启程，踏上了他们的公路之旅……
summary_text_269_17_end	Frankie gives Mark some updates on their case…	弗兰基向马克同步了案情调查的最新进展……
task_269_1	Bright and Early	赶个大早
task_269_2	Pop Culture Moment	流行热潮
task_269_3	Under Control	不欢而散
task_269_4	ASAP	越快越好
task_269_5	Ambition, Pressure, Pride	野心、压力与傲慢
task_269_6	Quick Trip	短暂逃离
task_269_7	Objectively	客观办案
task_269_8	Goals Align	目标一致
task_269_9	Mr. Accused	失踪嫌疑人
task_269_10	Piece of My Mind	绝不轻饶
task_269_11	Keeping it Real	录制不能停
task_269_12	At My Lady's Side	坚实后盾
task_269_13	Adorable	甜度爆表
task_269_14	Tiramisu	别绪离愁
task_269_15	Comes with Age	岁月沉淀
task_269_16	Ambush Interview	突击采访
task_269_17	Reasonable	护他周全
summary_text_270_2_end	Imelda and Sophia plan the end of their campaign…	伊梅尔达与索菲娅正筹划着竞选的完美收官……
summary_text_270_12_end	Mark and Frankie convene with their findings…	马克和弗兰基碰头，汇总了各自的发现……
summary_text_270_15_end	Sophia asks Lori for a favor…	索菲娅找罗莉帮个小忙……
task_270_1	Notifications	绕路外快
task_270_2	End of the Road	终点在望
task_270_3	Connecting Dots	顺藤摸瓜
task_270_4	Crane's Code	克雷恩的密码
task_270_5	Messy Evidence	阿特拉斯的计划
task_270_6	Jealous Justice	嫉妒与正义
task_270_7	Ideas Guy	缺席点子王
task_270_8	Quick Visit	突击探班
task_270_9	Music Appreciation	纯粹音乐
task_270_10	Miss Congeniality	完美亲善大使
task_270_11	Mystery Musician	神秘音乐家
task_270_12	Detective Board	线索拼图
task_270_13	Pretty Crafty	如意算盘
task_270_14	Bigger Details	克雷恩的筹码
task_270_15	Plan B	捷足先登
task_270_16	Power, Corruption, Lies	权力、腐化与谎言
task_270_17	Hottest Goss	当下热点
summary_text_271_1_end	Amala realizes how hard leaving is going to be…	阿玛拉意识到，离别将有多么艰难……
summary_text_271_2_end	Frankie and Mark lay out all the missing pieces…	弗兰基和马克拼凑出了所有缺失的真相……
summary_text_271_9_end	Supervising her colleagues, Frankie wonders about the future of Brimwave…	在督促同事们干活时，弗兰基不禁暗自思忖浪尾岛的未来……
summary_text_271_14_end	Colton and Dominic reveal their feelings over a couple of pints…	几杯啤酒下肚，科尔顿在多米尼克面前吐露了心声……
summary_text_271_17_end	Imelda receives a well-needed reality check…	伊梅尔达终于认清了现实……
task_271_1	Goodbye Gifts	告别礼物
task_271_2	On a Thin Line	浮出水面
task_271_3	A Motivating Huddle	动员演讲
task_271_4	Following the Gut	不祥的预感
task_271_5	Dreaming Big	宏大愿景
task_271_6	The New Big Deal	老实人克雷恩
task_271_7	The Sketchy Artist	奇怪涂鸦
task_271_8	Surfacing Scars	揭开伤疤
task_271_9	The Action Star	武打片明星
task_271_10	Building the Static	选情暗涌
task_271_11	With Honor and Hope	荣耀与希冀
task_271_12	Commercial Break	后台小插曲
task_271_13	On the Line	听众热线
task_271_14	Feeling Feelings	别样感情
task_271_15	All on the Table	和盘托出
task_271_16	The Fall From Grace	面具剥落
task_271_17	At the Top, Alone	高处不胜寒
summary_text_272_begin	Imelda and Sophia grab some pastries before hitting the polls…	伊梅尔达和索菲娅吃了点糕点，随后奔赴投票站……
summary_text_272_5_end	On the road back to Brimwave, Dominic's RV starts to slow down…	在赶回浪尾岛的路上，多米尼克的房车慢了下来……
time_laterevening	Later that evening…	夜幕降临后……
summary_text_272_7_end	Fred Oslolan makes an important announcement about Brimwave’s future…	弗雷德·奥斯兰郑重宣布了事关浪尾岛未来的重磅结果……
summary_text_272_10_end	Sam and Quinn arrive at Babette's party…	山姆和奎因现身芭贝特的庆功宴……
summary_text_272_17_end	Quinn and Saul see Amala off ahead of her short-haul flight…	在短途航班起飞前，奎因和索尔在机场为阿玛拉送行……
task_272_1	Brewing Silence	高能预警
task_272_2	Disagreement Rehearsal	谈判预演
task_272_3	Surprising Pairs	神秘钥匙
task_272_4	Gloat and Glory	幸灾乐祸
task_272_5	Back to the Grid	搭车客
task_272_6	Unexpected Arrival	不速之客
task_272_7	The Results Are In	尘埃落定
task_272_8	Trending Reactions	轩然大波
task_272_9	Why Not Both?	分身有术
task_272_10	A Quick Stop By	走个过场
task_272_11	Pity Party	惨淡收场
task_272_12	Tiny Wins	败亦可喜
task_272_13	Missing Guest	缺席的贵客
task_272_14	Snake Charm	当面对质
task_272_15	Caught Red-handed	袒露心声
task_272_16	Selfish Confessions	自私的告白
task_272_17	Departures	离别时刻
card_progress_pack_title	Card Challenge	卡牌挑战
card_progress_pack_tag	<size=100>×{0}</size>\nvalue	<size=70>{0}00%</size>\n价值
card_progress_pack_desc	Buy now and collect cards to get challenge rewards!	购买并收集卡牌来赢取卡包奖励！
card_progress_pack_purchased_desc	Collect cards to earn even more rewards!	收集卡牌，赢取更多奖励！
card_progress_pack_purchase_title	Rewards Locked	奖励未解锁
card_progress_pack_purchase_desc	Buy now to claim the rewards you've earned!	请先购买来领取你已经完成的挑战奖励！
card_progress_pack_complete_desc	Congratulations! You've completed all the card challenges!	太棒了！你完成了全部卡牌挑战！
card_progress_pack_end_desc	See you at the next card challenge!	卡牌挑战结束啦，下次再见！
item_main_smart_pot_a_1_name	Potter's Vase	匠人花瓶
item_main_smart_pot_b_1_name	Terracotta Ware	赤土陶器
item_main_smart_pot_c_1_name	Fortuitous Jade Pot	祥瑞玉罐
item_main_smart_pot_d_1_name	Turquoise Tea Urn	松石茶瓮
item_main_smart_pot_e_1_name	Gaudy Gilded Vessel	鎏金宝罐
item_main_smart_pot_a_1_desc	Generates items to help you complete your current orders!	神奇的容器，可以产生当前订单需要的棋子。
item_main_smart_pot_b_1_desc	Generates items to help you complete your current orders!	神奇的容器，可以产生当前订单需要的棋子。
item_main_smart_pot_c_1_desc	Generates items to help you complete your current orders!	神奇的容器，可以产生当前订单需要的棋子。
item_main_smart_pot_d_1_desc	Generates items to help you complete your current orders!	神奇的容器，可以产生当前订单需要的棋子。
item_main_smart_pot_e_1_desc	Generates items to help you complete your current orders!	神奇的容器，可以产生当前订单需要的棋子。
tutorial_tap_level_fire_button	Hurry! We need to go to the kitchen and find a way to put out the fire!	快！让我们去厨房看看有什么能灭火的东西！
tutorial_merge_basic_fire_1	This is the Kitchen board. Whoa, it's a mess in here! But let's see what we can find inside…	这里就是厨房操作台。啊，真够乱的！找找看吧……
tutorial_merge_basic_fire_2	<color=#1c8ee6>Merge 2 items</color> to make an upgraded item.	<color=#1c8ee6>将两个棋子</color>合并为一个高一级的棋子。
tutorial_merge_basic_fire_3	Uncover a buried item by <color=#1c8ee6>merging</color> it.	通过<color=#1c8ee6>合并</color>来解锁被风沙掩埋的物品。
tutorial_spawn_basic_fire_1	Nice one! Let's unpack the bag to see what items are inside!	运气不错！打开袋子看看里面都有些什么物品！
tutorial_serve_order_fire_1	Hey, you found some bread. Let’s give it to Olivia and keep searching.	找到面包了！先把它拿给奥利维亚，我们继续搜寻。
tutorial_finish_quest_fire_1	You've collected enough resources! Let's go put out the fire!	物资收集齐备！我们快出去灭火吧！
task_1_1_pre_fire_1	Into the Flames	火情紧急
task_1_1_pre_fire_2	Out of the Fire	火场逃生
acquire_age_start_title	Age Verification	年龄认证
acquire_age_start_desc	For a better gaming experience, we need to collect your age information.	为了给您提供更好的游戏体验，我们需要获取您的年龄信息。
ageVerify_start_tip_title	Age Verification	年龄认证
ageVerify_start_tip_desc	Age information incomplete. For a better gaming experience, please complete the age verification first.	年龄信息不完整，为了给您提供更好的游戏体验，请先进行年龄认证。
Age_Verify_failed_tip_title	Age Verification Failed	年龄认证失败
Age_Verify_failed_tip_desc	Age Verification Failed. Please try again.	年龄认证失败，请再次尝试。
common_task_card_1star	Collect {0} 1-star cards	获得{0}张1星卡
common_task_card_2star	Collect {0} 2-star cards	获得{0}张2星卡
common_task_card_3star	Collect {0} 3-star cards	获得{0}张3星卡
tunnelstreak_title	Purrfect Progress	进度回馈
tunnelstreak_fail_desc_1	Looks like you didn't complete all the tasks! Try again next time.	很遗憾您没有完成全部任务，下次再来挑战吧！
tunnelstreak_success_desc_1	Congratulations! You unlocked all of the rewards!	恭喜您已获得全部奖励！
raccoon_trigger_progress_title	Raccoon Romps	浣熊乐园
trigger_progress_energy_desc	Use energy to earn <sprite="icon_triggerpro_score" name="icon_triggerpro_score"> and win great rewards!	消耗能量获取<sprite="icon_triggerpro_score" name="icon_triggerpro_score">，赢得大量奖励！
trigger_progress_chance_desc	Use energy and tap generators to earn <sprite="icon_triggerpro_score" name="icon_triggerpro_score"> for great rewards!	消耗能量并点击母体棋子获取<sprite="icon_triggerpro_score" name="icon_triggerpro_score">，赢得大量奖励！
trigger_progress_energy_bubble	Use energy to earn points!	消耗能量来获得积分!
trigger_progress_chance_bubble	Use energy and tap the generator to earn points!	消耗能量并点击母体棋子来获得积分!
trigger_progress_complete_title	Event completed!	活动完成!
trigger_progress_complete_desc	Congrats! You've claimed all of the rewards. See you next time!	太棒了，你获得了所有奖励！下次见！
raccoon1_name	Dill Pickle	背包客浣熊
raccoon2_name	Blue Cheese	探险家浣熊
raccoon3_name	Beetroot	飞行员浣熊
raccoon_reward_desc	Watch out! These risk-taking raccoons are here to help you complete your orders!	这些爱冒险的小浣熊会帮助你完成订单！
raccoon_flying_title	Raccoon Rations!	浣熊补给
raccoon1_reward_window_level	Level 1	等级 1
raccoon2_reward_window_level	Level 2	等级 2
raccoon3_reward_window_level	Level 3	等级 3
raccoon_reward_window_desc	Generates items to help you complete your current orders!	为你带来当前订单所需要的物品。
customer_upgrade_name	Critter Customers!	浣熊集结
customer_upgrade_desc	More loyal raccoon customers will come and line up!	大批浣熊顾客将光临餐厅!
customer_upgrade_reward_title_1	Critter	浣熊
customer_upgrade_reward_title_2	Customers	集结
mapExplore_stageTask_title	Explorer's Journal	旅途日志
mapExplore_stageTask_stage	Stage{0}	阶段{0}
mapExplore_task_10	Open the treasure area	打开宝藏区大门
mapExplore_stageTask_collect	Claim	领取
mapExplore_stageTask_desc	Complete all tasks in the current stage to unlock the next stage's tasks!	完成当前阶段全部任务解锁下一阶段的任务!
mapExplore_stageTask_lock_tip	The stage for this task hasn't been unlocked yet.	任务所在阶段尚未解锁!
cookingFrenzy_return_title	Comeback Frenzy	回归狂热
cookingFrenzy_return_desc1	Thanks for coming back to the kitchen – we're starting you at Flaming Frenzy Level 1 for this special return!	感谢你重返厨房——为了庆祝你的回归，我们将直接从“火焰狂热”的1级开始！
mineral2_dig_title	Supermarket Escapade	超市漫游记
mineral2_dig_pre_desc	Quinn and Olivia are shopping for snacks and supplies at the supermarket! Help them check off their grocery list!	奎因和奥利维亚正在超市采购零食和日用品！帮助她们选购商品完成购物清单吧！
mineral2_dig_desc	Tap on the Boxes to use the rakes and collect Delicious Juice.	点击盒子，使用耙子收集美味果汁零食。
mineral2_dig_end_desc1	Excellent work – that's everything on the list! Now to make sure it all fits in the car...	太棒了~清单上的东西都买齐了！现在得确保这些东西都能塞进车里……
mineral2_dig_depth_desc1	Great Gathering!	收获满满！
mineral2_dig_depth_desc2	Fantastic Foraging!	满载而归！
mineral2_dig_depth_desc3	Stellar Shopping!	购物达人！
mineral2_dig_bottom	You've found all the items on the list!	你找到了清单上的所有物品！
mineral2_dig_bottom_desc	Products Procured!	采购完成！
mineral2_dig_reward_title	Super-Shopper Stars	超级购物明星
mineral2_dig_guide_1_1	Thanks for tagging along to the store! First on our grocery list is juice…	谢谢你陪我们一起来超市！购物清单上的第一项是果汁……
mineral2_dig_guide_1_2	Tap on the boxes to search through and clear them.	点击盒子进行搜寻并清空它们。
mineral2_dig_instruction_2	Use the <sprite="icon_dig2_tool" name="icon_dig2_tool"> to clear Boxes and find Delicious Juice.	使用 <sprite="icon_dig2_tool" name="icon_dig2_tool"> 清空盒子，获得美味果汁。
mineral2_dig_instruction_3	Collect Delicious Juice to earn points and rewards.	收集美味果汁，赢取积分和奖励。
mineraldig2_book_title	Grocery Guide	购物指南
mineraldig2_book_subtitle1	Green Grape Juice	清爽葡萄汁
mineraldig2_book_subtitle2	Orange Juice	酸甜橙汁
mineraldig2_book_subtitle3	Berry Juice	清甜草莓汁
mineraldig2_book_subtitle4	Sugary Sweets	甜蜜糖果
mineraldig2_book_subtitle5	Soothing Soaps	舒缓洗护
mineraldig2_book_subtitle6	Snacktastic Set	零食大礼包
mineraldig2_book_subtitle7	Tidying Tools	清洁工具
mineraldig2_book_subtitle8	Butcher's Bunch	鲜肉组合
mineraldig2_book_subtitle9	Buttery Breads	黄油面包
mineral2_dig_guide_1_3	Try this one, too!	也试试这个吧！
mineral2_dig_guide_1_4	Nice! There's plenty more to find, so let's do this together!	太棒了！前路还长，我们并肩作战吧！
mineral2_dig_guide_2_1	Hey, that's a pretty awesome find! Tap on it to earn event points!	哇，这是个大发现！收集物品获得积分。
mineral2_dig_guide_2_2	Keep collecting event points to hit milestones and earn rewards!	继续收集活动积分，获得更多的活动积分和奖励吧！
mineral2_dig_instruction_1	Complete orders to earn <sprite="icon_dig2_tool" name="icon_dig2_tool">.	完成订单以获得<sprite="icon_dig2_tool" name="icon_dig2_tool">
mineral2_dig_maxdepth	MAX DISTANCE:	最远距离：
climbrise_title	The Summit Stride	步步登巅
rise_reward	Grand Prize	终极大奖
rise_des	Roll for a reward and climb up the tiers! Move up to the next tier by landing on arrow rewards and earn the top-tier Grand Prize for free!	每次抽取一个奖励，抽中带箭头的幸运奖励后可向上攀登一层，登到顶层后可免费获取终极大奖。
rise_button	START	开始
rise_odds	Probability of Rewards	本轮奖励概率
rise_prob_desc	The probability of winning each prize changes after each spin.	每次抽奖后，获得各奖品的概率会产生变化
rise_lock_des	Unlock after climbing to the highest floor!	爬到最高层后解锁！
item_main_g_artifact_1_name	Glimmering Coal	金矿原石
item_main_g_artifact_2_name	Cracked Nugget	碎裂金矿
item_main_g_artifact_3_name	Gold Ore	粗金块
item_main_g_artifact_4_name	Ring of Royals	黄金戒指
item_main_g_artifact_5_name	Knightly Goblet	黄金高脚杯
item_main_g_artifact_6_name	Ancient Amphora	黄金双耳罐
item_main_g_artifact_7_name	Sterling Songbird	黄金鸟
item_main_g_artifact_8_name	Audacious Stag	黄金雄鹿
summary_text_273_4_end	Returned from his trip, Norman approaches Riley for a catch-up…	旅行归来，诺曼找莱利叙旧……
summary_text_273_6_end	Quinn activates mom mode to get Olivia out of the house…	奎因一秒切换当妈模式，只为把奥利维亚带出门……
summary_text_273_11_end	Quinn and Colton supervise their little astronaut…	奎因和科尔顿正盯着他们的小宇航员……
summary_text_273_14_end	Frankie arrives at Mark's desk with a status update…	弗兰基来到马克的办公桌前，讨论最新进展……
task_273_1	The Future of Television	节目的存亡危机
task_273_2	The First Testimonial	初次推荐
task_273_3	I'll Wait For You	我会等你
task_273_4	Man with a Plan	和事佬的锦囊
task_273_5	Mayoral Jitters	不安的市长女士
task_273_6	Rocket Socks	火箭袜子
task_273_7	Long Distance Call	同一个月亮
task_273_8	A Chance Sandwich	三明治契机
task_273_9	Shady Figures	影怪传闻
task_273_10	Her Again	是她就是她
task_273_11	A New Neighbor	新邻居
task_273_12	Good Riddance	关于前任
task_273_13	Rifts Among Us	彼此的裂痕
task_273_14	The Badge in the Mirror	警徽的意义
task_273_15	A Specific Set of Skills	非你莫属
task_273_16	An Offer You Can't Refuse	诱人的提议
task_273_17	Things Left Unsaid	挺身而出
title_text_normanhome	Norman and Imelda's Home	诺曼和伊梅尔达的家
summary_text_274_1_end	Norman tries to lighten up Imelda's mood…	诺曼想哄伊梅尔达开心……
summary_text_274_4_end	Colton and Sophia have a scheduled catch-up…	科尔顿和索菲娅约好一起叙旧……
summary_text_274_8_end	Frankie arrives to the Mayor's Office on official business…	弗兰基因公前往市长办公室……
summary_text_274_11_end	Frankie finishes up a sweep, wary of Bruno's legacy…	弗兰基完成了清理工作，担忧着布鲁诺留下的烂摊子……
summary_text_274_14_end	Frankie walks in on one of Babette's rituals…	弗兰基撞见了芭贝特的某种神秘仪式……
task_274_1	Hyperborea Experiment	北极实验
task_274_2	Workhorse	打工人
task_274_3	Fertile Land	昔日农场
task_274_4	Trooper	向前看
task_274_5	Coastal Commute	疗愈的建议
task_274_6	Quash the Curiosity	收起好奇心
task_274_7	Spinning Lore	脑补往事
task_274_8	Not a Single Bell	警局联络人
task_274_9	Lovely Chatter	改头换面
task_274_10	Boneless Chicken	有我没他
task_274_11	On the Back Foot	烂摊子
task_274_12	Bigger Picture	重如千钧
task_274_13	Lifting the Lid	热血难凉
task_274_14	Positive Affirmations	神秘仪式
task_274_15	Up and at 'Em	重新振作
task_274_16	Relax Your Mind	别想太多
task_274_17	End of an Era	时代的落幕
summary_text_275_1_end	Norman and Riley meet to discuss their plans…	诺曼和莱利碰头商量他们的行动计划……
title_text_brimwavearchives	Brimwave City Archives	浪尾岛城市档案馆
summary_text_275_6	Working together again, Imelda and Riley have a heart-to-heart…	再次携手合作，伊梅尔达和莱利谈了谈心里话……
title_text_barnaclestavern	The Barnacles Tavern	藤壶酒馆
summary_text_275_9_end	Lloyd takes Babette and Lori to a less sophisticated venue…	劳埃德带芭贝特和罗莉去了个接地气的地方……
summary_text_275_16_end	Frankie facilitates Babette's visit to a certain prisoner…	弗兰基出面帮芭贝特安排去探视某位囚犯……
task_275_1	Pushing the Ploy	择日不如撞日
task_275_2	The Inner Voice	胡思乱想
task_275_3	Toxic Talent	福星灾星
task_275_4	A Shoulder for Quinn	开导奎因
task_275_5	Piece of the Past	伊梅尔达的心结
task_275_6	The Guilt Races	真诚的道歉
task_275_7	In the Shadows	阴魂不散
task_275_8	A Friendly Alarm	重大发现
task_275_9	Historical Bites	舌尖上的历史
task_275_10	A Leg Up	重要线索
task_275_11	Back on the Chase	寻宝重启
task_275_12	In Pursuit	顺藤摸瓜
task_275_13	Kitchen Boogie	舞走烦恼
task_275_14	Well, It’s a Well	井中水
task_275_15	The Water Wizard	魔法水
task_275_16	A Late Night Visit	深夜探监
task_275_17	From Sweet to Sour	不欢而散
summary_text_276_begin	Colton and Olivia prepare for a day of inspiration…	科尔顿和奥利维亚准备出门寻找灵感……
summary_text_276_3_end	Babette returns to her office to process her latest defeat…	芭贝特回到办公室，独自承受再次受挫的苦楚……
title_text_popparlor	Pete’s Pop Parlor	皮特冰棒屋
summary_text_276_7_end	Olivia and Colton run into some familiar faces…	奥利维亚和科尔顿偶遇了两个熟人……
summary_text_276_10_end	Frankie overhears some strange whispers in the other room…	弗兰基听到隔壁房间传来奇怪的窃窃私语……
task_276_1	Hard Truths	好友忠告
task_276_2	Scheduled Programming	回归老本行
task_276_3	An Uphill Battle	举步维艰
task_276_4	Riding the Rollercoaster	恩怨纠葛
task_276_5	Friends in Far Places	远方老友
task_276_6	Eager Beaver	改头换面
task_276_7	Double Scoop of Awkward	微妙冰淇淋
task_276_8	Do You Believe in Magic?	你相信魔法吗？
task_276_9	Another Movie Reference	寻宝迷局
task_276_10	Whispering Walls	千头万绪
task_276_11	Same Old Song	老调重弹
task_276_12	Conned Corners	争执再起
task_276_13	Getting Fresh Air	出门透气
task_276_14	Thorn in the Side	火药味渐浓
task_276_15	The Citizen’s Voice	夹枪带棒
task_276_16	Full of Air	迎风而动
task_276_17	Sweet and Sour	冲突暂缓
summary_text_277_3_end	Following her stint at City Hall, Frankie returns to work…	弗兰基结束了市政厅的差事，重返岗位……
summary_text_277_7_end	From their patrol car, Frankie and Mark monitor and chat…	弗兰基和马克坐在巡逻车里，边盯梢边闲聊……
title_text_northofrestaurant	Somewhere North of the Restaurant	餐厅北边的某个角落
summary_text_277_10_end	Quinn and Imelda trek towards the cottonwood trees…	奎因和伊梅尔达跋涉前往三角叶杨树林……
title_text_cottonwoods	The Cottonwoods	三角叶杨树林
summary_text_277_12_end	Quinn and Imelda arrive at the mysterious cottonwood trees…	奎因和伊梅尔达抵达了那片神秘的三角叶杨树林……
summary_text_277_13_end	At the foot of a tree, Norman embarks upon his big explanation…	诺曼站在树底下，开始滔滔不绝地讲述……
task_277_1	Totally Gone	草堆迷思
task_277_2	Marginally Better	略有起色
task_277_3	Down to Earth	接接地气
task_277_4	Not Anywhere	温和退出
task_277_5	Research Findings	最新发现
task_277_6	The Compass Ritual	指南针仪式
task_277_7	We Came In Peace	又见惹事精
task_277_8	Riley the Rock	石头莱利
task_277_9	Magnetic Magic	磁力魔法
task_277_10	Goose Chase	寻宝游戏
task_277_11	Never Alone	独处时刻
task_277_12	The Cottonwood Tree	大功告成
task_277_13	Hyperborea	北极实验
task_277_14	Island Community	海岛乡情
task_277_15	Eldridge Remix	埃尔德里奇秘辛新编
task_277_16	New & Old Allies	新旧盟友
task_277_17	No Other Choice	别无选择
summary_text_278_begin	Babette meets with Lori to discuss her latest announcement…	芭贝特与罗莉会面，商议她最新的公开声明相关事宜……
offer_ocean	Oceanic Offerings	海洋献礼
sp_offer_desc_gp	Check out these new Google Play Games Rewards. Have fun playing and scoring prizes!	这是来自Google Play Games的奖励，祝您游戏愉快！
sp_offer_desc_apple	These are rewards from your Apple offer code. Have fun playing!	这是来自Apple优惠代码的奖励，祝您游戏愉快！
sp_offer_desc_other	These are the rewards you redeemed. Enjoy the game!	这是您兑换的奖励，祝您游戏愉快！
reissued_reward_title	In-App Purchase	充值发放通知
reissued_reward_desc	Please tap to claim your rewards!	请点击领取本次充值内容。
monster_freefall_title	Global Goblet Ghouls	绿茵场守护计划
monster_freefall_pre_desc	There are monsters about, but Norman's coming to the defense of the big soccer game!	虽然周围有怪兽出没，但诺曼会挺身而出，守护这场重要的足球比赛！
monster_freefall_reward_title	Legendary Rewards	史诗奖励
monster_freefall_reward_desc	Defeat Norman's foes to win their loot!	帮助诺曼打败怪兽来获得战利品！
monster_freefall_hint_desc_1	Use your moves to merge items!	消耗步数来进行合成！
monster_freefall_hint_desc_2	Merge items that match the color of the monsters to attack them!	合成和怪兽同色的棋子来攻击它们！
monster_freefall_hint_desc_3	Defeat the monsters to earn legendary rewards!	击败怪兽来获得史诗战利品！
monster_freefall_win_title	Monsters Defeated!	怪兽已被击败！
monster_freefall_win_desc	Huzzah! You've done it! All of Norman's monsters have been defeated!	难以置信！你完成了诺曼的所有怪兽挑战！
monster_freefall_congrat_desc1	You are hereby granted the rank of:	你被诺曼授予以下称号：
monster_freefall_congrat_desc2	Big Game Defender	大赛守护者
monster_freefall_end_desc	All quests must end, eventually. Take your leave and live to fight another day!	所有的任务都有结束的一天。让我们暂时告别并为下次的战斗准备吧！
monster_freefall_open_guide_1	Peculiar creatures seek to ruin the soccer fun! We must stop them!	一些奇特的怪兽企图破坏这场重要又精彩的足球盛事，我们必须阻止它们！
monster_freefall_open_guide_2	Try taking on this horrid fellow by merging blue items to attack!	试试合成蓝色物品来攻击这个可怕的家伙！
monster_freefall_open_guide_3	Go on! Don't be shy, have a try!	试试吧，不要害羞！
monster_freefall_open_guide_4	Bravo! We gave it a good thrashing!	干得漂亮！正中要害！
monster_freefall_open_guide_5	Do remember! Each merge uses a move, so use them wisely!	记好了！每次合成都会消耗一个步数，要三思而后行！
monster_freefall_boss_guide_1	Look out! There's a big one coming!	小心！大怪兽来了！
monster_freefall_boss_guide_2	Merge any color item to attack this one – and earn big rewards when you defeat it!	合成任意颜色的物品来攻击它——击败它即可获得丰厚奖励！
monster_freefall_boss_title	ALERT!	注意！
monster_freefall_boss_desc	BOSS INCOMING	神秘怪兽来袭
item_ff_monster_chain_levelup_desc	Swap it with any item to increase the level of ALL items on the same chain.	将它和其它任意棋子交换，可以将目标棋子合成线上的所有棋子都提升1级。
item_ff_monster_rainbow_desc	Tap to use and attack all three monsters.	点击使用它，可以同时攻击三个怪兽。
item_ff_monster_random_levelup_desc	Tap to use and increase the level of random items on your board.	点击使用它，可以随机将一些棋子的等级提升1级。
lucky_produce_double	Lucky X2!	幸运X2!
lucky_produce_triple	Lucky X3!	幸运X3!
age_verify_failed_browser_desc	Browser failed to launch and age verification was unsuccessful. Please check your browser and try again.	您未能成功启动浏览器，年龄认证失败，请确认您的浏览器状态后重新尝试。
annual_wheelpack_title	Mid-Autumn Wheel	好运圆圆转
annual_wheelpack_desc	Win exciting rewards on the special Mid-Autumn double wheel!	在好运圆圆转活动中赢取惊喜奖励!
annual_wheelpack_unlock_btn	Unlock	解锁
annual_wheelpack_wheel_level_desc	Lv {0}	Lv {0}
wheelpack_wheel_levelup_desc	Wheel Upgrades!	转盘升级!
wheelpack_wheel_refresh_desc	Rewards Refreshed!	奖励刷新!
annual_wheelpack_notoken_desc	Not enough <sprite="icon_wheelpack_token" name="icon_wheelpack_token">	<sprite="icon_wheelpack_token" name="icon_wheelpack_token">不足
annual_wheelpack_unlock_title	Stored Rewards	暂存奖励
annual_wheelpack_unlock_desc1	You can claim the stored rewards after purchase.	购买后，即可领取所有暂存奖励。
annual_wheelpack_unlock_desc2	After purchase, every spin will also give extra rewards.	解锁后，每次转动转盘都能获得一份额外奖励！
annual_wheelpack_unlock_desc2_final	The event is ending! This is your last chance to unlock all stored rewards.	活动即将结束！这是你解锁暂存奖励的最后机会。
annual_wheelpack_start_desc	Quinn and Olivia are excited to give the double wheel of Mid-Autumn rewards a whirl!	与奎因和奥利维亚一起在好运圆圆转活动中获得双重惊喜！
annual_wheelpack_end_desc	And there goes the final Mid-Autumn spin! Wasn't that fun?	最后一转结束了，玩得开心吗？
wheelpack_convert_desc	Your remaining tokens have been converted into:	剩余代币已被转化为：
annual_wheelpack_token_bubble_title	Mid-Autumn Tokens	中秋代币
annual_wheelpack_token_bubble_desc	Spend tokens on Mid-Autumn spins to win plenty of rewards!	在好运圆圆转活动中使用代币，赢取惊喜奖励！
item_main_wheel_annual_token_1_collect_name	A Token	一枚代币
item_main_wheel_annual_token_2_collect_name	A Couple of Tokens	少量代币
item_main_wheel_annual_token_3_collect_name	A Stack of Tokens	一叠代币
item_main_wheel_annual_token_4_collect_name	Loose Tokens	代币堆
annual_wheelpack_shop_title	Spin Store	活动商店
annual_wheelpack_shop_stage_title	Stage {0}	阶段{0}
annual_wheelpack_shop_confirm_title	Use Tickets	使用票券
annual_wheelpack_shop_noscore_desc	Not enough <sprite="icon_wheelpack_score" name="icon_wheelpack_score">	<sprite="icon_wheelpack_score" name="icon_wheelpack_score">不足
annual_wheelpack_shop_lock_desc	Stage Locked	阶段未解锁
wheelpack_shop_final_desc	This is your last chance to redeem rewards!	这是你兑换奖励的最后机会!
wheelpack_shop_final_confirm_title	Are you sure?	确定吗？
wheelpack_shop_final_confirm_desc	You still have leftover tickets that can be exchanged for rewards! Are you sure you want to exit?	你剩余的票券还能兑换奖励，确定要退出吗？
annual_wheelpack_instruction_1	Earn <sprite="icon_wheelpack_token" name="icon_wheelpack_token"> by completing orders or participating in events.	完成订单或参与活动获得<sprite="icon_wheelpack_token" name="icon_wheelpack_token">
annual_wheelpack_instruction_2	Spin the wheel to get rewards and <sprite="icon_wheelpack_score" name="icon_wheelpack_score">.	转动转盘获得奖励和<sprite="icon_wheelpack_score" name="icon_wheelpack_score">
annual_wheelpack_instruction_3	Redeem extra rewards in the Spin Store with the <sprite="icon_wheelpack_score" name="icon_wheelpack_score"> you earn.	在活动商店用<sprite="icon_wheelpack_score" name="icon_wheelpack_score">兑换奖励
annual_wheelpack_guide_1_1	Check out this wheel of rewards – looks like there's lots to win!	快看这个转盘，奖励非常丰厚哦！
annual_wheelpack_guide_1_2	We have some tokens! Give the wheel a nice spin!	我们有一些代币，快来转动看看吧！
annual_wheelpack_guide_1_3	The extra rewards have been stored. Tap here to view them!	额外奖励被暂存起来了，点击这里查看。
annual_wheelpack_guide_1_4	After purchase, you'll receive all of the stored rewards instantly!	购买后，即可领取所有的暂存奖励！
wheelpack_prob_desc	The probability of winning each prize changes after each spin.	每次抽奖后，获得各奖品的概率会产生变化
item_main_wheel_annual_token_1_collect_desc	Collect now to get <size=55><color=#c246dc>3</color><sprite="icon_wheelpack_token" name="icon_wheelpack_token"></size> or MERGE to earn even more!	收集可获得 <size=55><color=#c246dc>3</color><sprite="icon_wheelpack_token" name="icon_wheelpack_token"></size> ，或者合并它来获得更多奖励！
item_main_wheel_annual_token_2_collect_desc	Collect now to get <size=55><color=#c246dc>8</color><sprite="icon_wheelpack_token" name="icon_wheelpack_token"></size> or MERGE to earn even more!	收集可获得 <size=55><color=#c246dc>8</color><sprite="icon_wheelpack_token" name="icon_wheelpack_token"></size> ，或者合并它来获得更多奖励！
item_main_wheel_annual_token_3_collect_desc	Collect now to get <size=55><color=#c246dc>20</color><sprite="icon_wheelpack_token" name="icon_wheelpack_token"></size> or MERGE to earn even more!	收集可获得 <size=55><color=#c246dc>20</color><sprite="icon_wheelpack_token" name="icon_wheelpack_token"></size> ，或者合并它来获得更多奖励！
item_main_wheel_annual_token_4_collect_desc	Collect to get <size=55><color=#c246dc>50</color><sprite="icon_wheelpack_token" name="icon_wheelpack_token"></size>! It's at its max level now!	收集可获得 <size=55><color=#c246dc>50</color><sprite="icon_wheelpack_token" name="icon_wheelpack_token"></size> ！已达到最高等级！
wheelpack_shop_final_quit_btn	Quit	退出
wheelpack_shop_final_return_btn	Return	返回
oneplusfour_claimed	Claimed	已领取
oneplusfour_desc	Buy 1 pack & get 4 FREE	买一组，送四组!
oneplusfour_free	FREE	免费
oneplusfour_popup	Claim an offer to unlock free rewards!	购买礼包以解锁免费奖励！
oneplusfour_title	Special Offer	超值礼包
letter_content2	Wow! Thank you for hanging out with us for <color=#c8531f>{0}</color> days, ever since <color=#c8531f>{1}</color>.<line-height=75%>\n\n</line-height>Together, we've been through a lot of fun kitchen challenges, tantalizing rumors, thrilling mysteries, and more. We'll continue to bring the fun and excitement for each and every visit to Brimwave's shores!<line-height=75%>\n\n</line-height>To celebrate, here’s a <color=#c8531f>special anniversary gift</color>, just for you!	<color=#c8531f>{0}</color>天前，<color=#c8531f>{1}</color>，是你首次来到浪尾岛的日子。<line-height=85%>\n\n</line-height>四季流转，海浪依旧。我们一起制作美味佳肴，也一起探寻过岛上的秘密。每一道料理都藏着故事，每一次相聚都值得庆祝。四年光阴写满日记，下一页，我们未完待续。<line-height=85%>\n\n</line-height>惊喜菜单：<color=#c8531f>四周年纪念礼物</color>已解锁，愿你的冲"浪"时光岁岁有今朝，年年皆欢喜！
letter_content1	No way! It's been <color=#c8531f>FOUR</color> years!<line-height=75%>\n\n</line-height>Together, we've been through a lot of fun kitchen challenges, tantalizing rumors, thrilling mysteries, and more. Thank you for each and every visit to Brimwave's shores, and being part of our journey!<line-height=75%>\n\n</line-height>To celebrate, here’s a <color=#c8531f>special anniversary gift</color>, just for you!	从四年前的初遇，到如今的并肩同行——谜团、故事、挑战，每一段都因你而精彩。更多惊喜正在路上，请继续期待吧！<line-height=85%>\n\n</line-height>惊喜菜单：<color=#c8531f>四周年纪念礼物</color>已解锁，愿你的冲"浪"时光岁岁有今朝，年年皆欢喜！
item_main_anni_cake_a_1_name	4th Anniversary Cake	四周年蛋糕
item_main_anni_cake_b_1_name	4th Anniversary Cake	四周年蛋糕
item_main_anni_cake_c_1_name	4th Anniversary Cake	四周年蛋糕
item_main_anni_cake_d_1_name	4th Anniversary Cake	四周年蛋糕
item_main_anni_cake_e_1_name	4th Anniversary Cake	四周年蛋糕
item_main_anni_cake_f_1_name	4th Anniversary Cake	四周年蛋糕
item_main_anni_cake_a_1_desc	Have a slice of Sam's special anniversary cake!	山姆亲手制作的四周年纪念蛋糕！敬请品尝！
item_main_anni_cake_b_1_desc	Have a slice of Sam's special anniversary cake!	山姆亲手制作的四周年纪念蛋糕！敬请品尝！
item_main_anni_cake_c_1_desc	Have a slice of Sam's special anniversary cake!	山姆亲手制作的四周年纪念蛋糕！敬请品尝！
item_main_anni_cake_d_1_desc	Have a slice of Sam's special anniversary cake!	山姆亲手制作的四周年纪念蛋糕！敬请品尝！
item_main_anni_cake_e_1_desc	Have a slice of Sam's special anniversary cake!	山姆亲手制作的四周年纪念蛋糕！敬请品尝！
item_main_anni_cake_f_1_desc	The party is almost over! Enjoy the last slice of anniversary cake!	派对即将结束！请好好享用最后一块周年纪念蛋糕吧！
letter_title	Our 4th Anniversary	我们的四周年纪念日
unicorn_farmboard_title	Tony's in the Sky	托尼探秘云朵国
unicorn_farmboard_pre_desc	\nTony’s found himself in the clouds! Head to the ethereal space above with Tony and search the skies for stars to win the magnificent Alicorn's goodwill!	托尼来到了云朵国！和他一起前往高空秘境，在天际间寻觅星辰，赢得飞马独角兽的青睐吧！
unicorn_farmboard_desc	Complete orders to earn <sprite="icon_farm_tool" name="icon_farm_tool">, then tap the Cumulus Oak to collect Cirrus Cuties and merge them on the board.	完成订单以获取 <sprite="icon_farm_tool" name="icon_farm_tool">，随后点击云朵树收集卷云小可爱，并在棋盘上合成它们。
unicorn_farmboard_desc2	Earn <sprite="icon_farm_byprod" name="icon_farm_byprod"> by trading Stellar Stars with the Alicorn. Keep merging them to win more rewards!	通过和飞马独角兽交易魔法星星获取 <sprite="icon_farm_byprod" name="icon_farm_byprod">，持续合成它们可赢得更多奖励！
unicorn_farmboard_complete_title	Cloudland High-Flyer	云朵国飞行高手
unicorn_farmboard_complete_desc	With your help, Tony had a magical adventure in the skies! Continue to explore the board and earn more rewards.	在你的帮助下，托尼在云朵国开启了一场奇妙的冒险！继续探索棋盘，获取更多奖励。
unicorn_farmboard_success_desc	Far out! Tony found a way back down, and not only that, he's earned the goodwill of the Alicorn! 	太厉害了！托尼找到了飞回家的路，不仅如此，他还赢得了飞马独角兽的好感！
unicorn_farmboard_fail_desc	Oh, it looks like Tony's found a way to float back down! It's time to head back home.	哦，看来托尼找到其他办法飘回地面了！我们该回家了。
unicorn_farmboard_guide_1_1	Looks like the Cumulus Oak is ready for harvest! Tap to use the Star Net and collect Cirrus Cuties.	看来云朵树已经可以收获了！点击使用星星网兜，收集卷云小可爱。
unicorn_farmboard_guide_2_1	Hey! We've found Stellar Stars for the Alicorn! Tap it to give Stellar Stars and see what happens.	嘿！我们找到了飞马独角兽专属的魔法星星！点击它送出魔法星星，看看会发生什么。
unicorn_farmboard_guide_2_2	Check it out! We've got a Gliding Gizmo! Keep tapping the Alicorn to collect more.	快看！我们获得了一个飞行道具！持续点击飞马独角兽来收集更多飞行道具。
unicorn_farmboard_guide_3_1	Huh? Looks like we've got a new bag of Cumulus Saplings!	咦？我们好像多了一个新的云朵树苗！
unicorn_farmboard_guide_3_2	Tap to sow the saplings in the field, and we'll get a new Cumulus Oak.	点击将新树苗种到云朵田中，即可获得一棵新的云朵树。
unicorn_farmboard_guide_3_3	Remember: each plant yields one Cirrus Cutie and one Star Net can harvest many Cumulus Trees.	记住：每株云朵树产出一朵卷云小可爱，一个星星网兜可收获大量云朵树。
unicorn_farmboard_feedlater_hint	Wait! Tap the Alicorn to trade first!	等等！先点击飞马独角兽进行交易！
unicorn_farmboard_notenough_hint	Need more Star Nets!	需要更多星星网兜！
unicorn_farmboard_lockedfield_hint	Find more Cumulus Saplings to grow more Cumulus Oaks!	寻找更多树苗，培育更多云朵树！
unicorn_farmboard_instruction_1	Complete the orders to earn Star Nets and use them to collect Cirrus Cuties from the Cumulus Oak.	完成订单赚取星星网兜，并用星星网兜从云朵树上收集卷云小可爱。
unicorn_farmboard_instruction_2	Merge Cirrus Cuties to earn keys and clear clouds; tap the Alicorn to trade Stellar Stars for Gliding Gizmos.	合成卷云小可爱获取钥匙并驱散云层；点击飞马独角兽，可用魔法星星兑换飞行道具。
unicorn_farmboard_instruction_3	Merge Gliding Gizmos to earn bigger rewards!	合成飞行道具，获取丰厚奖励！
unicornfarmboard_book_title	Welkin Wonders	天穹奇景
unicorn_farmboard_book_subtitle1	Cirrus Cuties	卷云小可爱
unicorn_farmboard_book_subtitle2	Gliding Gizmos	飞行道具
unicorn_farmboard_book_subtitle3	Luminous Cluster	魔法星星
unicorn_farmboard_book_subtitle4	Alicorn Treasures	飞马珍宝
unicorn_farmboard_book_subtitle5	Rainbow Ambrosias	甜蜜彩虹
unicorn_farmboard_success_title	Event over!	活动结束!
unicorn_farmboard_fail_title	Event over!	活动结束!
unicorn_farmboard_guide_1_2	These areas are covered by clouds, but we can unlock them later.	这些区域被云层覆盖。但我们稍后可以解锁。
unicorn_farmboard_guide_1_3	Merge items to a higher level, then we can get a key to unlock more spaces on the board!	将物品合成到更高等级，我们就可以获得一把钥匙来解锁棋盘上的更多空间。
offer_dog	Doggo Delivery	狗狗速递
galaxyExped_title	Cosmic Crossing	星际远航
galaxyExped_pre_desc	Win cosmic rewards throughout your exciting interstellar travels!	在星际航行中赢取豪华星球奖励!
galaxyExped_desc	Complete all <color=#ffe826>{0}</color> levels to win the grand prize!	完成全部<color=#ffe826>{0}</color>个关卡斩获终点大奖!
galaxyExped_round_desc	Round {0}/{1}	阶段 {0}/{1}
galaxyExped_guide_1	Merge items and finish orders to earn <sprite="icon_galaxyExped" name="icon_galaxyExped">.	合成或完成订单获取<sprite="icon_galaxyExped" name="icon_galaxyExped">
galaxyExped_guide_2	Collect enough points quickly to qualify for the next level! Reach the finish line and win the grand prize!	尽快集齐积分争取晋级资格! 抵达终点赢取大奖!
galaxyExped_guide_3	Travel across the universe and return with loads of planetary prizes!	游历全部星球满载而归！
galaxyExped_star_bonus_congrat	Interstellar Supply	星际补给
galaxyExped_final_congrat	Safe Landing!	顺利抵达!
galaxyExped_new_planet_discover	Discovery	新旅程
galaxyExped_planet_1_name	Icy Domain	寒冰星球
galaxyExped_planet_2_name	Pastry Planet	甜蜜星球
galaxyExped_planet_3_name	Crystal Cosmos	晶石星球
galaxyExped_planet_4_name	Lava Land	赤岩星球
galaxyExped_end_desc	Let's reach even more distant stars next time!	希望下次可以到达更远的星空！
galaxyExped_complete_desc	Our interstellar expedition is a success! See you on your next journey!	星际旅程圆满结束！下次见！
galaxyExped_icon_desc	Slots Left	剩余名额
galaxyExped_notice_1	Come on, half the slots are still open!	还剩一半晋级名额，加油！
galaxyExped_notice_2	Hurry! Only 5 slots are left!	仅剩5个晋级名额咯，抓紧时间！
galaxyExped_notice_3	Let's go! There's only 1 slot left!	仅剩1个晋级名额，冲刺！
galaxyExped_token_desc	Merge items and finish orders to earn <sprite="icon_galaxyExped" name="icon_galaxyExped">.	合成或完成订单获取<sprite="icon_galaxyExped" name="icon_galaxyExped">
galaxyExped_level_requirement	Only the <color=#2cff4a>FIRST <size=45>{0}</size></color> players to complete the level will advance!	仅<color=#2cff4a>前{0}</color>名完成关卡的选手有晋级资格
galaxyExped_level_congrat	Unstoppable!	势不可挡！
galaxyExped_level_rank	Here's where you placed:	你的过关名次是:
galaxyExped_level_start_inquire	You've qualified for the next level! Do you want to proceed?	成功晋级下一关，是否立即开启比赛？
galaxyExped_level_fail	Uh-oh! Too slow!	就差一点儿!
galaxyExped_level_fail_explain	All {0} slots are taken!	{0}个晋级名额都被抢光了！
galaxyExped_level_prize_progress	There are only {0} more levels to go!	就差{0}关！
galaxyExped_level_restart_inquire	Want to try again?	再次挑战本关卡?
galaxyExped_level_rest_btn	Later	休息一下
galaxyExped_level_play_btn	Go!	出发!
galaxyExped_level_rest_desc	The race won't start without you; tap above to start the next level!	休息好了就点击按钮开启下一关比赛吧！
galaxyExped_final_congrat_desc	Congrats! You won the Grand Prize!	恭喜你赢得最终大奖！
galaxyExped_start_point_tag	START	起点
galaxyExped_tutorial_1	That's lift-off! Let's check out the nearest planet first!	星际航行开始了！我们先去最近的星球看看吧！
galaxyExped_tutorial_2	We're here! Once we've fully charged our energy supply, we can head to the next level!	我们在这儿！蓄满航行能量就能飞行到下个关卡！
galaxyExped_tutorial_3	Attention! You must collect energy as quickly as possible, or you'll be bumped off the next launch by faster opponents!	注意！你要尽快收集能量，否则晋级名额会被比你快的对手抢光哦！
galaxyExped_tutorial_4	You can check the remaining number of spots here!	可以在这里快速查看剩余名额哦！
energy_boost_max_hint	Max	最大
mpxStreak_title	Energy Supply Station	能量补给站
mpxStreak_intro	Need to juice up? Replenish your energy here!	别担心! 在这补充点能量吧!
mpxStreak_task_desc	Use {0} energy	消耗{0}体力
mpxStreak_btn_free_collect_all	Collect All	领取全部
mpxStreak_btn_free_noreward	Collect All	领取全部
mpxStreak_btn_vip_noreward	Collect All	领取全部
mpxStreak_btn_vip_collect_all	Collect All	领取全部
mpxStreak_fail_desc_1	Looks like you didn't complete all the tasks! Try again next time.	很遗憾您没有完成全部任务，下次再来挑战吧！
mpxStreak_success_desc_1	Congratulations! You unlocked all of the rewards!	恭喜您已获得全部奖励！
dogpark_adventure_obstacle_bubble_desc	Collect gems to unveil a mystery reward!	收集宝石，解锁神秘奖励!
dogpark_adventure_obstacle_title	Congratulations!	太棒了!
dogpark_adventure_obstacle_desc	You pulled back the curtain and revealed a valuable treasure chest!	你拉开帷幕并揭晓了神秘大奖!
battlepass_title_Pawpaloozapass	Paw Palooza Season	爪爪狂欢季
battlepass_taskComplete_Pawpaloozapass	You've completed the Paw Palooza Season tasks! Congratulations!	您已经完成了爪爪狂欢季的所有任务！恭喜！
battlepass_endDesc_Pawpaloozapass	The Paw Palooza Season is over! Come back next season for more rewards!	爪爪狂欢季已结束，一起期待更精彩的下一季活动吧！
battlepass_tutorial_2_Pawpaloozapass	To advance your progress toward new rewards, you'll need to score points!	在爪爪狂欢季中升级来获取奖励！
dogparkadventure_book_title	Dog Park Directory	狗狗公园图鉴
dogpark_adventure_book_subtitle1	Rover Roster	汪汪花名册
dogpark_adventure_book_subtitle2	Chewtoy Checklist	咬咬玩具清单
dogpark_adventure_book_subtitle3	Frisbee Fun	飞盘乐翻天
dogpark_adventure_title	Puppy Playtime	狗狗撒欢时刻
dogpark_adventure_pre_desc	Olivia's at the dog park looking to have fun with some furry new friends!	奥利维亚来到了宠物公园！是时候和毛茸茸的新朋友一起撒欢儿啦！
dogpark_adventure_desc	Merge items to help Olivia play with all the puppies!	合成道具，帮奥利维亚陪狗狗们玩个够！
dogpark_adventure_desc2	Produce <sprite="icon_adv2_product" name="icon_adv2_product"> by merging <sprite="icon_adv2_annex" name="icon_adv2_annex"> and onward; finish the Chewtoy Checklist merge line for extra rewards!	通过合并<sprite="icon_adv2_annex" name="icon_adv2_annex"> 及后续素材来合成<sprite="icon_adv2_product" name="icon_adv2_product">; 完成咬咬玩具清单合成线即可领取额外奖励！
dogpark_adventure_success_desc	Olivia's had a delightful doggy day to remember! Time to go home!	奥利维亚和狗狗们度过了难忘的快乐一天！是时候回家啦～
dogpark_adventure_fail_desc	Aww, the puppies are too tired to play anymore. Time to go home!	哎呀，狗狗们都已经玩累了。该回家咯！
dogpark_adventure_guide_1_1	Oooh, what's this?	哇，这是什么？
dogpark_adventure_guide_2_2	Tap here to get new items!	点击它即可获得新物品！
dogpark_adventure_complete_title	Canines Collected	毛孩子纪念册
dogpark_adventure_complete_desc	Bow wow! Olivia's made a lot of furry friends!	汪汪！奥利维亚交到了超多毛茸茸的朋友！
adv_dogpark_shot_title	Great Catch!	好身手！
dogpark_adventure_success_title	Event over!	活动结束!
summary_text_278_3_end	Lori confronts the friend camping at her bistro…	罗莉委婉敲打了那位赖在小酒馆不走的朋友……
summary_text_278_7_end	Mark and Frankie discuss goings-on at the station…	马克和弗兰基在警局里聊起了最近的状况……
summary_text_278_10	Frankie needles Bruno about his surprisingly quiet attitude…	弗兰基出言讥讽突然变得格外安分的布鲁诺……
task_278_1	Something Positive	目标明确
task_278_2	Hobbies	爱好稳定
task_278_3	Base of Operations	办公据点
task_278_4	Boundaries	划清界限
task_278_5	Other Skills	发挥特长
task_278_6	Funny Feeling	微妙的感觉
task_278_7	Safe and Sober	酒醒人安
task_278_8	Recycle Bin	理清思绪
task_278_9	Blocked User	一键拉黑
task_278_10	Proper Prisoner	模范阶下囚
task_278_11	Surge of Motivation	重燃斗志
task_278_12	Curious Brain	好奇心作祟
task_278_13	Interesting Discovery	意外收获
task_278_14	Deep in Thought	心事重重
task_278_15	Human After All	凡人一面
task_278_16	Full Time Expert	技术大牛
task_278_17	Online Hounds	网络暴民
title_text_garlicrosemary	Garlic and Rosemary	故人如旧
summary_text_279_6_end	Two exes meet up for a lunch date…	两位前任共进午餐……
summary_text_279_12_end	Colton and Sophia continue to lunch casually as friends…	科尔顿与索菲娅依旧像好友一般，悠闲共进午餐……
task_279_1	A Little Down Time	把握今天
task_279_2	Productive Producers	步步筹谋
task_279_3	Getting a Little Weird	怪事渐生
task_279_4	In Another Time	尘封的线索
task_279_5	Hasty Hypotheticals	离谱揣测
task_279_6	Just a Casual Lunch	叙旧午餐
task_279_7	A Good Character	一身正气
task_279_8	Blabbering Bozo	杠精再现
task_279_9	Another Wrap	顺利收工
task_279_10	Texting in the Pros	短信求助
task_279_11	Bad Lip Readers	墙角偷听
task_279_12	New Boundaries	只是老朋友
task_279_13	Illogical Wonders	无稽之谈
task_279_14	Taking Screenshots	蓄意抹黑
task_279_15	Feeble Feelers	灵异感应
task_279_16	Dizzyingly Spooky	毛骨悚然
task_279_17	Truth in Fiction	节外生枝
title_text_cunningham	The Cunningham Apartment	坎宁安夫妇的清晨
summary_text_280_begin	To Sophia's surprise, Vance becomes an early bird…	令索菲娅意外的是，万斯今天竟然起了个大早……
summary_text_280_4	Babette and Frankie exit the cells after another session with Bruno…	对布鲁诺的又一轮审问结束，芭贝特和弗兰基走出了牢房……
summary_text_280_8	Frankie and Babette chat as they tour the precinct…	弗兰基与芭贝特一边巡视警局一边闲聊……
task_280_1	Barrage of Texts	信息轰炸
task_280_2	Something Good	好差事
task_280_3	Green Light	私下调查
task_280_4	Dastardly Deeds	市长的审问
task_280_5	Digital Monologue	故伎重演
task_280_6	Repeat the Past	死性不改
task_280_7	Quinn Bee	领头人奎因
task_280_8	Overdue Justice	迟到的正义
task_280_9	High Praise	承蒙厚爱
task_280_10	Think Big	脑洞大开
task_280_11	Angry and Petty	警局喷子
task_280_12	Resident Pessimist	悲观主义
task_280_13	Viral Content	流量密码
task_280_14	Loud and Clear	市长新规
task_280_15	The Jig is Up	灾祸预兆
task_280_16	Extrasensory Perception	通灵感应
task_280_17	A Unique Mayor	独一无二的市长
summary_text_281_begin	Sam and Mark’s morning routine gets off to a slow start…	山姆和马克的清晨日常，从一开始就有些慢节奏……
summary_text_281_4_end	Frankie goes down to the cells for another session with her prisoner…	弗兰基来到牢房，准备对犯人展开新一轮的审问……
summary_text_281_8_end	Frankie drills down on Bruno, hoping for answers…	弗兰基对布鲁诺步步紧逼，希望能撬出答案……
task_281_1	A Speculative Skeptic	半信半疑
task_281_2	Suspicious Merriment	浪漫猜想
task_281_3	The Creed Signal	群发短信
task_281_4	Spoof and Truth	真真假假
task_281_5	Calamity Quinn	无故缺席
task_281_6	Better Off Alone	注孤生
task_281_7	Required Conversations	没话找话
task_281_8	Cracking the Shell	顺藤摸瓜
task_281_9	Jet Set Holiday	豪华之旅
task_281_10	Big Haste, Little Haste	“马上”就到
task_281_11	Hightailing Dudes	道歉的方式
task_281_12	In-House Expert	公关专家
task_281_13	Evasive Maneuvers	一走了之
task_281_14	A Report Back	弹道报告
task_281_15	Disturbed Visions	惊悚幻视
task_281_16	Behind the Reply	杠精的真面目
task_281_17	Cyclical Endings	轻松收尾
summary_text_282_begin	Atlas and his groupies recover after a night out…	宿醉过后，阿特拉斯和他的兄弟们总算回了魂……
summary_text_282_4	The elder Brimwavians relax in familiar, domestic bliss…	浪尾岛的两位长辈尽享着这份再熟悉不过的岁月静好……
summary_text_282_8_end	Atlas, Tony and Colton arrive at check-in…	阿特拉斯、托尼和科尔顿来到了值机柜台……
summary_text_282_11_end	Babette steps out in front of the assembled press and public…	芭贝特从容不迫地走向媒体和公众……
summary_text_282_14_end	Atlas and his groupies shuffle toward boarding…	阿特拉斯和他兄弟们拖着脚步挪向登机口……
task_282_1	Slow Burn	情感迷思
task_282_2	Put a Ring on it	“戒”外生枝
task_282_3	The Good News	及时止损
task_282_4	Married Life	婚后日常
task_282_5	Top Ten Hate Messages	犀利反击
task_282_6	Baking Starters	烘焙大赏启动
task_282_7	Circular Thinking	钻牛角尖
task_282_8	Spare Ticket	无福消受
task_282_9	A Welcome Distraction	居家生活
task_282_10	Deep Breathing Techniques	冥想初体验
task_282_11	An Official Address	公开发言
task_282_12	This is Imelda	热烈反响
task_282_13	Youthful Optimism	光明的未来
task_282_14	Friends? More Like a Gang	朋友？狐朋狗友
task_282_15	We Needed This	久旱逢甘霖
task_282_16	Unintentional Secrets	不再隐瞒
task_282_17	There Will Be Blood	血厄将至
common_prob_title	Probability of Rewards	本轮奖励概率
common_prob_desc	The probability of winning each prize changes after each spin.	每次抽奖后，获得各奖励的概率会产生变化
common_rewards_locked	Rewards Locked	奖励未解锁
spin_rdm_rwd_get_desc_multiple	Grand prize guaranteed within {0} more spins!	{0}次内必定转出大奖！
spin_rdm_rwd_get_desc_single	Grand prize guaranteed within {0} more spin!	{0}次内必定转出大奖！
spin_rdm_rwd_notget_desc_multiple	Grand prize guaranteed within {0} more spins!	{0}次内必定转出大奖！
spin_rdm_rwd_notget_desc_single	Grand prize guaranteed within {0} more spin!	{0}次内必定转出大奖！
task_limittime_popup_gold	You have enough gold to complete another task.	你已经有足够的金币可以再完成一个任务，离奖励更近一步！
task_limittime_popup_time_multiple	Finish {0} more tasks within the time limit to earn more spins and win prizes.	规定时间内，再完成{0}个任务即可获得转盘机会，赢取奖励。
task_limittime_popup_time_single	Finish {0} more task within the time limit to earn more spins and win prizes.	规定时间内，再完成{0}个任务即可获得转盘机会，赢取奖励。
task_limittime_reward_guide_1_2	Complete the Chores within the specified time range to earn rewards!	只要在规定时间内完成指定任务，即可获得额外奖励哦。
task_limittime_reward_tri_desc	Complete Chores within a time range and earn fantastic rewards!	规定时间内完成指定数量的任务，即可领取额外奖励。
offer_midfall26	Mooncake Marvels	中秋奇珍
album_moon_title	The Turning Leaves	金桂盈秋月
album_moon_pre_desc	Start a new card collection as we honor the lovely autumn season. Grab a warm drink and get cozy by the fire!	金秋时节，万里桂香，\n满月盈盈，亲友一堂！
Amoon_set1_name	Backyard Barbecue	秋日聚会
Amoon_set1_1_name	Rowing Drinks	木船畅饮
Amoon_set1_2_name	Backyard Lounge	后院躺椅
Amoon_set1_3_name	Sunny Spread	阳光盛宴
Amoon_set1_4_name	Grillin' Pops	烧烤派对
Amoon_set1_5_name	Foosball Masters	足球大师赛
Amoon_set1_6_name	Cooling Off	休闲泳池
Amoon_set1_7_name	Poolside Service	池边服务
Amoon_set1_8_name	Dangling Discs	悬挂光碟
Amoon_set1_9_name	Piña Colada Float	池上漂浮
Amoon_set2_name	The Night is Young	派对之夜
Amoon_set2_1_name	Sparkling Tower	气泡饮料塔
Amoon_set2_2_name	Fire Dancer	火舞表演
Amoon_set2_3_name	Dance Fever	热情舞动
Amoon_set2_4_name	Cotton Candy Spin	派对棉花糖
Amoon_set2_5_name	Let the Beat Drop	引爆全场
Amoon_set2_6_name	Coconut Disco	灯球飞咪
Amoon_set2_7_name	Backyard Lights	后院灯光秀
Amoon_set2_8_name	Beachside Sparklers	海滨仙女棒
Amoon_set2_9_name	Birthday Balloons	生日气球
Amoon_set3_name	German Oktoberfest	德国啤酒节
Amoon_set3_1_name	Pint and a Pretzel	经典搭配
Amoon_set3_2_name	Sweet Foam	甜蜜泡沫
Amoon_set3_3_name	October Spread	美味烤猪肉
Amoon_set3_4_name	Three Cheers	举杯畅饮
Amoon_set3_5_name	Brats and Onions	德式香肠
Amoon_set3_6_name	Pub Bites	爆米花杯
Amoon_set3_7_name	Balloon Brew	趣味气球
Amoon_set3_8_name	Street Performer	纵情歌唱
Amoon_set3_9_name	Delightful Dirndl	节日盛装
Amoon_set4_name	Harvest Fits	秋装风尚
Amoon_set4_1_name	Cashmere Comforts	舒适羊绒
Amoon_set4_2_name	Starched Jeans	挺括牛仔裤
Amoon_set4_3_name	Fashionable Scarf	时尚围巾
Amoon_set4_4_name	Reliable Umbrella	条纹雨伞
Amoon_set4_5_name	Sturdy Boots	保温短靴
Amoon_set4_6_name	Argyle Swish	格子半身裙
Amoon_set4_7_name	Blue Buttoned	牛仔蓝衬衫
Amoon_set4_8_name	Fluffy Cardigan	软糯开衫
Amoon_set4_9_name	Plaid Pleats	优雅长裙
Amoon_set5_name	Coffee Day	咖啡日
Amoon_set5_1_name	Morning Brews	晨间咖啡
Amoon_set5_2_name	Caffeine Love	爱心拉花
Amoon_set5_3_name	A Warm Decaf	一杯暖意
Amoon_set5_4_name	Barista's Pour	得意之作
Amoon_set5_5_name	Kitty Art	猫咪艺术
Amoon_set5_6_name	Purr-fect Pour	猫咪叠叠乐
Amoon_set5_7_name	Happy Sips	快乐啜饮
Amoon_set5_8_name	Homemade Cold Brew	自制冷萃
Amoon_set5_9_name	A Happy Pour	惬意时光
Amoon_set6_name	Amberfall Farms	秋日农场
Amoon_set6_1_name	Ripe Off the Vine	采摘葡萄
Amoon_set6_2_name	We Rake at Dawn	晨间劳作
Amoon_set6_3_name	Perfect Pick	完美采摘
Amoon_set6_4_name	Barrels of Orange	院落一角
Amoon_set6_5_name	Bountiful Pick-Up	丰收自提
Amoon_set6_6_name	Peppy Piggy	活力小猪
Amoon_set6_7_name	Three's a Flock	三只小鸡
Amoon_set6_8_name	Shearing Season	剪毛季
Amoon_set6_9_name	Horse Whisperer	温柔沟通
Amoon_set7_name	Changing Mums	秋日赏菊
Amoon_set7_1_name	Graceful Blossoms	优雅千头菊
Amoon_set7_2_name	Super Mums	超级菊花
Amoon_set7_3_name	Joyous Bunch	可爱花丛
Amoon_set7_4_name	Irregular Incurve	传统大菊
Amoon_set7_5_name	Patient Blooms	优雅绽放
Amoon_set7_6_name	Cantaloupe Mix	精心搭配
Amoon_set7_7_name	Grand Orange Bouquet	橙色花束
Amoon_set7_8_name	Peridot Pompoms	橄榄绿绒球
Amoon_set7_9_name	Zany Zinnias	个性百日菊
Amoon_set8_name	Autumn Villages	秋日村落
Amoon_set8_1_name	Cottage in the Woods	林间小屋
Amoon_set8_2_name	Main Street Stroll	主街漫步
Amoon_set8_3_name	Winding Roads	山间小路
Amoon_set8_4_name	Porch Perch	门廊小憩
Amoon_set8_5_name	Bridge Meeting	桥上相遇
Amoon_set8_6_name	Morning Cattle	晨间牛群
Amoon_set8_7_name	Cyclical Seasons	圆中光景
Amoon_set8_8_name	Tabby in the Sun	红墙与猫咪
Amoon_set8_9_name	Cozy Cafe	温馨咖啡馆
Amoon_set9_name	Seasonal Fruits	时令水果
Amoon_set9_1_name	Perfumed Pears	清甜梨子
Amoon_set9_2_name	Prolific Pomegranate	饱满石榴
Amoon_set9_3_name	Prosperous Persimmon	鲜亮柿子
Amoon_set9_4_name	Pithy Pomelos	酸甜柚子
Amoon_set9_5_name	Refreshing Kiwis	清爽猕猴桃
Amoon_set9_6_name	Bowl of Grapes	多汁葡萄
Amoon_set9_7_name	Succulent Star Fruit	星星杨桃
Amoon_set9_8_name	Water Chestnuts	脆甜荸荠
Amoon_set9_9_name	Healing Hawthorns	开胃山楂
Amoon_set10_name	Taste of Osmanthus	桂花风味
Amoon_set10_1_name	Osmanthus Blooms	桂花盛放
Amoon_set10_2_name	Scattered Petal	散落的花瓣
Amoon_set10_3_name	Sweet Milk Tea	桂花奶茶
Amoon_set10_4_name	Floral Cake	花香点心
Amoon_set10_5_name	Delicate Rice Cake	桂花米糕
Amoon_set10_6_name	Silky Mooncakes	丝滑月饼
Amoon_set10_7_name	Oolong Tea	桂花茶
Amoon_set10_8_name	Jubilant Jelly	芳香冰粉
Amoon_set10_9_name	Sweet Syrup	桂花糖浆
Amoon_set11_name	Fallen Leaves	落叶
Amoon_set11_1_name	Fanned Ginkgo	扇形银杏
Amoon_set11_2_name	Five-Point Gum	北美枫香树
Amoon_set11_3_name	Intricate Oak	精致的橡木
Amoon_set11_4_name	Horse Chestnut	马栗树叶
Amoon_set11_5_name	Crispy Maple	加拿大枫叶
Amoon_set11_6_name	Soft Poplar	柔软杨木
Amoon_set11_7_name	Dried Rowan	花楸树叶
Amoon_set11_8_name	Fallen Leaves	宽大落叶
Amoon_set11_9_name	Browning Birch	泛黄桦木
Amoon_set12_name	Jade Accessories	玉饰
Amoon_set12_1_name	Hanfu Belt	汉服腰带
Amoon_set12_2_name	Elegant Adornment	雅致挂饰
Amoon_set12_3_name	Belt Hook	腰带扣
Amoon_set12_4_name	Jade Bangle	玉镯
Amoon_set12_5_name	Ruler's Ring	君王之戒
Amoon_set12_6_name	Lucky Drop Earrings	精致耳环
Amoon_set12_7_name	Jadeite Hair Pin	翡翠发簪
Amoon_set12_8_name	Opulent Bracelet	华丽手镯
Amoon_set12_9_name	Longevity Lock	长寿锁
Amoon_set13_name	Moon Tales	月下故事
Amoon_set13_1_name	Kingdom Archways	月宫门口
Amoon_set13_2_name	Drum Dance	鼓上舞
Amoon_set13_3_name	Celestial Chess	君子对弈
Amoon_set13_4_name	The Golden Toad	金蟾
Amoon_set13_5_name	Rabbit Kitchenette	兔子小厨房
Amoon_set13_6_name	Brick Oven Baker	砖窑烘焙师
Amoon_set13_7_name	Lunar Pavilion	月下亭台
Amoon_set13_8_name	Sparrow Ferry	仙雀渡口
Amoon_set13_9_name	Charming Chang'e	嫦娥仙子
Amoon_set14_name	Orange Visions	橙色印象
Amoon_set14_1_name	Golden Hour	黄金时刻
Amoon_set14_2_name	Amber Dunes	琥珀沙丘
Amoon_set14_3_name	Heartful Shades	有色眼镜
Amoon_set14_4_name	Hues of Autumn	秋日调色
Amoon_set14_5_name	Spicy Manicure	夺目美甲
Amoon_set14_6_name	Orange Cushion	橙色靠垫
Amoon_set14_7_name	Seasonal Highlights	橘色挑染
Amoon_set14_8_name	Fiery Chords	炽热情调
Amoon_set14_9_name	Marigold Memories	怀旧记忆
Amoon_set15_name	Full Moon Nights	满月之夜
Amoon_set15_1_name	The Bountiful Moon	丰饶之月
Amoon_set15_2_name	Moonlit Village	月下村庄
Amoon_set15_3_name	Serene Moonrise	宁静月升
Amoon_set15_4_name	Above the Temple	朗朗明月
Amoon_set15_5_name	Courtyard Gleams	庭院微光
Amoon_set15_6_name	Mountainous Moon	山间明月
Amoon_set15_7_name	Reflective Nights	江月倒影
Amoon_set15_8_name	Low Horizons	明月初升
Amoon_set15_9_name	High Tides	月辉海岸
Amoon_set16_name	Back to School	返校生活
Amoon_set16_1_name	Study Hall	自习笔记
Amoon_set16_2_name	Time for Class	上课时间
Amoon_set16_3_name	Semester's Syllabus	课业计划
Amoon_set16_4_name	Stationery Pouch	文具袋
Amoon_set16_5_name	Poised Classics	经典名著
Amoon_set16_6_name	Packed Pack	书包
Amoon_set16_7_name	Desk Calendar	桌面日历
Amoon_set16_8_name	Calculating Numbers	计算器
Amoon_set16_9_name	Sticky Annotations	便利贴
Amoon_set17_name	Leisurely Learning	丰富课堂
Amoon_set17_1_name	Musical Numbers	乐器教学
Amoon_set17_2_name	Ballet Stretches	舞蹈启蒙
Amoon_set17_3_name	Film Storyboarder	影像纪录
Amoon_set17_4_name	Pottery Spinners	陶艺转盘
Amoon_set17_5_name	Garden Painter	花园画家
Amoon_set17_6_name	Lab Glassware	化学实验
Amoon_set17_7_name	Astro Armillary	天文探秘
Amoon_set17_8_name	Climber's Everest	攀岩训练
Amoon_set17_9_name	Computer Science	计算机语言
Amoon_set18_name	Bookstore Charms	书店魅力
Amoon_set18_1_name	Bookish Bulbs	书香灯泡
Amoon_set18_2_name	Napping Nook	书床小憩
Amoon_set18_3_name	Storytime Tree	树荫书柜
Amoon_set18_4_name	Page Turner	咖啡书签
Amoon_set18_5_name	Book o'Clock	书籍时钟
Amoon_set18_6_name	Bookworm's Paradise	书虫乐园
Amoon_set18_7_name	Tree of Tales	枝丫书架
Amoon_set18_8_name	The Perfect Spot	沉浸书窝
Amoon_set18_9_name	Epic Steps	书的阶梯
album_laser_replace_tip	All duplicate {0}-Star Dazzling Cards have been turned into {0}-Star Regular Cards for you!	{0}星炫彩卡已全部集齐, 已为您替换为{0}星普通卡!
moon26_multiboards_title	Mid-Autumn Moongazing	中秋赏月
moon26_multiboards_pre_desc	Olivia and Coconut are staying up to observe the full Mid-Autumn moon! Help them spot the moon rabbits hopping about in the craters!	奥利维亚和小椰子正在观赏中秋满月！快帮她们找找在陨石坑里蹦跳的玉兔吧！
moon26_multiboards_complete_title	Rabbit Researcher!	玉兔研究员！
moon26_multiboards_complete_desc	With your help, Olivia and Coconut have seen every type of moon rabbit!	在你的帮助下，奥利维亚和小椰子看到了各种各样的玉兔！
moon26_multiboards_success_title	Moongazing Master!	赏月大师！
moon26_multiboards_success_desc	Great work! Olivia and Coconut had a lot of fun spotting all the moon rabbits!	干得漂亮！奥利维亚和小椰子在寻找玉兔的过程中玩得很开心！
moon26_multiboards_fail_desc	It's getting too late to stay up any further. Time to go to bed!	夜已经深了，不能再熬夜了。该睡觉啦！
moon26_multiboards_guide_1_1	Let's celebrate the Mid-Autumn festival! Merge items to get the key and unlock the next stage!	让我们一起庆祝中秋节吧！合并物品即可获得钥匙，解锁下一关！
moon26Multiboards_book_title	Mid-Autumn Marvels	中秋奇遇
moon26Multiboards_book_subtitle1	Moon Rabbits	萌萌玉兔
moon26Multiboards_book_subtitle2	Delicious Desserts	美味点心
moon26Multiboards_book_subtitle3	Bunny Box	兔兔礼盒
event_wasteland_mdnew_prediction_title	Escape from Raccoon Beach	逃离浣熊沙滩
event_wasteland_mdnew_prediction_desc	Olivia's leading her parents on another adventure – this time, to the strange, sandy hideout of the neighborhood raccoons!	奥利维亚带着父母又踏上冒险之旅了，这次的目的地，是社区浣熊们古怪的沙地大本营！
event_wasteland_mdnew_decorations_title	Escape from Raccoon Beach	逃离浣熊沙滩
event_wasteland_mdnew_preview_desc	Collect all the decorations to unlock the Kingly Contraption!	搜集所有装饰即可解锁王者座驾！
event_wasteland_mdnew_end_desc	Phew! It looks like Olivia has found the way back to civilization!	呼！看来奥利维亚已经找到重返文明社会的路了！
event_wasteland_mdnew_extend_desc	Ready to make your escape from Raccoon Beach – or would you like to stay a little longer?	准备好逃出浣熊沙滩了吗？还是你想再多留一会儿？
event_wasteland_mdnew_extend_success_desc	You're becoming one with the wasteland. You have 2 more days to complete the event!	看来你已经适应废弃乐园的世界了。你还有两天时间完成活动哦。
chain_gift_title_chain_wasteland	Trashbin Treasures	垃圾桶珍宝
wasteland_rank_title	Salvage Operation	废品回收行动
wasteland_road_title	Dumpster Dive	垃圾堆大寻宝
wasteland_road_desc2	Collect raccoon tech to earn extra event points!	收集浣熊科技，获取额外的活动积分吧！
wasteland_road_success_desc	Good job! You've collected all the raccoon tech!	干得漂亮！浣熊科技全收集完毕！
wasteland_road_end_desc	The salvage drive is over! Hopefully, you have enough scrap to escape…	回收行动到此结束！希望你攒够了用来逃跑的废品……
event_wasteland_mdnew_decoration_name_1	Kingly Contraption	王者座驾
event_wasteland_mdnew_decoration_name_2	Trash Tech	废品黑科技
event_wasteland_mdnew_decoration_name_3	The Gar-Barge Bar	废料驳船酒吧
event_wasteland_mdnew_decoration_name_4	Robo-rac's Tower	机械浣熊塔
event_wasteland_mdnew_decoration_name_5	Geoff	杰夫
event_wasteland_mdnew_decoration_name_6	Banana Junk	香蕉废料艇
event_wasteland_mdnew_decoration_name_7	Garbage Grabber	废品抓手
event_wasteland_mdnew_decoration_name_8	Containment Breach	失控门户
event_wasteland_mdnew_decoration_name_9	Raccoon Repellent	浣熊驱赶器
event_wasteland_mdnew_decoration_name_10	Doof Emitters	呆呆轰鸣器
event_wasteland_mdnew_decoration_name_11	Scrappers' Shores	拾荒海岸
event_wasteland_mdnew_decoration_name_12	Watchful Eyes	监视之眼
event_wasteland_mdnew_decoration_name_13	Sea of Stuff	杂物汪洋
wasteland_road_desc1	Earn a total of <color=#f64528><size=45>{0}</size></color><sprite="icon_decoration_1" name="icon_decoration_1"> by completing the event!	完成活动一共可获得<color=#f64528><size=45>{0}</size></color><sprite="icon_decoration_1" name="icon_decoration_1">奖励!
wasteland_rank_score_current	Your current score: <sprite="icon_decoration_1" name="icon_decoration_1"> {0}	您的当前积分: <sprite="icon_decoration_1" name="icon_decoration_1"> {0}
wasteland_rank_subtitle	Earn event tokens to climb up the ranks and get zesty rewards!	赚取活动积分提升排名，并获得丰厚奖励!
wasteland_rank_score_need	Collect<sprite="icon_decoration_1" name="icon_decoration_1"> {0} to join Salvage Operation!	获取<sprite="icon_decoration_1" name="icon_decoration_1">{0} 后加入排行榜
wasteland_rank_start_desc	Collect event tokens and we can play in Salvage Operation! C'mon let's play!	收集活动积分来参与废品回收行动！让我们一起来玩吧！
wasteland_rank_count_desc	Ah man. Salvage Operation is over! Let's wait to see the final scores!	啊欧，废品回收行动结束了！稍等片刻，再来看最终结果吧！
wasteland_rank_final_desc	You got <color=#fff33a><size=60>#{0}</size></color> in Salvage Operation.	你在废品回收行动中获得了第<color=#fff33a><size=60>{0}</size></color>名
ar_avatar_wasteland_name	Exclusive Avatar	活动限定头像
reissued_reward_items	Rewards	物品
card_item_get_title	New Boost Card Found!	发现新道具卡！
card_item_rarity_1	Common	普通
card_item_rarity_2	Rare	稀有
card_item_rarity_3	Super Rare	非常稀有
card_item_rarity_4	Ultra Rare	超级稀有
card_item_get_desc_1	Wow! You just found the <color=#00ECFF>{0}</color> boost card!	哇哦！你发现了<color=#00ECFF>{0}</color>道具卡！
card_item_get_desc_2	Lucky! You just found the <color=#E168FF>{0}</color> boost card!	真幸运！你发现了<color=#E168FF>{0}</color>道具卡！
card_item_get_desc_3	Incredible! You just found the <color=#FF7D5A>{0}</color> boost card!	不可思议！你发现了<color=#FF7D5A>{0}</color>道具卡！
card_item_get_desc_4	Unbelievable! You just found the <color=#FF6174>{0}</color> boost card!	难以置信！你发现了<color=#FF6174>{0}</color>道具卡！
card_item_use_hint	Note: Only one Boost Card can be on the board at any time.	注意：同一时间只能拥有一张道具卡。
card_item_use_btn	Activate	使用
card_item_info_desc_1	Merge to the highest level to get a special Boost Card!	合成到最高等级来获得一张道具卡。
card_item_info_desc_2	You completed a Boost Card! Activate it to unleash its special power.	你完成了一张道具卡！使用来获得它的特殊能力吧。
tutorial_card_item_intro_1	Nice! You found a piece of a Boost Card!	哇哦！你找到了一个道具卡碎片！
tutorial_card_item_intro_2	It's pretty rare. Let's check out how it works!	这东西可不常见。让我们看看它有什么用吧。
tutorial_card_item_intro_3	Merge it to the highest level and you'll earn a special reward.	合成到最高等级你就可以获得一个特殊奖励。
tutorial_card_item_intro_4	Keep playing to find more!	继续游戏来寻找更多道具卡碎片！
tutorial_card_item_use_1	Congratulations! You completed one Boost Card!	恭喜！你合成了一张完整的道具卡！
tutorial_card_item_use_2	Tap the Boost Card to check its effect and activate it!	点击道具卡来使用和查看它的效果。
tutorial_card_item_use_3	This is how this Boost Card works.	这里是这张道具卡的使用效果。
tutorial_card_item_use_4	There are many different types of Boost Cards. Keep playing to find more!	还有很多不同效果的道具卡。继续游戏来发现更多吧！
item_main_card_item_disco_s_1_name	Pink Power	粉红助力
item_main_card_item_disco_s_2_name	Pink Power	粉红助力
item_main_card_item_disco_s_3_name	Pink Power	粉红助力
item_main_card_item_disco_s_1_desc	Merge to the highest level to get a special Boost Card!	合成到最高等级来获得一张道具卡。
item_main_card_item_disco_s_2_desc	Merge to the highest level to get a special Boost Card!	合成到最高等级来获得一张道具卡。
item_main_card_item_disco_s_3_desc	Effect: Use generators at NO energy cost for a limited number of taps.	效果：在一定次数内，点击母体棋子无需消耗能量!
item_main_card_item_disco_m_1_name	Gold Glory	黄金助力
item_main_card_item_disco_m_2_name	Gold Glory	黄金助力
item_main_card_item_disco_m_3_name	Gold Glory	黄金助力
item_main_card_item_disco_m_1_desc	Merge to the highest level to get a special Boost Card!	合成到最高等级来获得一张道具卡。
item_main_card_item_disco_m_2_desc	Merge to the highest level to get a special Boost Card!	合成到最高等级来获得一张道具卡。
item_main_card_item_disco_m_3_desc	Effect: Use generators at NO energy cost for a limited number of taps.	效果：在一定次数内，点击母体棋子无需消耗能量!
item_main_card_item_disco_b_1_name	Rainbow Reign	彩虹助力
item_main_card_item_disco_b_2_name	Rainbow Reign	彩虹助力
item_main_card_item_disco_b_3_name	Rainbow Reign	彩虹助力
item_main_card_item_disco_b_1_desc	Merge to the highest level to get a special Boost Card!	合成到最高等级来获得一张道具卡。
item_main_card_item_disco_b_2_desc	Merge to the highest level to get a special Boost Card!	合成到最高等级来获得一张道具卡。
item_main_card_item_disco_b_3_desc	Effect: Use generators at NO energy cost for a limited number of taps.	效果：在一定次数内，点击母体棋子无需消耗能量!
item_main_card_item_plane_s_1_name	Party Plane	派对飞机
item_main_card_item_plane_s_2_name	Party Plane	派对飞机
item_main_card_item_plane_s_3_name	Party Plane	派对飞机
item_main_card_item_plane_s_1_desc	Merge to the highest level to get a special Boost Card!	合成到最高等级来获得一张道具卡。
item_main_card_item_plane_s_2_desc	Merge to the highest level to get a special Boost Card!	合成到最高等级来获得一张道具卡。
item_main_card_item_plane_s_3_desc	Effect: The prize-dropping planes will drop items to help you complete orders!	效果：这架满载物资的飞机会为你带来订单所需要的物品！
item_main_card_item_plane_m_1_name	Fiesta Flyer	庆典飞机
item_main_card_item_plane_m_2_name	Fiesta Flyer	庆典飞机
item_main_card_item_plane_m_3_name	Fiesta Flyer	庆典飞机
item_main_card_item_plane_m_1_desc	Merge to the highest level to get a special Boost Card!	合成到最高等级来获得一张道具卡。
item_main_card_item_plane_m_2_desc	Merge to the highest level to get a special Boost Card!	合成到最高等级来获得一张道具卡。
item_main_card_item_plane_m_3_desc	Effect: The prize-dropping planes will drop items to help you complete orders!	效果：这架满载物资的飞机会为你带来订单所需要的物品！
item_main_card_item_plane_b_1_name	Bonanza Biplane	狂欢飞机
item_main_card_item_plane_b_2_name	Bonanza Biplane	狂欢飞机
item_main_card_item_plane_b_3_name	Bonanza Biplane	狂欢飞机
item_main_card_item_plane_b_1_desc	Merge to the highest level to get a special Boost Card!	合成到最高等级来获得一张道具卡。
item_main_card_item_plane_b_2_desc	Merge to the highest level to get a special Boost Card!	合成到最高等级来获得一张道具卡。
item_main_card_item_plane_b_3_desc	Effect: The prize-dropping planes will drop items to help you complete orders!	效果：这架满载物资的飞机会为你带来订单所需要的物品！
item_main_card_item_raccoon_s_1_name	Dill Pickle	背包客浣熊
item_main_card_item_raccoon_s_2_name	Dill Pickle	背包客浣熊
item_main_card_item_raccoon_s_3_name	Dill Pickle	背包客浣熊
item_main_card_item_raccoon_s_1_desc	Merge to the highest level to get a special Boost Card!	合成到最高等级来获得一张道具卡。
item_main_card_item_raccoon_s_2_desc	Merge to the highest level to get a special Boost Card!	合成到最高等级来获得一张道具卡。
item_main_card_item_raccoon_s_3_desc	Effect: Summon a risk-taking raccoon to help you complete orders!	效果：召唤一只爱冒险的飞行浣熊来帮助你完成订单！
item_main_card_item_raccoon_m_1_name	Blue Cheese	探险家浣熊
item_main_card_item_raccoon_m_2_name	Blue Cheese	探险家浣熊
item_main_card_item_raccoon_m_3_name	Blue Cheese	探险家浣熊
item_main_card_item_raccoon_m_1_desc	Merge to the highest level to get a special Boost Card!	合成到最高等级来获得一张道具卡。
item_main_card_item_raccoon_m_2_desc	Merge to the highest level to get a special Boost Card!	合成到最高等级来获得一张道具卡。
item_main_card_item_raccoon_m_3_desc	Effect: Summon a risk-taking raccoon to help you complete orders!	效果：召唤一只爱冒险的飞行浣熊来帮助你完成订单！
item_main_card_item_raccoon_b_1_name	Beetroot	飞行员浣熊
item_main_card_item_raccoon_b_2_name	Beetroot	飞行员浣熊
item_main_card_item_raccoon_b_3_name	Beetroot	飞行员浣熊
item_main_card_item_raccoon_b_1_desc	Merge to the highest level to get a special Boost Card!	合成到最高等级来获得一张道具卡。
item_main_card_item_raccoon_b_2_desc	Merge to the highest level to get a special Boost Card!	合成到最高等级来获得一张道具卡。
item_main_card_item_raccoon_b_3_desc	Effect: Summon a risk-taking raccoon to help you complete orders!	效果：召唤一只爱冒险的飞行浣熊来帮助你完成订单！
item_main_card_item_raccoon_customer_1_name	Critter Customers!	浣熊集结
item_main_card_item_raccoon_customer_2_name	Critter Customers!	浣熊集结
item_main_card_item_raccoon_customer_3_name	Critter Customers!	浣熊集结
item_main_card_item_raccoon_customer_1_desc	Merge to the highest level to get a special Boost Card!	合成到最高等级来获得一张道具卡。
item_main_card_item_raccoon_customer_2_desc	Merge to the highest level to get a special Boost Card!	合成到最高等级来获得一张道具卡。
item_main_card_item_raccoon_customer_3_desc	Effect: More loyal raccoon customers will come and line up!	效果：大批浣熊顾客将光临餐厅!
item_main_card_item_cannon_s_1_name	Cannonball Boost	大炮冲击
item_main_card_item_cannon_s_2_name	Cannonball Boost	大炮冲击
item_main_card_item_cannon_s_3_name	Cannonball Boost	大炮冲击
item_main_card_item_cannon_s_1_desc	Merge to the highest level to get a special Boost Card!	合成到最高等级来获得一张道具卡。
item_main_card_item_cannon_s_2_desc	Merge to the highest level to get a special Boost Card!	合成到最高等级来获得一张道具卡。
item_main_card_item_cannon_s_3_desc	Effect: Launch special cannonballs to receive order items or upgrade existing items!	效果：大炮会发射棋子或升级主棋盘上的棋子，帮助你更快完成订单!
item_main_card_item_cannon_b_1_name	Cannonball Boost	大炮冲击
item_main_card_item_cannon_b_2_name	Cannonball Boost	大炮冲击
item_main_card_item_cannon_b_3_name	Cannonball Boost	大炮冲击
item_main_card_item_cannon_b_1_desc	Merge to the highest level to get a special Boost Card!	合成到最高等级来获得一张道具卡。
item_main_card_item_cannon_b_2_desc	Merge to the highest level to get a special Boost Card!	合成到最高等级来获得一张道具卡。
item_main_card_item_cannon_b_3_desc	Effect: Launch special cannonballs to receive order items or upgrade existing items!	效果：大炮会发射棋子或升级主棋盘上的棋子，帮助你更快完成订单!
item_main_card_item_infi_e_s_1_name	Infinite Energy	无限体力
item_main_card_item_infi_e_s_2_name	Infinite Energy	无限体力
item_main_card_item_infi_e_s_3_name	Infinite Energy	无限体力
item_main_card_item_infi_e_s_1_desc	Merge to the highest level to get a special Boost Card!	合成到最高等级来获得一张道具卡。
item_main_card_item_infi_e_s_2_desc	Merge to the highest level to get a special Boost Card!	合成到最高等级来获得一张道具卡。
item_main_card_item_infi_e_s_3_desc	Effect: For 60 seconds, producing items will not cost energy.	效果：生成棋子不再消耗体力。持续60秒。
item_main_card_item_infi_e_b_1_name	Infinite Energy	无限体力
item_main_card_item_infi_e_b_2_name	Infinite Energy	无限体力
item_main_card_item_infi_e_b_3_name	Infinite Energy	无限体力
item_main_card_item_infi_e_b_1_desc	Merge to the highest level to get a special Boost Card!	合成到最高等级来获得一张道具卡。
item_main_card_item_infi_e_b_2_desc	Merge to the highest level to get a special Boost Card!	合成到最高等级来获得一张道具卡。
item_main_card_item_infi_e_b_3_desc	Effect: For 120 seconds, producing items will not cost energy.	效果：生成棋子不再消耗体力。持续120秒。
item_main_card_item_smart_buff_1_name	Smart Generator	聪明喷发
item_main_card_item_smart_buff_2_name	Smart Generator	聪明喷发
item_main_card_item_smart_buff_3_name	Smart Generator	聪明喷发
item_main_card_item_smart_buff_1_desc	Merge to the highest level to get a special Boost Card!	合成到最高等级来获得一张道具卡。
item_main_card_item_smart_buff_2_desc	Merge to the highest level to get a special Boost Card!	合成到最高等级来获得一张道具卡。
item_main_card_item_smart_buff_3_desc	Effect: Your generators will be smarter and produce order-specific items. Lasts 240 minutes.	效果：你的母体棋子将变得更加智能，优先喷发订单所需棋子。持续240分钟。
item_main_card_item_gem_s_1_name	A Few Gems	少量钻石
item_main_card_item_gem_s_2_name	A Few Gems	少量钻石
item_main_card_item_gem_s_3_name	A Few Gems	少量钻石
item_main_card_item_gem_s_1_desc	Merge to the highest level to get a special Boost Card!	合成到最高等级来获得一张道具卡。
item_main_card_item_gem_s_2_desc	Merge to the highest level to get a special Boost Card!	合成到最高等级来获得一张道具卡。
item_main_card_item_gem_s_3_desc	Effect: Instant luxury! Receive <color=#DF5D5B>{0} gems</color> after use.	效果：珠光宝气！使用后立即获得<color=#DF5D5B>{0}钻石</color>。
item_main_card_item_gem_m_1_name	Pile of Gems	一堆钻石
item_main_card_item_gem_m_2_name	Pile of Gems	一堆钻石
item_main_card_item_gem_m_3_name	Pile of Gems	一堆钻石
item_main_card_item_gem_m_1_desc	Merge to the highest level to get a special Boost Card!	合成到最高等级来获得一张道具卡。
item_main_card_item_gem_m_2_desc	Merge to the highest level to get a special Boost Card!	合成到最高等级来获得一张道具卡。
item_main_card_item_gem_m_3_desc	Effect: Instant luxury! Receive <color=#DF5D5B>{0} gems</color> after use.	效果：珠光宝气！使用后立即获得<color=#DF5D5B>{0}钻石</color>。
item_main_card_item_gem_b_1_name	Tons of Gems	大量钻石
item_main_card_item_gem_b_2_name	Tons of Gems	大量钻石
item_main_card_item_gem_b_3_name	Tons of Gems	大量钻石
item_main_card_item_gem_b_1_desc	Merge to the highest level to get a special Boost Card!	合成到最高等级来获得一张道具卡。
item_main_card_item_gem_b_2_desc	Merge to the highest level to get a special Boost Card!	合成到最高等级来获得一张道具卡。
item_main_card_item_gem_b_3_desc	Effect: Instant luxury! Receive <color=#DF5D5B>{0} gems</color> after use.	效果：珠光宝气！使用后立即获得<color=#DF5D5B>{0}钻石</color>。
item_main_card_item_energy_s_1_name	A Little Energy	少量体力
item_main_card_item_energy_s_2_name	A Little Energy	少量体力
item_main_card_item_energy_s_3_name	A Little Energy	少量体力
item_main_card_item_energy_s_1_desc	Merge to the highest level to get a special Boost Card!	合成到最高等级来获得一张道具卡。
item_main_card_item_energy_s_2_desc	Merge to the highest level to get a special Boost Card!	合成到最高等级来获得一张道具卡。
item_main_card_item_energy_s_3_desc	Effect: Instant power! Receive <color=#FF863A>{0} energy</color> after use.	效果：活力满满！使用后立即获得<color=#FF863A>{0}体力</color>。
item_main_card_item_energy_m_1_name	Pile of Energy	一堆体力
item_main_card_item_energy_m_2_name	Pile of Energy	一堆体力
item_main_card_item_energy_m_3_name	Pile of Energy	一堆体力
item_main_card_item_energy_m_1_desc	Merge to the highest level to get a special Boost Card!	合成到最高等级来获得一张道具卡。
item_main_card_item_energy_m_2_desc	Merge to the highest level to get a special Boost Card!	合成到最高等级来获得一张道具卡。
item_main_card_item_energy_m_3_desc	Effect: Instant power! Receive <color=#FF863A>{0} energy</color> after use.	效果：活力满满！使用后立即获得<color=#FF863A>{0}体力</color>。
item_main_card_item_energy_b_1_name	Tons of Energy	大量体力
item_main_card_item_energy_b_2_name	Tons of Energy	大量体力
item_main_card_item_energy_b_3_name	Tons of Energy	大量体力
item_main_card_item_energy_b_1_desc	Merge to the highest level to get a special Boost Card!	合成到最高等级来获得一张道具卡。
item_main_card_item_energy_b_2_desc	Merge to the highest level to get a special Boost Card!	合成到最高等级来获得一张道具卡。
item_main_card_item_energy_b_3_desc	Effect: Instant power! Receive <color=#FF863A>{0} energy</color> after use.	效果：活力满满！使用后立即获得<color=#FF863A>{0}体力</color>。
item_main_card_item_levelup_1_name	Rainbow Gem	万能宝石
item_main_card_item_levelup_2_name	Rainbow Gem	万能宝石
item_main_card_item_levelup_3_name	Rainbow Gem	万能宝石
item_main_card_item_levelup_1_desc	Merge to the highest level to get a special Boost Card!	合成到最高等级来获得一张道具卡。
item_main_card_item_levelup_2_desc	Merge to the highest level to get a special Boost Card!	合成到最高等级来获得一张道具卡。
item_main_card_item_levelup_3_desc	Effect: A helpful hand. Get one <color=#FF6174>{0}</color> item after use.	效果：朴实但有用。使用后获得一个<color=#FF6174>{0}</color>棋子。
item_main_card_item_pot_s_1_name	Fortuitous Jade Pot	祥瑞玉罐
item_main_card_item_pot_s_2_name	Fortuitous Jade Pot	祥瑞玉罐
item_main_card_item_pot_s_3_name	Fortuitous Jade Pot	祥瑞玉罐
item_main_card_item_pot_s_1_desc	Merge to the highest level to get a special Boost Card!	合成到最高等级来获得一张道具卡。
item_main_card_item_pot_s_2_desc	Merge to the highest level to get a special Boost Card!	合成到最高等级来获得一张道具卡。
item_main_card_item_pot_s_3_desc	Effect: A helpful hand. Get one <color=#E168FF>{0}</color> item after use.	效果：朴实但有用。使用后获得一个<color=#E168FF>{0}</color>棋子。
item_main_card_item_pot_m_1_name	Turquoise Tea Urn	松石茶瓮
item_main_card_item_pot_m_2_name	Turquoise Tea Urn	松石茶瓮
item_main_card_item_pot_m_3_name	Turquoise Tea Urn	松石茶瓮
item_main_card_item_pot_m_1_desc	Merge to the highest level to get a special Boost Card!	合成到最高等级来获得一张道具卡。
item_main_card_item_pot_m_2_desc	Merge to the highest level to get a special Boost Card!	合成到最高等级来获得一张道具卡。
item_main_card_item_pot_m_3_desc	Effect: A helpful hand. Get one <color=#FF7D5A>{0}</color> item after use.	效果：朴实但有用。使用后获得一个<color=#FF7D5A>{0}</color>棋子。
item_main_card_item_pot_b_1_name	Gaudy Gilded Vessel	鎏金宝罐
item_main_card_item_pot_b_2_name	Gaudy Gilded Vessel	鎏金宝罐
item_main_card_item_pot_b_3_name	Gaudy Gilded Vessel	鎏金宝罐
item_main_card_item_pot_b_1_desc	Merge to the highest level to get a special Boost Card!	合成到最高等级来获得一张道具卡。
item_main_card_item_pot_b_2_desc	Merge to the highest level to get a special Boost Card!	合成到最高等级来获得一张道具卡。
item_main_card_item_pot_b_3_desc	Effect: A helpful hand. Get one <color=#FF6174>{0}</color> item after use.	效果：朴实但有用。使用后获得一个<color=#FF6174>{0}</color>棋子。
item_main_card_item_superball_1_name	Crystal Ball	如意水晶球
item_main_card_item_superball_2_name	Crystal Ball	如意水晶球
item_main_card_item_superball_3_name	Crystal Ball	如意水晶球
item_main_card_item_superball_1_desc	Merge to the highest level to get a special Boost Card!	合成到最高等级来获得一张道具卡。
item_main_card_item_superball_2_desc	Merge to the highest level to get a special Boost Card!	合成到最高等级来获得一张道具卡。
item_main_card_item_superball_3_desc	Effect: A helpful hand. Get one <color=#FF6174>{0}</color> item after use.	效果：朴实但有用。使用后获得一个<color=#FF6174>{0}</color>棋子。
smart_buff_title	Smart Generator	聪明喷发
smart_buff_desc	Your generators will be smarter and produce order-specific items.	你的母体棋子将变得更加智能，优先喷发订单所需棋子。
pureboard_delete_title	Are you sure you want to delete this item? It cannot be recovered.	确定要删除这个物品吗？删除后将不可撤回。
pureboard_delete_desc	Are you sure?	确定吗？
pureboard_item_unlock_title	New Item Found!	找到新物品！
pureboard_item_reward_title	Your Rewards	你的奖励
pureboard_bubble_delete	Drag items to here to delete them.	将棋子拖拽到此处删除
dogparkpureboard_book_title	Dog Park Directory	狗狗公园图鉴
dogpark_pureboard_book_subtitle1	Rover Roster	汪汪花名册
dogpark_pureboard_book_subtitle2	Chewtoy Checklist	咬咬玩具清单
dogpark_pureboard_book_subtitle3	Frisbee Fun	飞盘乐翻天
dogpark_pureboard_title	Puppy Playtime	狗狗撒欢时刻
dogpark_pureboard_pre_desc	Olivia's at the dog park looking to have fun with some furry new friends!	奥利维亚来到了宠物公园！是时候和毛茸茸的新朋友一起撒欢儿啦！
dogpark_pureboard_end_desc	Olivia's had a delightful doggy day to remember! Time to go home!	奥利维亚和狗狗们度过了难忘的快乐一天！是时候回家啦～
dogpark_pureboard_complete_desc	Bow wow! Olivia's made a lot of furry friends!	汪汪！奥利维亚交到了超多毛茸茸的朋友！
pb_dogpark_shot_title	Great Catch!	好身手!
streak_task_unlock_pb	Unlock this item	解锁该棋子
moon26_multiboards_fail_title	Event over!	活动结束!
moon26_multiboards_guide_1_2	Tap here to add items to the board, then merge them!	点击这里将物品添加到棋盘，并合成它们！
moon26_multiboards_guide_2_1	You've unlocked the next stage! Tap to enter.	你已经解锁了下一阶段！点击前往吧。
moon26_multiboards_instruction_1	Complete orders to get items.	完成订单获得物品
moon26_multiboards_instruction_2	Merge items to earn the key to the next stage.	合成物品获得钥匙并开门解锁下一阶段
moon26_multiboards_instruction_3	Explore all the stages and win big prizes!	探索全部阶段棋盘获得大奖
moon26_multiboards_desc	Merge items to get the key and unlock the next stage!	获得指定物品可得到钥匙开门，进入下一阶段
moon26_multiboards_door_btn1	Go	继续
moon26_multiboards_door_btn2	Stay	留下
moon26_multiboards_door_desc1	If you choose to go to the next stage, the remaining rewards on this board will be collected automatically.	如果您选择进入下一阶段，此棋盘上的奖励将被自动收集
moon26_multiboards_door_desc2	All event items on the current board will be transferred to the next stage.	已获得的活动棋子将被带入下一阶段
moon26_multiboards_door_hint	You need a key! Merge items to get one.	你需要一把钥匙！合成物品来获得它。
moon26_multiboards_door_title	Go to the Next Stage	前往下一阶段
moon26_multiboards_linelock_hint	Unlock on the next stage!	到下一阶段后解锁!
moon26_multiboards_obstacle_bubble_desc	Collect gems to unveil a mystery reward!	收集宝石，解锁神秘奖励!
moon26_multiboards_obstacle_title	Congratulations!	太棒了!
moon26_multiboards_obstacle_desc	You pulled back the curtain and revealed a valuable treasure chest!	你拉开帷幕并揭晓了神秘大奖!
novicetask_title	Rookie Report	新手目标
novicetask_fail_desc_1	No need to get it perfect on your first try — your journey in Brimwave's just started!	初次挑战不用苛求完美，您在浪尾岛的旅程才刚刚开始！
novicetask_success_desc_1	Congratulations, you've completed the challenge! You're well on your way to settling into life in Brimwave!	恭喜~您的初次挑战完美收官！请开始您的浪尾岛之旅吧！
common_task_complete	Complete {0} tasks	完成{0}个任务
common_task_level	Reach level {0}	升到{0}级
common_task_item	Merge this item	合成该棋子
common_task_inventory	Open the Inventory {0} times	打开{0}次仓库
common_task_login_single	Log in for {0} day	登录{0}天
common_task_login_multiple	Log in for {0} days	登录{0}天
novicetask_day	Day{0}	第{0}天
common_task_complete_hint	Open the notebook and complete the main task.	打开任务本，完成主线任务。
common_task_level_hint	Complete the main quests to level up!	完成主线即可升级！
common_task_item_hint	Merge items on your kitchen board!	在棋盘中合成物品！
common_task_inventory_hint	Check your Inventory frequently!	多多查看您的仓库！
common_task_login_hint	Log in every day of the challenge!	在活动期间保持登录记录！
novicetask_des	Earn <sprite="icon_novice_token" name="icon_novice_token"> by completing the above tasks and win rewards!	完成上面的任务来赚取<sprite="icon_novice_token" name="icon_novice_token">和奖励！
novicetask_lock_des	The stage for this task hasn't been unlocked yet.	任务所在阶段尚未解锁!
novicetask_end_desc	Event over!	活动结束!
common_task_unlock	Unlock this item	解锁该棋子
common_task_unlock_hint	Merge items on the main board!	在主棋盘上进行物品合并！
witchadventure_book_title	Halloween Must-Haves	万圣必备
witch_adventure_book_subtitle1	Costumed Kitties	女巫的猫猫
witch_adventure_book_subtitle2	Standard-Issue Sorcery	女巫装备
witch_adventure_book_subtitle3	Haunted Houses	幽灵鬼屋
witch_adventure_title	A Coven of Cats	猫与女巫聚会
witch_adventure_pre_desc	Olivia's got something special to show her furry friends this All-Hallows' Eve!	这个万圣夜，奥利维亚准备了特别惊喜，要给毛茸茸的小伙伴们瞧一瞧！
witch_adventure_desc	Merge items to summon Olivia's feline familiars to her side!	合并物品，召唤奥利维亚的猫猫灵宠来到她身边！
witch_adventure_desc2	Produce <sprite="icon_adv_product" name="icon_adv_product"> by merging <sprite="icon_adv_annex" name="icon_adv_annex"> and onward; finish the Standard-Issue Sorcery merge line for extra rewards!	合并 <sprite="icon_adv_annex" name="icon_adv_annex"> 及后续物品来产出 <sprite="icon_adv_product" name="icon_adv_product">；完成"女巫装备"合成线还能获得额外奖励！
witch_adventure_success_desc	With your help, all kitties have gathered for a cozy and costumed night by the witch's fire!	在你的帮助下，猫咪们都换上万圣节装扮啦，大家围坐在女巫的炉火旁，度过了一个温馨的夜晚！
witch_adventure_fail_desc	Luckily, cats will find their way home again with or without help! Looks like everyone's here!	好在猫咪们不管有没有人帮忙，总能自己找到回家的路！看来大家都到齐啦！
witch_adventure_guide_1_1	Ooh! Look over here!	哇！快看这边！
witch_adventure_complete_title	Spellbinding Show-and-Tell	魔法分享会
witch_adventure_complete_desc	Excellent work! Olivia's scary stories and tasty treats go over well with her captive, costumed kitty audience.	干得漂亮！奥利维亚的恐怖故事和美味点心，让猫猫观众们听得入迷，大呼过瘾！
witch_adventure_success_title	Event over!	活动结束!
witch_adventure_guide_2_2	Tap here to get new items!	点击它即可获得新物品！
adv_witch_shot_title	Uncanny Upgrade	鬼屋升级!
witch_adventure_obstacle_bubble_desc	Collect skulls to swap to the next character in the show!	收集骷髅头，即可换下一个角色登场表演！
witch_adventure_obstacle_title	Trick or Treat!	不给糖就捣蛋！
witch_adventure_obstacle_desc	What a spooktacular show! And we got a sweet treat for it too!	这场表演真是精彩又惊悚！而且我们还收获了一份甜甜的糖果奖励！
offer_sleepover	Sleepover Supplies	睡衣派对用品
offer_witch	Witch's Wares	女巫杂货
preview_entry	Events	预告
preview_title_1	Event	新活动
preview_title_2	Preview	抢先看
preview_des	Join Quinn on up-and-coming events in beautiful Brimwave and earn exciting rewards!	跟随奎因一路前行， 邂逅更多趣味活动和惊喜奖励！
preview_open_level	Unlocks at Level <color=#9570ff>{0}</color> 	<color=#9570ff>{0}</color> 级解锁
preview_open_unlock	Event Started!	活动已开启!
preview_title_orderboost	Rave Reviews	好评如潮
preview_title_weeklyaq	Restaurant Goals	餐厅任务
preview_title_checkin	Daily Rewards	每日奖励
preview_title_characterIntimacy	Brimwave Community	浪尾岛社区
preview_title_orderboostpro	Super Rave Reviews	口碑达人
preview_title_cookingfrenzy	Flaming Frenzy	火焰狂热
preview_title_pass	Season Pass	赛季通行证
preview_title_energy2	2x Generator Booster	2倍能量助力
preview_title_energy4	4x Generator Booster	4倍能量助力
preview_title_energy8	8x Generator Booster	8倍能量助力
preview_title_album	Card Collection	卡牌收集
preview_des_orderboost	Earn good reviews by completing orders with emojis, and win a big reward!	完成带有笑脸的订单来获得好评，并赢取大奖！
preview_des_album	Collect rare cards, complete the card album, and earn abundant rewards! Make sure to update to the latest version!	收集珍稀卡牌，集齐图鉴，获得丰富奖励！请确保更新到最新版本噢~
preview_des_weeklyaq	Complete the daily goals, accumulate activity points, and win deluxe prizes. Make sure to update to the latest version!	完成每日目标，积累活跃值，赢取豪华大奖。请确保更新到最新版本噢~
preview_des_checkin	Come and sign in every day to easily receive additional rewards!	每日前来签到，轻松领取额外福利！
preview_des_pass	Start the season pass and unlock a vast amount of resources! Make sure to update to the latest version!	开启赛季通行证，多玩多得，解锁海量资源！请确保更新到最新版本噢~
preview_des_characterIntimacy	Get to know our Brimwavian friends through stories and moments, and unlock exclusive surprise rewards.	深入了解角色的背后故事，解锁专属惊喜奖励。
preview_des_energy2	Double your energy consumption to generate higher-level pieces, helping complete orders quickly!	二倍能量消耗，产生更高等级棋子，快速完成订单！
preview_des_orderboostpro	Challenge accepted! Complete multiple rounds of Rave Reviews to trigger Super Rave Reviews. Completing the challenge within the time limit will earn you additional rewards!	挑战升级！完成多轮好评如潮可触发口碑达人，限时完成即可获得额外奖励！
preview_des_cookingfrenzy	Bring the heat and rack up points to earn exclusive buffs that help complete orders!	积攒狂热能量，获得专属buff，助力订单完成！
preview_des_energy4	Quadruple your energy consumption to generate higher-level pieces, helping complete orders quickly!	四倍能量消耗，产生更高等级棋子，快速完成订单！
preview_des_energy8	Use 8x your energy consumption to generate higher-level pieces, helping complete orders quickly!	八倍体力消耗，产生更高等级棋子，快速完成订单！
common_countdown_desc	Time Left:	剩余时间：
extra_customer_accept_btn	Accept	接受
extra_customer_check_btn	Details	查看
extra_customer_desc	I've got <color=#ff60db>a rush order</color>! Think you could help?	我有一个<color=#ff60db>比较着急的订单</color>。你愿意帮我吗？
extra_customer_guide_1_1	A special customer is here! Let's learn more about their order.	一位特殊的顾客光临！让我们来了解一下它的订单详情。
extra_customer_refuse_btn	Decline	拒绝
extra_customer_rewards	Panda Prizes	特别奖励
extra_customer_title	Panda Patron	熊猫顾客
extra_customer_trigger_desc_1	Panda	熊猫
extra_customer_trigger_desc_2	Patron	顾客
n_choose_one_desc	Pick <color=#ff2ea7>1</color> of the rewards below:	选择以下奖励之一：
n_choose_one_title	Special Selection	奖励特选
item_911_name	The Three Seas	至尊海鲜塔
item_1312_name	Bubblegum Buggy	豪华座驾漂浮圈
midfallMapExplore_title	Quinn's Mid-Autumn Mystery	仙山寻月记
midfallMapExplore_pre_desc	Help Quinn figure out why the moon keeps flickering in the Mid-Autumn sky!	中秋将至，月亮却忽明忽暗！\n帮助奎因探明真相！
midfallMapExplore_main_task_1	Search for clues	寻找线索
midfallMapExplore_main_task_2	Head deeper into the woods	深入树林
midfallMapExplore_main_task_3	Rescue the rabbit in the pond	帮助池塘里的兔子
midfallMapExplore_main_task_4	Pick up the lanterns	整理花灯
midfallMapExplore_main_task_5	Head towards the forested hills	深入山林
midfallMapExplore_main_task_6	Enter the painted scroll	进入画卷
midfallMapExplore_main_task_7	Explore the celestial mountain	探索仙山
midfallMapExplore_main_task_8	Search for the osmanthus branch	寻找桂花枝
midfallMapExplore_main_task_9	Complete the golden toad's request	完成金蟾的任务
midfallMapExplore_main_task_10	Explore further	向前探索
midfallMapExplore_main_task_11	Help the stranded rabbit	拯救被困小兔
midfallMapExplore_main_task_12	Place the cushion below the tree	放置软垫
midfallMapExplore_main_task_13	Walk further up the celestial mountain	探索仙境深处
midfallMapExplore_main_task_14	Find the water basin	找到水盆
midfallMapExplore_main_task_15	Find the ladle	找到水瓢
midfallMapExplore_main_task_16	Put out the fire	扑灭明火
midfallMapExplore_main_task_17	Follow the strange scent	跟随奇异香气
midfallMapExplore_main_task_18	Find the bottle cork	找到酒壶塞
midfallMapExplore_main_task_19	Wake the drunk rabbits	叫醒醉酒兔子
midfallMapExplore_main_task_20	Look for the celestial dog	找到天狗
midfallMapExplore_main_task_22	Gather a lucky flying cloud	寻找祥云
midfallMapExplore_main_task_23	Rescue the puppy from the moon	救下天狗
midfall_mapExplore_task_2	Collect the amethysts	采集紫翡翠
midfall_mapExplore_task_3	Collect the treasures	收集吉祥宝物
midfallMapExplore_bubble_task_2	Help the rabbit	帮助兔子
midfallMapExplore_bubble_task_8	Give the golden toad the osmanthus branch	给金蟾桂花枝
midfallMapExplore_bubble_task_11	Help the stranded rabbit	拯救被困小兔
midfallMapExplore_bubble_task_14	Put out the fire	扑灭明火
midfallMapExplore_bubble_task_18	Awaken the drunk rabbits	叫醒醉酒兔子
midfallMapExplore_bubble_task_22	Rescue the celestial dog	拯救小狗
midfallMapExplore_bubble_task_extra	Search for the performer's instruments	找到舞台道具
midfallMapExplore_book_title	Quest Journal	探索图鉴
midfallMapExplore_finish_desc	Quinn solved the mystery and saved the mischievous puppy! Time to go home and celebrate the Mid-Autumn festival!	奎因查明了真相，救下了调皮的小狗！回家过中秋节吧！
midfallMapExplore_end_desc	Quinn figured out the problem! Time to go home and celebrate the Mid-Autumn Festival!	奎因解决了问题，回家过中秋节吧！
midfallMapExplore_success_desc	It was the silly dog impacting the moon all along! Let's bring it home to celebrate the Mid-Autumn Festival!	原来是调皮的小狗影响了月光！带他一起回家过中秋节吧！
midfallMapExplore_guide_1	Use Energy to complete tasks and get closer to our mission objective!	消耗体力清除路上的障碍!
midfallMapExplore_guide_2	\nMission Control will update key tasks to help us complete our mission!	任务中心会发布关键任务帮我们更快找到真相!
midfallMapExplore_guide_3	Let's do our best to find the target location!	试试定位到任务目的地吧!
midfallMapExplore_guide_5	We've got a special backpack for all the cool stuff we find! Tap to open it.	我们采集到了一些物品，打开背包看看都有什么。
midfallMapExplore_guide_6	Tap here to release the items – then we can merge them to earn rewards!	点击这里将物品释放出来，合并物品解锁惊喜奖励！
midfall_mapExplore_book_subtitle_main	Delightful Delicacies	精致小点
midfall_mapExplore_book_subtitle_sub1	Soothing Soundwaves	云端仙乐
midfall_mapExplore_book_subtitle_sub2	Prosperous Patterns	吉祥宝物
midfall_mapExplore_book_subtitle_sub3	Auspicious Jade Artifacts	冰紫椿色
midfallMapExplore_dialog_normal_1	Let's push forward and explore once we're all rested up!	休息好了就抓紧向前探索吧!
midfallMapExplore_dialog_normal_2	If we get lost, we can look at Mission Control to figure out what to do!	迷路的时候不妨看看“任务中心”寻找方向!
midfallMapExplore_dialog_main_task_6	There's a mysterious painted scroll up ahead! Let's go take a look!	前面好像有个神奇的卷轴，快去看看吧！
midfallMapExplore_dialog_main_task_12	Let's think of a way to rescue the rabbit from the tree!	想想办法把树上的小兔子救下来吧！
midfallMapExplore_dialog_main_task_16	You found the water basin and ladle—put out the fire, quick!	找到了水盆和水瓢，快回去灭火吧！
midfallMapExplore_dialog_main_task_18	How can we wake the sleeping rabbits?	怎样才能唤醒睡着的兔子呢？
midfallMapExplore_dialog_main_task_20	Is that the celestial dog gnawing on the moon? Quick—let's go see!	是远处那只小狗在咬着月亮吗？快去看看！
midfallMapExplore_dialog_main_task_21	Turns out the puppy jumped too high up and can't get back down! Let's find a way to catch it safely!	原来小狗跳太高不敢下来了，快想办法接住他？
rabbit1_name	Rabbit	兔子
rabbit2_name	Rabbit	兔子
rabbit3_name	Rabbit	兔子
toad_name	Golden Toad	金蟾
midfallMapExplore_task_subob	Wake the sleeping rabbits!	叫醒睡着的兔子
Estory_midfallmap_1_1	Okay, so I wasn't just tired—the moon WAS flickering like an old lightbulb!	所以不是我眼花了，月亮真的和坏灯泡一样一闪一闪的！
Estory_midfallmap_1_2	And that creature biting into it was some kind of…gigantic wolf?	那个窜到月亮上的是什么……？黑乎乎的看起来好像是个狼？
Estory_midfallmap_1_3	Olivia's mythology books talked about a celestial jaguar or a dog or something, but they're just myths!	奥利维亚的神话书里好像有这么个天狼还是天狗吃月亮的故事……但那就是故事啊！
Estory_midfallmap_1_4	I guess I should get a closer look first. I'll try to go somewhere without so many lights and buildings…	以防万一还是过去看看吧，找个没有光污染的地方仔细观察一下。
Estory_midfallmap_2_1	What's that on the road? Some sort of…disc?	路面上掉了个什么东西？好像个盖子？
Estory_midfallmap_2_2	It looks like wicker or maybe bamboo…a basket? Or maybe a steamer? But why is it in the middle of the road?	又感觉看起来像个小竹筏……但是太小了吧……而且还在路中间。
Estory_midfallmap_2_3	I guess I'll take it with me until I find a trash can or whoever's missing the lid to their steamer.	我还是先收着吧，万一之后有什么人缺个盖子呢？
Estory_midfallmap_3_1	Wait, this isn't where I was trying to go…	诶？是应该走这边吧？
Estory_midfallmap_3_2	Where did this lotus pond come from? And is that…a rabbit?! How did it get stuck in the middle of the pond?	我记得浪尾岛上没有野生荷花池啊？而且……荷叶上怎么困着一只小兔子？
Estory_midfallmap_3_3	Oh, the poor thing is so scared, and the pond is so deep! How can I help it cross the water?	可怜的小东西吓坏了，目测这个池子还挺深，我得帮它出来。
Estory_midfallmap_3_4	I bet this woven thing I've got can float! Here, little rabbit! Hop onto this raft!	哦！刚才捡到了一个小竹筏！小兔子，来跳到竹筏上吧！
Estory_midfallmap_4_1	Phew! Looks like that bunny is safe and sound now!	呼！看来小兔子终于安全啦！
Estory_midfallmap_4_2	Back to figuring out what's up with the moon…as long as I can work out which way to go next…	接下来继续向月亮进发，希望我没走错路。
Estory_midfallmap_5_1	Whoa, so many paper lanterns on the road. Oh I see, the stall's been knocked over! What exactly happened here?	哇，怎么这些花灯都掉地上了？让我看看……感觉是这个小摊被什么东西撞翻了，这里发生过什么呢？
Estory_midfallmap_5_2	And the lanterns are so pretty—it would be a shame if they got kicked or crushed.	这些花灯真好看呀，要是弄脏了可太可惜了。
Estory_midfallmap_5_3	Hmm, looks like that rabbit is trying to move them, but it's struggling to even pick them up. I should give them a hand…	嗯……这只小兔子好像也想把这些灯捡起来，但是对它来说可能是太重了，我去搭把手吧！
Estory_midfallmap_6_1	Glad I could help, whew!	呼，整理一新啦！
Estory_midfallmap_6_2	Wait, did that rabbit say "thank you" just now? Or was I just hearing things?	等下？刚才那只兔子和我说谢谢了？还是我幻听了？
Estory_midfallmap_6_3	And…actually…how can a rabbit move lanterns around like that in the first place? Why would a rabbit WANT to move a lantern?	而且……为什么一只兔子会想挪动这些花灯啊！
Estory_midfallmap_6_4	Oh, gosh. Maybe it's better not to think too closely about it.	老天，我还是不要细想了……
Estory_midfallmap_7_1	Okay. I'm starting to think I'm really lost now. I don't remember there being cliffs like this in Brimwave.	好吧……我确定自己一定是迷路了……我不记得浪尾岛有这么高的一片山群啊。
Estory_midfallmap_7_2	And um…that is a MASSIVE scroll. The painting is beautiful, but those clouds at the top are DEFINITELY moving.	好大的卷轴啊……甚至画卷里的山水好像是真的……
Estory_midfallmap_7_3	Well, I should try to get higher up anyway to get a better view of the moon and the way back to Brimwave. Up the mountain it is…	不过我也确实得去高处看看月亮上什么情况，而且上山了也能找找怎么回去，继续前进吧。
Estory_midfallmap_7_4	Hmm…what do you wanna bet that door will lead me through the mountain? Let's give it a push…	赌一把吧，希望过了门直接就上山了……一，二，推！
Estory_midfallmap_8_1	The doors are open…this is some sort of portal. And it reveals—	这个门好像是个传送门，我被传到了哪里？
Estory_midfallmap_8_2	Wow—that view—! But gosh, we're definitely not in Brimwave anymore.	哇哦，绝景！这肯定不是浪尾岛了！
Estory_midfallmap_8_3	The mist is the same…thick like the fog that rolls into town in the morning but…	这地方好像有晨雾缭绕……雾蒙蒙的呢。
Estory_midfallmap_8_4	Wow, the moon is so much brighter here…	而且是错觉吗？月亮好像变得更亮了。
Estory_midfallmap_9_1	Excuse me, traveler, are you headed to the Moon Palace? Can I trouble you to pluck some osmanthus branches for me?	这位小友，敢问可是前往月宫？可否劳烦为我折几枝桂花来？
Estory_midfallmap_9_2	Oh. The toad is talking now, too—I mean, o-of course I can help you, but I'm not sure what an osmanthus branch looks like.	绷不住了，怎么蟾蜍都开始说话了？啊，不对，我不是吐槽你，我当然能帮忙，不过桂花枝长什么样子啊？
Estory_midfallmap_9_3	The flowers are small, golden, gleaming—perfect for blessing students in exam season. I would fetch them myself if I had the hands for it.	此花细碎鎏金，光华灼灼，最适宜为赴考学子送上福运。倘若吾生得双手，便亲自前去采摘了。
Estory_midfallmap_9_4	That's really nice of you to do. Sure, I can look around for some while I get my bearings.	你人还怪好的。行，我正好趁熟悉周遭环境的时候帮你找找看。
Estory_midfallmap_10_1	Oh, um, you're welcome! Hope the…blessings go well!	拿去吧，不客气！但愿那些祝福能顺利起效！
Estory_midfallmap_10_2	Earlier the toad said osmanthus grows near the Moon Palace…that must be where I am. Some sort of celestial realm…	刚才那只蟾蜍说月宫附近就会有桂花？看来我大概是接近月宫了吧，或者是什么古代遗迹。
Estory_midfallmap_10_3	Which makes sense, given the talking toad. And the talking rabbits.	想想也说得通，毕竟会说话的蟾蜍都出现了，还有那些会说话的兔子。
Estory_midfallmap_10_4	Maybe I really did see a wolf chomping on the moon then…Could the legend of the celestial dog devouring the moon be true?	难不成我之前看见有野兽啃月亮并不是幻觉？难道天狗吃月亮的传说是真的？
Estory_midfallmap_11_1	Is that someone calling for help? Where is it coming from…? The tree?	有人在喊救命？从哪里来的声音？树上吗？
Estory_midfallmap_11_2	Another rabbit! Are you stuck up there? I'm all out of bamboo rafts, but I think that wouldn't help here anyway…	又一只兔子！你怎么卡在上面的？我没有竹筏了，不过那个好像也帮不上忙……
Estory_midfallmap_11_3	HELP! HELP!! Get me dooown!!!	救命！！救命！！我要抓不住了！
Estory_midfallmap_11_4	Oh my gosh, that rabbit is actually speaking— I mean, I knew that they did already, but—	好家伙，这兔子真的在说话啊！
Estory_midfallmap_11_5	No, that's not important right now, Quinn! D-don't worry, little fella, I'll find something to get you down!	不对，现在不是在意这个的时候！别担心！小家伙坚持住！我找找有没有什么东西能接住你！
Estory_midfallmap_12_1	Thank the heavens you were here, Miss Mortal Lady!	谢天谢地多亏了你！谢谢你啊，人类！
Estory_midfallmap_12_2	There I was just minding my busy, busy business when that horrible sky dog ran right at me! I barely escaped up that tree with my life!	我正忙得脚不沾地，那只吓人的天狗猛地朝我冲过来！我拼了老命才逃到树上！这下真不沾地啦！
Estory_midfallmap_12_3	Then it raced past the tree anyway, off to chew on the moon while our mistress is away, no doubt! Oh dear, what shall we do?!	结果它压根没理我，一溜烟跑远了！肯定是趁月宫主人不在，跑去啃月亮啦！哎呀呀，这可怎么办！
Estory_midfallmap_12_4	Nothing can be allowed to go wrong with the moon before the Mid-Autumn festivities begin, oh dear, oh dear!	中秋庆典马上就要开始，月亮可万万不能出岔子啊，糟了糟了！
Estory_midfallmap_12_5	A dog? Not a wolf then…hmm…I wonder if that's what I saw dangling off the moon earlier??	是小狗？原来不是狼啊…… 嗯，难道我之前看到挂在月亮上的就是它？？
Estory_midfallmap_13_1	I smell smoke—! Where's the—	我闻到烟味了！哪儿来的？
Estory_midfallmap_13_2	Fire! Fire! Call for help! Call for help!!!	着火了！着火了！快来兔啊！救命啊！！！
Estory_midfallmap_13_3	A kitchen fire?! Are there rioters on this mountain too?? But do rabbits even have a fire department to call?!	厨房起火了？！难道这座山上也有捣乱的家伙？话说兔子这边难道没有消防队可以呼叫吗？！
Estory_midfallmap_13_4	Water! Water! Fetch water!!	水！快拿水来！！
Estory_midfallmap_13_5	They keep leaping back and forth through the fire, but it's not doing much. Hold on a little longer! I'll look for something to help!	它们一直在火里窜来窜去，可根本起不了什么作用。再撑一会儿！我去找办法帮忙！
Estory_midfallmap_14_1	Thank the heavens you were here, Miss Mortal Lady! There we were, minding our busy, busy business, making mooncakes for the festival when—	谢天谢地你来了，人类！我们正忙得团团转，赶着做中秋月饼呢，结果！
Estory_midfallmap_14_2	Let me guess. Was it the sky dog?	我猜猜，是那只天狗干的？
Estory_midfallmap_14_3	Yes, yes, that celestial beast ran through and knocked over the lamps right into the oil! Headed straight for the Moon, no doubt, oh dear, oh dear!	对对！那只小家伙冲过来，把灯笼撞翻掉进油里了！肯定是直奔月亮去了，哎呀呀，这下糟了！
Estory_midfallmap_14_4	Lots to do, lots to do, but for your troubles, Miss Mortal, a mooncake, yes, yes—	事情一大堆！根本忙不过来！不过为了谢谢你出手帮忙，人类，这块月饼送给你！
Estory_midfallmap_14_5	Thank you! It smells great and it tastes…wow! So rich and delicious! I'm even more motivated to keep going forward, thanks!	谢谢！闻着就很香，吃起来…… 哇！味道丰富又好吃！这下我更有劲头继续赶路了，多谢！
Estory_midfallmap_15_1	Hmm. Is it just me or does it smell strongly of alcohol all of a sudden? It's making me kind of lightheaded and sleepy…	唔…… 是我的错觉吗，怎么突然一股浓烈的酒气？搞得我头晕乎乎的，还犯困了。
Estory_midfallmap_15_2	The fumes get stronger this way…And no wonder! That's a massive spill up ahead! I feel almost tipsy just facing the bottle…	往这边走酒味更重了…… 难怪啊！前面洒了好大一片！光是站在酒瓶跟前，我都快要醉了……
Estory_midfallmap_15_3	Oh dear, oh dear— I mean, oh no! What happened to these rabbits on the road? They're passed out right in the puddle of wine!	哎呀糟了！不对，大事不好！路上这些兔子怎么回事？直接醉倒在酒里了！
Estory_midfallmap_15_4	I better do something about that leaking bottle and the fumes otherwise I won't make it all the way up this mountain either…	我得想办法堵住漏酒的瓶子，驱散这股酒气，不然我也没法爬上这座山了……
Estory_midfallmap_16_1	Hello rabbits! Are you alright?	喂，小兔子们！你们还好吗？
Estory_midfallmap_16_2	A mortal lady! Thank the heavens you were *hic* here! T-there we were… mindin' our busy business…	竟然是个人类！谢天谢地你来了！嗝！我俩……刚才忙……嗝！忙得团团转呢！
Estory_midfallmap_16_3	Was it the sky dog again? Or is it called the celestial dog?	又是那只天狗吗？
Estory_midfallmap_16_4	The dog, yes, yes! We were off to find it ourselves, Miss Mortal. The celestial dog is playful and means no harm— only— *hic*	是它，就是它！我们本来打算自己去找它的，人类姐。那只天界小狗只是贪玩嗝！并没有坏心眼……只不过嗝！
Estory_midfallmap_16_5	Only everyone is looking forward to the full moon tonight. If the dog ruins the moon—	只不过所有人都盼着今晚的圆月。要是它把月亮搞坏了…… 
Estory_midfallmap_16_6	Oh dear, oh dear! The mestival— er, the Mid-Autumn festival must go off without a hitch! Will you bring the dog back for us?	哎呀，这下可糟了！这个佳……呃，中秋节，必须顺顺利利才行！你可以帮我们把那只小狗带回来吗？
Estory_midfallmap_17_1	Here sky doggy! Where did you go— AHA! Right there! Teeth right into the moon just like the rabbits were worried about!	喂，天狗小家伙！你跑哪儿去了？啊哈！在那儿！果真和兔子们担心的一样，它正死死咬着月亮呢！
Estory_midfallmap_17_2	Wait. That's not the real moon. Unless the moon is actually just an ornament on an impossibly tall tower—	等等，这并不是真正的月亮。难不成月亮只是一座高耸入云的高塔上的装饰品？
Estory_midfallmap_17_3	No, wait, Quinn, there's the REAL moon right behind it!	不对不对，奎因，真正的月亮明明就在它身后！
Estory_midfallmap_17_4	Huh. Everytime the dog wiggles, the decorative moon flickers…but then so does the actual moon. 	嗯。小狗每扭动一下，这个月亮摆件就一闪一闪的……  可天上真月亮也跟着一同闪烁。
Estory_midfallmap_17_5	That's…too much for me to think about right now.	这事儿…… 我现在实在想不明白。
Estory_midfallmap_17_6	What matters is we just gotta get the poor puppy down first. I have a feeling from the whining that it doesn't want to be trapped up there at all.	眼下最重要的，是先把这可怜的小家伙救下来。听它呜呜的叫声，它肯定是被困在半空中了！
Estory_midfallmap_18_1	How do you catch a celestial dog? By using celestial cushions: clouds! At least…I sure hope this works…	要怎么接住一只仙界小狗？当然得用仙界软垫：云朵！但愿这法子能管用…… 
Estory_midfallmap_18_2	Hang tight, puppy! Help is on the way! Don't let go until I say so!	抓稳咯，小家伙！我来救你了！没我的话千万别松嘴！
Estory_midfallmap_19_1	Phew!! Caught you! Haha, there you go—your tongue is so wet—I know, I know you were probably so scared. You're safe now, little guy.	呼！可接住你啦！没事咯，哈哈哈你弄得我满脸口水！我懂我懂，你刚刚肯定吓坏了。小家伙，现在安全啦。
Estory_midfallmap_19_2	Now why did you bite the moon in the first place, buddy? Did you mistake it for a giant mooncake?	话说你当初为啥要去啃那个月亮呀？该不会把它当成巨型月饼了吧？
Estory_midfallmap_19_3	 Those sure are yummy, but we're lucky there wasn't any damage and the real moon's all back to normal now.	月饼确实很香，好在没有造成什么破坏，天上真正的月亮也已经恢复正常了。
Estory_midfallmap_19_4	Hmm, let's get you somewhere where you can't get into too much trouble, and maybe we can snag a few mooncakes for the road too!	唔，我得把你带到一个不会到处闯祸\n的地方，路上顺便还能再拿几块月饼尝尝！
midfallMapExplore_progress_title	Travel Supplies	旅途补给
midfallMapExplore_progress_desc	Earn tokens from clearing obstacles and earn extra rewards!	清除障碍获得代币，并赢得额外奖励！
midfallMapExplore_progress_bubble	Earn tokens by using event energy to clear obstacles!	消耗活动体力清除障碍来获得代币！
mpx2Streak_title	Energy Supply Station	能量补给站
mpx2Streak_intro	Need to juice up? Replenish your energy here!	别担心! 在这补充点能量吧!
streak_collect_all	Collect All	领取全部
sleepover_multiboards_fail_title	Event over!	活动结束!
sleepover_multiboards_guide_1_2	Tap here to add items to the board, then merge them!	点击这里将物品添加到棋盘，并合成它们！
sleepover_multiboards_guide_2_1	You've unlocked the next stage! Tap to enter.	你已经解锁了下一阶段！点击前往吧。
sleepover_multiboards_instruction_1	Complete orders to get items.	完成订单获得物品
sleepover_multiboards_instruction_2	Merge items to earn the key to the next stage.	合成物品获得钥匙并开门解锁下一阶段
sleepover_multiboards_instruction_3	Explore all the stages and win big prizes!	探索全部阶段棋盘获得大奖
sleepover_multiboards_desc	Merge items to get the key and unlock the next stage!	获得指定物品可得到钥匙开门，进入下一阶段
sleepover_multiboards_door_btn1	Go	继续
sleepover_multiboards_door_btn2	Stay	留下
sleepover_multiboards_door_desc1	If you choose to go to the next stage, the remaining rewards on this board will be collected automatically.	如果您选择进入下一阶段，此棋盘上的奖励将被自动收集
sleepover_multiboards_door_desc2	All event items on the current board will be transferred to the next stage.	已获得的棋子将被带入下一阶段
sleepover_multiboards_door_hint	You need a key! Merge items to get one.	你需要一把钥匙！合成物品来获得它。
sleepover_multiboards_door_title	Go to the Next Stage	前往下一阶段
sleepover_multiboards_linelock_hint	Unlock on the next stage!	到下一阶段后解锁!
sleepover_multiboards_obstacle_bubble_desc	Collect gems to unveil a mystery reward!	收集宝石，解锁神秘奖励!
sleepover_multiboards_obstacle_title	Congratulations!	太棒了!
sleepover_multiboards_obstacle_desc	You pulled back the curtain and revealed a valuable treasure chest!	你拉开帷幕并揭晓了神秘大奖!
sleepover_multiboards_title	Slumber Shindig	睡衣派对
sleepover_multiboards_pre_desc	Quinn and Amala are reliving their slumber party days! Help them put together the ultimate sleepover!	奎因和阿玛拉要享受她们的睡衣派对时光啦！快来帮她们打造一场超完美的睡衣派对吧！
sleepover_multiboards_complete_title	Pajama Party!	派对愉快!
sleepover_multiboards_complete_desc	Thanks to your help, Quinn and Amala's sleepover was a blast!	多亏了你的帮忙，奎因和阿玛拉的睡衣派对超级尽兴！
sleepover_multiboards_success_title	Sleepover Supreme!	派对满分!
sleepover_multiboards_success_desc	Great work! You collected all of the sleepover goodies for the party!	太棒了！派对所需的睡衣派对好物，你全都集齐啦！
sleepover_multiboards_fail_desc	There’s more stuff to pick up, but Quinn and Amala can't stay up all night like they used to when they were kids anymore…	还有更多好物等你来收集，不过奎因和阿玛拉可没法像小时候那样通宵熬夜咯……
sleepover_multiboards_guide_1_1	Let's put together the best sleepover party! Merge items to get the key and unlock the next stage!	一起来打造最棒的睡衣派对吧！合成物品获得钥匙，解锁下一阶段！
sleepoverMultiboards_book_title	Project Pajama Party	派对计划
sleepoverMultiboards_book_subtitle1	Sleepover Essentials	派对好物
sleepoverMultiboards_book_subtitle2	Friends Forever	永远的好朋友
sleepoverMultiboards_book_subtitle3	Buddy Bundles	姐妹礼包
mapExploreSmash_midfall_title	Crystal Cache	奇幻晶石
mapExploreSmash_midfall_start_desc	What a find – a treasure chest encased in crystal! Let's retrieve the prize!	惊喜发现！是一颗包裹宝藏的晶石，试试敲碎它吧！
mapExploreSmash_midfall_desc	Collect points to crack the crystal!	尽快收集积分击碎晶石吧！
mapExplore_task_11	Help the rabbits finish their performance	帮助兔子们完成演奏
battlepass_title_Roadtrippass	Road Trip Season	闲旅季
battlepass_taskComplete_Roadtrippass	You've completed the Road Trip Season tasks! Congratulations!	您已经完成了闲旅季的所有任务！恭喜！
battlepass_endDesc_Roadtrippass	The Road Trip Season is over! Come back next season for more rewards!	闲旅季已结束，一起期待更精彩的下一季活动吧！
battlepass_tutorial_2_Roadtrippass	To advance your progress toward new rewards, you'll need to score points!	在闲旅季中升级来获取奖励！
title_text_bigorangehotel	Big Orange Hotel	大橘子城酒店
summary_text_283_7_end	Atlas surprises Colton and Tony with a classic touch of luxury…	阿特拉斯给了科尔顿和托尼一个老派奢华的惊喜……
title_text_rossideli	Rossi's Deli	罗西熟食铺
summary_text_283_14	Atlas, Colton and Tony nurse food babies after a long lunch…	一顿狂吃之后，阿特拉斯、科尔顿和托尼撑得走不动路了……
task_283_1	Formal Normalities	客套如常
task_283_2	Heedless Heralds	有话直说
task_283_3	Back in the Loop	重新融入
task_283_4	A Familiar Approach	坚守舒适圈
task_283_5	Pump It Up	园艺和水泵
task_283_6	A Change in Weather	重回巅峰
task_283_7	Modest and Fancy	低调与奢华
task_283_8	Mayor Going Live	市长上线
task_283_9	Organized Chaos	暗藏玄机
task_283_10	Woo! Yeah! Party!	派对嗨翻天
task_283_11	What’s in the Box?	盒中有诡
task_283_12	Folded Omens	字条凶兆
task_283_13	Hazardous Helper	厨房杀手
task_283_14	Flavorful Inspirations	吃出来的灵感
task_283_15	Troubled Waters	浑水惊魂
task_283_16	On Two Feet	恢复神志
task_283_17	Scarce Credentials	资历不足
summary_text_284_1_end	Released after an overnight stay, Babette finds that she's not fated to rest…	熬过一晚终于脱身的芭贝特，却发现自己注定无法安歇……
summary_text_284_4	Frankie and Mark discuss their police work priorities…	弗兰基和马克探讨起各自手头警务的轻重缓急……
summary_text_284_6_end	Babette finds herself in disbelief at her sudden unpopularity…	芭贝特对自己突然遭到民众厌弃感到难以置信……
summary_text_284_9_end	Babette and Sophia receive some worrying news…	芭贝特和索菲娅收到了一些令人不安的消息……
title_text_newcorkbar	At a bar in New Cork	纽科克的一家酒吧里
summary_text_284_15_end	Atlas continues to wine and dine Colton and Tony through New Cork…	阿特拉斯继续带着科尔顿和托尼在纽科克狂吃海喝……
task_284_1	No Symptoms	查无异样
task_284_2	Hocus-pocus Magic Stuff	离奇之地
task_284_3	Fleeting Visions	疑神疑鬼
task_284_4	Inside Out	彻底清算
task_284_5	Remote Support	远程支援
task_284_6	Through the Mud	身陷泥潭
task_284_7	Little Faith	捉鬼APP
task_284_8	Spirit Messages	与鬼通信
task_284_9	Blatant Disrespect	涂鸦风波
task_284_10	No Quitter	捉鬼好难
task_284_11	Suburban Wastelands	城郊荒原
task_284_12	The All-Clear	官方许可
task_284_13	Felt Everywhere	暗影重重
task_284_14	Ghost Detective	灵异侦探
task_284_15	New Ideas	新点子
task_284_16	Manage the Damage	市长的责任
task_284_17	No Good Deed	好人难做
summary_text_285_begin	Frankie arrives at the Marina to check out a reported vandalism…	弗兰基赶往码头，调查一起蓄意破坏案件……
summary_text_285_3_end	Ramona joins Ziva and Carmen for a relaxing chat on their farm…	蕾蒙娜来到姬瓦与卡门的农场，享受了一段悠闲的谈心时光……
summary_text_285_6_end	Ziva asks Ramona some important questions…	姬瓦向蕾蒙娜抛出了几个相当关键的问题……
summary_text_285_9_end	Colton is cornered by Atlas and Tony…	科尔顿被阿特拉斯和托尼左右夹击，脱不开身……
summary_text_285_13	While grabbing a bite to eat, Sophia checks her phone…	索菲娅在用餐间隙，随手刷起了手机……
summary_text_285_17_end	Quinn helps Olivia with her school homework…	奎因正在辅导奥利维亚完成学校功课……
task_285_1	Meditative Morning	桥畔的冥想
task_285_2	Hang In There	咬牙撑住
task_285_3	Blueberry Bliss	蓝莓闲趣
task_285_4	Lloyd's Lament	劳埃德的苦水
task_285_5	Who You Gonna Call?	捉鬼外援
task_285_6	Something Spicy	劲爆大瓜
task_285_7	Bleeding Blauveldts	棘手的姓氏
task_285_8	Farm's Haunted	废弃马场
task_285_9	Is That Legal?	纽科克狠活
task_285_10	Tomatoes and Okra	菜谱里的秘密
task_285_11	Recent History	尘封的初版书
task_285_12	With Bated Breath	揭秘时刻
task_285_13	Who Hurt You?	糟心的热搜
task_285_14	Damning Evidence	铁证如山
task_285_15	Seeking Permission	回家恳求
task_285_16	Intricate Ties	斩不断的羁绊
task_285_17	What Matters Most	最重要的事
title_text_swisslake	Lake Sternsee	施特恩湖
summary_text_286_begin	Harrison leaves a somber voice message for a friend…	哈里森给朋友留了一段语气沉重的语音……
summary_text_286_5	Finally finding the time, Amala calls Harrison back…	阿玛拉好不容易才腾出空来，给哈里森回了电话……
summary_text_286_9_end	While it's still quiet, Colton plans his great escape…	趁着四下无人打扰，科尔顿筹划着自己的逃跑大计……
summary_text_286_14_end	Colton meets an unexpected someone at the airport…	科尔顿在机场见到了一个让他始料未及的人……
summary_text_286_17_end	After a game of phone tag, Harrison and Amala are both free for a call…	几次漏接电话之后，哈里森和阿玛拉总算通话了……
task_286_1	Overthinker in Overdrive	越想越乱
task_286_2	A Way Out	逃出生天
task_286_3	Bribe for a Penny	蝇头小贿
task_286_4	The Nemesis Behind	幕后黑手
task_286_5	Tag, You’re It	立即出发
task_286_6	Too Much, Too Soon	和盘托出
task_286_7	An Outdoor Meeting	露天会议
task_286_8	Cold Case Files	悬案档案
task_286_9	Cole’s Great Escape	科尔开溜
task_286_10	Two is the Magic Number	两件案子
task_286_11	Unrelenting Weeds	野草除不尽
task_286_12	One Battle After Another	祸害的根源
task_286_13	On the Bench	会议暂停
task_286_14	Pick Up Pals	机场重逢
task_286_15	Poisonous and Pure	真情难露
task_286_16	Riding on Warnings	人无再少年
task_286_17	Phone Tag Finale	终于接通
summary_text_287_1_end	Babette and Sophia prepare for the public forum…	公开论坛临近，芭贝特和索菲娅做最后的准备……
summary_text_287_3_end	Babette engages with a packed audience at the public forum…	公开论坛上座无虚席，芭贝特直面岛民……
summary_text_287_6_end	Babette and Sophia convene with Frankie about the forum's success…	芭贝特和索菲娅与弗兰基碰头，讨论论坛的成果……
summary_text_287_14_end	An old friend is back in town, with a new friend in tow…	老朋友回城了，还带了个新朋友……
task_287_1	Table Topics	分桌议题
task_287_2	Paranormal Business	抓鬼装备
task_287_3	Public Forum	公开论坛
task_287_4	Spirit Box	通灵盒
task_287_5	Cold Cases	故地旧案
task_287_6	Comfort Place	安乐窝
task_287_7	Kinship	血亲羁绊
task_287_8	Good Data	有效数据
task_287_9	Oral Tradition	口耳相传
task_287_10	In a Daze	冒险回忆
task_287_11	Mother's Mantle	母亲的衣钵
task_287_12	Ephemeral Clues	一闪而过的线索
task_287_13	All Nonchalant	可疑的巧合
task_287_14	Tropical Element	海岛归人
task_287_15	On My Mind	心事重重
task_287_16	Nice to Meet You	幸会幸会
task_287_17	Past and Future	重新开始
chain_gift_title_chain_common	Linking Letters	封封有礼
adventure_guide_boost_1	Now we can use the X2 Booster. Tap here to switch it on!	现在我们可以使用2倍助力了，点击这里来切换助力倍率！
adventure_guide_boost_2	Now it will cost more energy, but we'll get Level 2 items on each tap. Keep playing to unlock higher-tier boosters!	现在每一次点击可以消耗更多来产生更高级的棋子。继续游玩来解锁更高等级的助力吧！
adventure_guide_keycloud_1	Look, this key can unlock the clouds on the board. Tap to use it!	看，这里的钥匙可以解锁棋盘上的云朵。点击来使用它！
adventure_guide_keycloud_2	Look out for the next locked area and keep playing to earn the next key!	现在可以看到下一片云，继续游玩来获得解锁它的钥匙吧！
miniboard_boost_bubble_x2	<color=#fe4115>x2</color> Booster is available!	<color=#fe4115>2倍</color>助力可用!
miniboard_boost_bubble_x4	<color=#fe4115>x4</color> Booster is available!	<color=#fe4115>4倍</color>助力可用!
miniboard_boost_bubble_x8	<color=#fe4115>x8</color> Booster is available!	<color=#fe4115>8倍</color>助力可用!
miniboard_boost_hint_x1	Booster is off!	助力关闭
miniboard_boost_hint_x2	X2 Booster is on!	2倍助力开启
miniboard_boost_hint_x4	X4 Booster is on!	4倍助力开启
miniboard_boost_hint_x8	X8 Booster is on!	8倍助力开启
miniboard_foglocked_hint	Merge and get specific items to unlock	合成出指定棋子来解锁
miniboard_notenough_energy	Not enough items!	棋子不足！
multiboards_guide_boost_1	Now we can use the X2 Booster. Tap here to switch it on!	现在我们可以使用2倍助力了，点击这里来切换助力倍率！
multiboards_guide_boost_2	Now it will cost more energy, but we'll get Level 2 items on each tap. Keep playing to unlock higher-tier boosters!	现在每一次点击可以消耗更多来产生更高级的棋子。继续游玩来解锁更高等级的助力吧！
multiboards_guide_keycloud_1	Look, this key can unlock the clouds on the board. Tap to use it!	看，这里的钥匙可以解锁棋盘上的云朵。点击来使用它！
multiboards_guide_keycloud_2	Look out for the next locked area and keep playing to earn the next key!	现在可以看到下一片云，继续游玩来获得解锁它的钥匙吧！
pureboard_guide_keycloud_1	Look, this key can unlock the clouds on the board. Tap to use it!	看，这里的钥匙可以解锁棋盘上的云朵。点击来使用它！
pureboard_guide_keycloud_2	Look out for the next locked area and keep playing to earn the next key!	现在可以看到下一片云，继续游玩来获得解锁它的钥匙吧！
event_alien_mdnew_prediction_title	The Nova Morel Voyage	羊肚菌新星之旅
event_alien_mdnew_prediction_desc	In the violet corner of the galaxy lies Nova Morel. Astronauts Olivia, Sam, and Norman make their way to explore the alien planet and meet new friends! Join them in the stars and trek Nova Morel!	羊肚菌新星位于银河系一隅的紫色星域。宇航员奥利维亚、山姆和诺曼正前往探索这颗外星星球，结交朋友！与他们一起漫游星海，探索羊肚菌新星吧！
event_alien_mdnew_decorations_title	The Nova Morel Voyage	羊肚菌新星之旅
event_alien_mdnew_end_desc	Well then, it looks like our outpost supplies have depleted. That was a fun venture, make sure to catch the next planet tour!	好了，看来前哨站的补给已经耗尽。这是一次充满乐趣的探险，千万别错过下一次的星球之旅哦！
event_alien_mdnew_extend_desc	Were you able to catch the UFO flying lessons? Maybe there's still time before they all fly to a galaxy far, far away…	你赶上飞碟飞行课了吗？趁它们还没飞往遥远的星系，也许还有时间……
event_alien_mdnew_extend_success_desc	Hoorah! There's time for one more dip in the crater pool! You have 2 more days to complete the event.	万岁！还有时间去陨石坑水池里再泡个澡！你还有两天时间完成活动哦。
alien_rank_title	Supernova Swoop	超新星疾冲
alien_road_title	Cosmic Collectors 	星际拾趣 
alien_road_desc2	Collect UFOs to earn extra event points!	收集飞碟，获取额外的活动积分吧！
alien_road_success_desc	Wahoo! You've collected all of the UFOs! Now, how about an adventure on the space rover!	哇哦！你已经收集了所有飞碟！现在，开上太空漫游车去探险怎么样？
alien_road_end_desc	Hmm, perhaps that's enough for now. It's time to catch the shuttle back home.	嗯，这次就先到这里吧。是时候搭乘航天飞机回家了。
mdnew_alien_mdnew_decoration_name_1	Perfect Landing	稳降号
mdnew_alien_mdnew_decoration_name_2	Grot Spotter	探洞飞艇
mdnew_alien_mdnew_decoration_name_3	Aurora Cascade	极光流瀑
mdnew_alien_mdnew_decoration_name_4	Verdure Samples	绿芽样本
mdnew_alien_mdnew_decoration_name_5	Stardust Billows	星尘云海
mdnew_alien_mdnew_decoration_name_6	Sluggish Security	迟缓保安
mdnew_alien_mdnew_decoration_name_7	Ravening Fern	贪吃蕨类
mdnew_alien_mdnew_decoration_name_8	Superlunary Shards	天外晶簇
mdnew_alien_mdnew_decoration_name_9	Trekking Morphons	变形远征队
mdnew_alien_mdnew_decoration_name_10	Chuffed Harvester	得意星农
mdnew_alien_mdnew_decoration_name_11	Coming into Orbit	环星入轨
mdnew_alien_mdnew_decoration_name_12	Crop Circle Charts	麦圈星图
mdnew_alien_mdnew_decoration_name_13	Wrecked Satellite	卫星残骸
mdnew_alien_mdnew_decoration_name_14	Decapod Correspondent	触须特派员
mdnew_alien_mdnew_decoration_name_15	Curious Eye	好奇大眼
mdnew_alien_mdnew_decoration_name_16	Arcturus Twilight	黄昏星幕
mdnew_alien_mdnew_decoration_name_17	Alpha Boo Lilium	大角星百合
mdnew_alien_mdnew_decoration_name_18	Glaucous Runnel	荧绿泽地
mdnew_alien_mdnew_decoration_name_19	Opaline Galaxy	珠光星系
mdnew_alien_mdnew_decoration_name_20	One Big Step	星球阔步
mdnew_alien_mdnew_decoration_name_21	Sporelight Terminal	孢光枢纽
alien_road_desc1	Earn a total of <color=#f6ff01><size=45>{0}</size></color><sprite="icon_decoration_2" name="icon_decoration_2"> by completing the event!	完成活动一共可获得<color=#f6ff01><size=45>{0}</size></color><sprite="icon_decoration_2" name="icon_decoration_2">奖励!
alien_rank_score_current	Your current score: <sprite="icon_decoration_2" name="icon_decoration_2"> {0}	您的当前积分: <sprite="icon_decoration_2" name="icon_decoration_2"> {0}
alien_rank_subtitle	Earn event tokens to climb up the ranks and get zesty rewards!	赚取活动积分提升排名，并获得丰厚奖励!
alien_rank_score_need	Collect<sprite="icon_decoration_2" name="icon_decoration_2"> {0} to join Supernova Swoop!	获取<sprite="icon_decoration_2" name="icon_decoration_2">{0} 后加入排行榜
alien_rank_start_desc	Collect event tokens and we can play in Supernova Swoop! C'mon let's play!	收集活动积分来参与超新星疾冲！让我们一起来玩吧！
alien_rank_count_desc	Ah man. Supernova Swoop is over! Let's wait to see the final scores!	啊欧，超新星疾冲结束了！稍等片刻，再来看最终结果吧！
alien_rank_final_desc	You got <color=#fff33a><size=60>#{0}</size></color> in Supernova Swoop.	你在超新星疾冲中获得了第<color=#fff33a><size=60>{0}</size></color>名
ar_avatar_alien_name	Exclusive Avatar	活动限定头像
rainforest_farmboard_title	Tony’s Rainforest Recovery	托尼雨林拯救计划
rainforest_farmboard_pre_desc	Tony’s helping with rainforest conservation! Head over to help clear invasive trees and boost native regrowth!	托尼正在努力保护雨林生态！快来帮忙清除入侵树木，促进本土植物生长吧！
rainforest_farmboard_desc	Complete orders to earn <sprite="icon_farm2_tool" name="icon_farm2_tool">, then tap the tree to collect wood and merge them on the board.	完成订单以获取 <sprite="icon_farm2_tool" name="icon_farm2_tool">，随后点击树木收集木材，并在棋盘上合成它们。
rainforest_farmboard_desc2	Earn <sprite="icon_farm2_byprod" name="icon_farm2_byprod"> by trading nuts with the squirrel! Keep merging them to win more rewards!	通过和松鼠交换坚果获取 <sprite="icon_farm2_byprod" name="icon_farm2_byprod">，持续合成它们可赢得更多奖励！
rainforest_farmboard_complete_title	Wonderful Whittling!	精美雕刻
rainforest_farmboard_complete_desc	Tony’s carved some cute commemorative animals from the leftover wood! Continue exploring the board to earn more rewards!	托尼用剩下的木头雕刻了一些可爱的纪念小动物！继续探索棋盘，获取更多奖励。
rainforest_farmboard_success_desc	Not only does Tony feel great after volunteering, but he also made some adorable charms to give to friends! Win-win!	这次志愿活动不仅让托尼成就感满满，他还做了可爱的小挂饰送给朋友，简直是两全其美！
rainforest_farmboard_fail_desc	It’s been a good effort, but the sun’s already setting on today’s volunteer operation. Tony’ll be back to help again soon!	今天收获颇丰，但太阳已经落山，志愿行动暂告一段落。托尼很快就会回来继续出力！
rainforest_farmboard_guide_1_1	Looks like we found an invasive tree marked for removal. Tap to use an axe to cut it down and collect wood.	发现一棵标注待清理的入侵树种，点击使用斧头砍伐并获取木材。
rainforest_farmboard_guide_2_1	Wow! We shook down some nuts! Tap the squirrel to see what happens next!	哇！摇落了不少坚果！点击松鼠看看接下来会发生什么！
rainforest_farmboard_guide_2_2	We received a rattan ball! Keep tapping the squirrel to get more!	我们获得了藤球！继续点击松鼠获取更多藤球！
rainforest_farmboard_guide_3_1	A new assignment of trees!	新的树木任务已更新！
rainforest_farmboard_guide_3_2	Tap the plot to plant the seedling in Tony’s volunteer site. We now have a new tree!	点击将树苗栽种到托尼的志愿场地中，即可获得一颗新的树木。
rainforest_farmboard_guide_3_3	Remember: each tree can only yield one piece of wood, but each axe can cut from many trees!	小贴士：每棵树仅能产出 一 份木材，但一把斧头可以砍伐多棵树！
rainforest_farmboard_feedlater_hint	Wait! Tap the squirrel to finish receiving your gift!	等等！点击松鼠领完你的奖励再走！
rainforest_farmboard_notenough_hint	Need more axes!	斧头数量不足！
rainforest_farmboard_lockedfield_hint	Search for more marked trees to add to your site!	寻找更多标注好的树木，添加到你的场地中！
rainforest_farmboard_instruction_1	Complete orders to earn axes and use them to collect wood from the invasive trees.	完成订单获取斧头，砍伐入侵树种收集木材。
rainforest_farmboard_instruction_2	Merge wood to earn keys and unlock clouds. Tap the squirrel to trade nuts for rattan balls.	合成木制品获得钥匙，解锁云层覆盖区域；点击松鼠，用坚果兑换藤球。
rainforest_farmboard_instruction_3	Merge rattan items to earn bigger rewards!	合成藤编道具，赢取更重磅的奖励！
rainforestfarmboard_book_title	Tony’s Tree Log	伐木日志
rainforest_farmboard_book_subtitle1	Whittled Wonders	木雕奇珍
rainforest_farmboard_book_subtitle2	Notable Nuts	坚果集锦
rainforest_farmboard_book_subtitle3	Remarkable Rattan	藤编佳品
rainforest_farmboard_book_subtitle4	Stone Surprise	奇石惊喜
rainforest_farmboard_book_subtitle5	Rainforest Reward	雨林嘉奖
rainforest_farmboard_guide_1_2	These areas are covered by clouds, but we can unlock them later.	这些区域被云层覆盖。但我们稍后可以解锁。
rainforest_farmboard_guide_1_3	Merge items to a higher level, then we can get a key to unlock more spaces on the board!	将物品合成到更高等级，我们就可以获得一把钥匙来解锁棋盘上的更多空间。
rainforest_farmboard_fail_title	Event over!	活动结束!
rainforest_farmboard_success_title	Event over!	活动结束!
rainforest_farmboard_obstacle_bubble_desc	Collect gems to unveil a mystery reward!	收集宝石，解锁神秘奖励!
rainforest_farmboard_obstacle_title	Congratulations!	太棒了!
rainforest_farmboard_obstacle_desc	You pulled back the curtain and revealed a valuable treasure chest!	你拉开帷幕并揭晓了神秘大奖!
new_generator_popup	NEW!	新获得!
new_generator	New Generator!	全新母体棋子!
new_generator_upgrade	Generator Upgraded!	母体棋子升级啦!
new_generator_level	Lvl {0}	等级 {0}
album_halloween_title	Halloween Hijinks	万圣小“鬼”计
album_halloween_pre_desc	Celebrate all things creepy, crawly, and sometimes cute by completing a new Halloween Card Collection!	那些可爱又可怖的小东西就藏在卡牌中，集齐卡组，释放它们的力量！
Ahalloween_set1_name	Jack-o'-lanterns	造型南瓜灯
Ahalloween_set1_1_name	Jack and Lantern	坏笑瓜
Ahalloween_set1_2_name	Creepy Cute	瓜瓜金字塔
Ahalloween_set1_3_name	Toothsome Trio	好瓜友
Ahalloween_set1_4_name	Spooked Squash	胆小瓜
Ahalloween_set1_5_name	Cat-O-Lantern	猫猫瓜
Ahalloween_set1_6_name	Scarecrow Smile	微笑稻草瓜
Ahalloween_set1_7_name	Cacklin' Calabash	笑面葫芦瓜
Ahalloween_set1_8_name	Cheeky Chompers	大嘴瓜
Ahalloween_set1_9_name	Bat-O-Lantern	蝙蝠瓜
Ahalloween_set2_name	Halloween Treats	午夜茶话会
Ahalloween_set2_1_name	Mummy on a Stick	木乃伊饼干棒
Ahalloween_set2_2_name	Count Cookie	伯爵姜饼
Ahalloween_set2_3_name	Happy Malloween	棉花糖怪兽
Ahalloween_set2_4_name	Autumn Apple	糖浆苹果
Ahalloween_set2_5_name	Baked Boots 'n All	靴子蛋糕
Ahalloween_set2_6_name	Bat Bonbon	可可蝙蝠
Ahalloween_set2_7_name	Cursed Cupcakes	巫师专属
Ahalloween_set2_8_name	Pointed Hat Pastries	帽子茶歇
Ahalloween_set2_9_name	Ghostly Goodies	幽灵诱惑
Ahalloween_set3_name	Halloween Animals	百兽夜行
Ahalloween_set3_1_name	Baby Vamp	吸血鬼宝宝
Ahalloween_set3_2_name	Striped Sorcerer	浣熊魔法师
Ahalloween_set3_3_name	Trick or Cheeks	斗篷鼠鼠
Ahalloween_set3_4_name	Abyssal Void	神秘黑猫
Ahalloween_set3_5_name	Ghost Spider	幽灵蜘蛛
Ahalloween_set3_6_name	Alpaca-kazam	羊驼法师
Ahalloween_set3_7_name	Owl Enchanter	猫头鹰先知
Ahalloween_set3_8_name	Bat Cloud	蝙蝠掠影
Ahalloween_set3_9_name	Kitty Conjurer	猫咪召唤师
Ahalloween_set4_name	Halloween Attire	舞会穿搭
Ahalloween_set4_1_name	Pumpkin Purse	南瓜手包
Ahalloween_set4_2_name	Wine-Red Waistcoat	酒红色礼服
Ahalloween_set4_3_name	Spooky Socks	诡趣袜子
Ahalloween_set4_4_name	Pumpkin Patches	南瓜藤马甲
Ahalloween_set4_5_name	Slinky Skeleton	紧身骷髅裙
Ahalloween_set4_6_name	Bewitching Headpiece	华丽尖顶帽
Ahalloween_set4_7_name	Wide-Grinned Wicker	竹编南瓜篮
Ahalloween_set4_8_name	Patagium Pinafore	翼装背心裙
Ahalloween_set4_9_name	Creepy Capelet	魔女斗篷
Ahalloween_set5_name	Yaoguai	志怪奇谭
Ahalloween_set5_1_name	Jumping Jiangshi	跳跳僵尸
Ahalloween_set5_2_name	Headless Haunter	无颅夜游灵
Ahalloween_set5_3_name	Sellsheep	羊妖侠士
Ahalloween_set5_4_name	Meowing Marauder	猫侠客
Ahalloween_set5_5_name	Nine-Tailed Beauty	九尾狐妖
Ahalloween_set5_6_name	White Bone Spirit	白骨精
Ahalloween_set5_7_name	Pale Impermanence	苍白无常
Ahalloween_set5_8_name	Dragon King's Kin	龙王血脉
Ahalloween_set5_9_name	Little Green Snake	青蛇精
Ahalloween_set6_name	Mystery Oddity Shop	神秘商店
Ahalloween_set6_1_name	Wick or Treat	灰烬烛台
Ahalloween_set6_2_name	Memento Mori	午夜钟声
Ahalloween_set6_3_name	Quoth the Raven	乌鸦面具
Ahalloween_set6_4_name	Write or Die	无尽笔触
Ahalloween_set6_5_name	Out of Print	鬼故事机器
Ahalloween_set6_6_name	Wails and Wahwahs	旧日回声
Ahalloween_set6_7_name	Beware Eyes That See	洞察之眼
Ahalloween_set6_8_name	Double Exposure	双重曝光
Ahalloween_set6_9_name	Doesn't Point North	指北针
Ahalloween_set7_name	Halloween Drink	万圣吧台
Ahalloween_set7_1_name	Kitty Kettle	猫咪茶壶
Ahalloween_set7_2_name	Orange Old-Fashioned	老式橙汁
Ahalloween_set7_3_name	Pumpkin Puree	南瓜泥
Ahalloween_set7_4_name	Ghost Toast	幽灵洗澡水
Ahalloween_set7_5_name	All-Hallows Mead	诡异蜂蜜酒
Ahalloween_set7_6_name	O Negative	血浆畅饮
Ahalloween_set7_7_name	Lab Liquor	实验室特调
Ahalloween_set7_8_name	Pretty Potent Potion	力量药水
Ahalloween_set7_9_name	Bonecleaner	骨骸清洁剂
Ahalloween_set8_name	Witch's Brooms	扫帚商店
Ahalloween_set8_1_name	Celestial Cackle	新月扫帚
Ahalloween_set8_2_name	Pumpkin-Powered	南瓜动力
Ahalloween_set8_3_name	Roseate Ride	玫瑰专座
Ahalloween_set8_4_name	Big Bow Broom	蝴蝶结扫帚
Ahalloween_set8_5_name	Living Magic	魔力树枝
Ahalloween_set8_6_name	Rocketing Ride	火箭座驾
Ahalloween_set8_7_name	Leaf the Scene	落“叶”而逃
Ahalloween_set8_8_name	Jeweled Getaway	华丽扫帚
Ahalloween_set8_9_name	Overflowing Power	力量满溢
Ahalloween_set9_name	Halloween Haunts	灵异聚集地
Ahalloween_set9_1_name	Dreary Doorstep	可怖门庭
Ahalloween_set9_2_name	Harm Farm	贫瘠农场
Ahalloween_set9_3_name	Last Inn	末路旅店
Ahalloween_set9_4_name	Here Comes the Bride	破败长廊
Ahalloween_set9_5_name	Bewebbed Lair	蛛网巢穴
Ahalloween_set9_6_name	Coven Clearing	巫师集会
Ahalloween_set9_7_name	Gothic Gates	哥特大门
Ahalloween_set9_8_name	Pumpkin Porch	南瓜门廊
Ahalloween_set9_9_name	Ghost Garden	鬼影花园
Ahalloween_set10_name	Stylish Spiderwebs	蛛网设计大赛
Ahalloween_set10_1_name	Plate Plait	蛛网餐盘
Ahalloween_set10_2_name	Lightcatcher Lattice	捕光纹路
Ahalloween_set10_3_name	Gatherer's Gossamer	采集者的游丝
Ahalloween_set10_4_name	Woven Webbing	毛线蛛网
Ahalloween_set10_5_name	Festive Filigree	节日花丝
Ahalloween_set10_6_name	Au Naturale Net	纯天然制作
Ahalloween_set10_7_name	Embroidered Effort	刺绣之作
Ahalloween_set10_8_name	Stationary Spiderweb	稳固蛛网
Ahalloween_set10_9_name	Metal Meshwork	串珠蛛网
Ahalloween_set11_name	Everyday Zombies	鬼来鬼往
Ahalloween_set11_1_name	Ghoulish Gravedigger	专业守墓人
Ahalloween_set11_2_name	No-Good Neurosurgeon	蹩脚医生
Ahalloween_set11_3_name	Rotting Rail Rider	困倦通勤中
Ahalloween_set11_4_name	Bewitched Ballerina	受诅咒的舞者
Ahalloween_set11_5_name	Corporate Corpse	呆滞职员
Ahalloween_set11_6_name	Det. Disintegration	特别的侦探
Ahalloween_set11_7_name	Patient Zero	零号病人
Ahalloween_set11_8_name	Just a Guy	实习鬼一个
Ahalloween_set11_9_name	Decaying Defender	不怕摔运动员
Ahalloween_set12_name	Spooky Programmers	异世界程序员
Ahalloween_set12_1_name	Binary Bones	二进制骸骨
Ahalloween_set12_2_name	Social Skeleton	上班骨
Ahalloween_set12_3_name	Creepy Coding	恐怖"键盘手"
Ahalloween_set12_4_name	Cooler Corpse	纱布饮水机
Ahalloween_set12_5_name	Front-End Phantom	前端幽灵
Ahalloween_set12_6_name	Cobwebbed Computer	被封印的电脑
Ahalloween_set12_7_name	Haunting Hacker	看不见的黑客
Ahalloween_set12_8_name	Grim Repo	工作伙伴
Ahalloween_set12_9_name	Bug-Fix Bloodsucker	吸血鬼修bug
Ahalloween_set13_name	Robot in Autumn	秋日机器人
Ahalloween_set13_1_name	Swinging Steel	摇摆的钢铁
Ahalloween_set13_2_name	Pumpkin Processor	南瓜处理器
Ahalloween_set13_3_name	Autumnal Automaton	温暖的机器
Ahalloween_set13_4_name	Fresh Air Android	感受秋风
Ahalloween_set13_5_name	Back-to-School Bot	咯吱跳房子
Ahalloween_set13_6_name	Mid-Autumn Machine	落叶小憩
Ahalloween_set13_7_name	Gourd 'Borg	南瓜伙伴
Ahalloween_set13_8_name	Leaf Picker 3000	落叶采集者
Ahalloween_set13_9_name	Rain-Ready Robot	撑伞机器人
Ahalloween_set14_name	Pixel Spooks	鬼魅像素
Ahalloween_set14_1_name	Raster Raven	光栅乌鸦
Ahalloween_set14_2_name	Abandoned Assets	俄罗斯方块
Ahalloween_set14_3_name	Bitmapped Bat Brew	多彩魔药
Ahalloween_set14_4_name	Pixelmancer	像素帽子
Ahalloween_set14_5_name	Two-Dimensional Tome	二维魔典
Ahalloween_set14_6_name	ASCII Apparition	幽影浮现
Ahalloween_set14_7_name	CMYK Cemetery	热闹墓园
Ahalloween_set14_8_name	Shroom Sprites	蘑菇森林
Ahalloween_set14_9_name	8-Bit Aliens	对战外太空
Ahalloween_set15_name	Dress-up Ghosts	幽灵秀场
Ahalloween_set15_1_name	Patchwork Phantasm	可爱拼布
Ahalloween_set15_2_name	Rodeo Revenant	潇洒牛仔
Ahalloween_set15_3_name	Glamorous Ghost	爱美宝宝
Ahalloween_set15_4_name	Double Trouble	双胞胎幽灵
Ahalloween_set15_5_name	Boo Bling	酷帅路线
Ahalloween_set15_6_name	Witchy Wraith	聪明女巫
Ahalloween_set15_7_name	Floral-tergeist	花间鬼影
Ahalloween_set15_8_name	Handmade Haunt	柔软手作
Ahalloween_set15_9_name	Singing Specter	幽灵歌星
Ahalloween_set16_name	Galactic Imaginings	童心绘宇宙
Ahalloween_set16_1_name	Cosmic Kitty	宇宙猫咪
Ahalloween_set16_2_name	Hitching a Ride	搭便车
Ahalloween_set16_3_name	Supernal Skating	光环大道
Ahalloween_set16_4_name	Schmarlebarg	外星陆地
Ahalloween_set16_5_name	Chief Cosmo 	宇航员咩咩
Ahalloween_set16_6_name	Astronaut Dreams	星河梦想
Ahalloween_set16_7_name	Floomert	巨嘴外星人
Ahalloween_set16_8_name	Planet Hopper	飞船旅行
Ahalloween_set16_9_name	Little Booger	小小史莱姆
Ahalloween_set17_name	Public Art	艺术街景
Ahalloween_set17_1_name	The Whale	鲸之梦
Ahalloween_set17_2_name	Flower Paint	鲜花颜料
Ahalloween_set17_3_name	Urban Abduction	都市科幻
Ahalloween_set17_4_name	Keyboard Stairs	琴键阶梯
Ahalloween_set17_5_name	Wet Paint	油漆未干
Ahalloween_set17_6_name	Pisa Bollard	比萨路桩
Ahalloween_set17_7_name	Stone Flowers	石头花语
Ahalloween_set17_8_name	Bookish Bench	书香长椅
Ahalloween_set17_9_name	Balloon Flower	巨大花朵
Ahalloween_set18_name	Wine Tasting	品酒会
Ahalloween_set18_1_name	Verdant Vines	郁郁葱葱
Ahalloween_set18_2_name	Vine Snippers	葡萄剪
Ahalloween_set18_3_name	Vino Fodders	酿酒原料
Ahalloween_set18_4_name	Gloopy Grapes	反复揉搓
Ahalloween_set18_5_name	Barrel Tower	酒桶之塔
Ahalloween_set18_6_name	Mystery Tasting	神秘收藏
Ahalloween_set18_7_name	Crate of Wine	开启酒箱
Ahalloween_set18_8_name	Swirl and Sip	优雅啜饮
Ahalloween_set18_9_name	Vineyard Vibes	葡萄园气息
halloween26_farmboard_title	Tony’s Cauldron Cookery	托尼的魔法厨房
halloween26_farmboard_pre_desc	Tony’s trying out an all-in-one cauldron to infuse his dishes with spooky seasonal flavors. Let’s help him try out new Halloween recipes!	托尼弄来了一口全能的魔法大锅，要给他的菜肴添上几分万圣节的诡异风味。一起帮他试试新的万圣节食谱吧！
halloween26_farmboard_desc	Complete orders to earn <sprite="icon_farm3_tool" name="icon_farm3_tool">, then tap the Cauldron to collect Monstrous Morsels and merge them.	完成订单即可获得 <sprite="icon_farm3_tool" name="icon_farm3_tool">，然后点击魔锅收集惊奇美食，并在棋盘上进行合并。
halloween26_farmboard_desc2	Earn <sprite="icon_farm3_byprod" name="icon_farm3_byprod"> by trading Magical Manuscripts with the Kitty Kitchen Witch. Keep merging them to win more rewards!	合成魔法手稿给猫猫大厨，即可获得 <sprite="icon_farm3_byprod" name="icon_farm3_byprod">。不断合并，赢取更多奖励！
halloween26_farmboard_complete_title	Delicious! 	太美味了!
halloween26_farmboard_complete_desc	Great work, chef! Continue your creepy culinary adventure to earn more rewards!	干得漂亮，大厨！继续这趟毛骨悚然的美食冒险，赢取更多奖励吧！
halloween26_farmboard_success_desc	Tony's cauldron cooking created mouthwatering monstrous morsels and drew plenty of ghostly helping hands to the kitchen!	托尼用魔法大锅做出了令人垂涎的惊奇美食，还召唤了一大群幽灵帮手进厨房！
halloween26_farmboard_fail_desc	The cauldron's still bubbling away, but Tony can watch the pot on his own. Time to leave the heat of the kitchen and take a break!	魔锅还在咕嘟咕嘟地冒泡，不过托尼一个人看锅就够了。是时候离开热气腾腾的厨房，好好歇一歇了！
halloween26_farmboard_guide_1_1	A new disturbing dish is finished! Tap to gather finished freaky foods from the cauldron!	又有新的诡异佳肴出锅啦！点击即可从魔锅中收取做好的惊奇美食！
halloween26_farmboard_guide_2_1	It's a Magical Manuscript! I'm sure the Kitty Kitchen Witch will appreciate the gift—tap on them to see what happens next!	是魔法手稿！猫猫大厨肯定喜欢这份礼物——点击它，看看接下来会发生什么！
halloween26_farmboard_guide_2_2	The Kitty Kitchen Witch summoned some ghosts to help with cooking! Keep tapping the cat to summon more! 	猫猫大厨召唤出了一些幽灵来帮忙做菜！继续点击猫咪，召唤更多帮手！
halloween26_farmboard_guide_3_1	We found some more cauldrons!	我们找到了新的魔锅！
halloween26_farmboard_guide_3_2	Tap to add more cauldrons to the fire and speed up making eerie entrees and terrifying treats!	点击把更多魔锅放上灶台，加快制作惊奇美食的速度！
halloween26_farmboard_guide_3_3	Remember, each cauldron produces one Monstrous Morsel, and each ladle can collect dishes from multiple cauldrons!	记住：每口魔锅只产出一份惊奇美食，但一把勺子可以同时从多口魔锅中收取菜品！
halloween26_farmboard_feedlater_hint	Wait! Tap on the Kitchen Witch to finish summoning first!	等一下！先点击猫猫大厨，完成召唤吧！
halloween26_farmboard_notenough_hint	Need more ladles!	勺子不够了！
halloween26_farmboard_lockedfield_hint	Find more tiny cauldrons to make more dishes!	找到更多小魔锅，做出更多菜品！
halloween26_farmboard_instruction_1	Complete orders to earn ladles and use them to collect dishes from the cauldrons.	完成订单可获得勺子，用它从魔锅中收取菜品。
halloween26_farmboard_instruction_2	Merge Monstrous Morsels to earn keys to unlock covered areas. Tap the Kitty Kitchen Witch to trade Magical Manuscripts for Haunted Cookware.	合并惊奇美食可获得钥匙，用来解锁被遮盖的区域。点击猫猫大厨，用魔法手稿换取闹鬼厨具。
halloween26_farmboard_instruction_3	Merge Haunted Cookware for even bigger rewards!	合并闹鬼厨具，赢取更丰厚的奖励！
halloween26farmboard_book_title	Tony's Cooking Catalog	托尼的万圣厨房
halloween26_farmboard_book_subtitle1	Monstrous Morsels	惊奇美食
halloween26_farmboard_book_subtitle2	Haunted Cookware	闹鬼厨具
halloween26_farmboard_book_subtitle3	Magical Manuscripts	魔法手稿
halloween26_farmboard_book_subtitle4	Peculiar Potions	神奇魔药
halloween26_farmboard_book_subtitle5	Precious Pumpkins	珍奇南瓜
halloween26_farmboard_success_title	Event over!	活动结束!
halloween26_farmboard_fail_title	Event over!	活动结束!
halloween26_farmboard_guide_1_2	These areas are covered by clouds, but we can unlock them later.	这些区域被云层覆盖。但我们稍后可以解锁。
halloween26_farmboard_guide_1_3	Merge items to a higher level, then we can get a key to unlock more spaces on the board!	将物品合成到更高等级，我们就可以获得一把钥匙来解锁棋盘上的更多空间。
halloween26_farmboard_obstacle_bubble_desc	Collect gems to unveil a mystery reward!	收集宝石，解锁神秘奖励!
halloween26_farmboard_obstacle_title	Congratulations!	太棒了!
halloween26_farmboard_obstacle_desc	You pulled back the curtain and revealed a valuable treasure chest!	你拉开帷幕并揭晓了神秘大奖!
offer_rainforest	Rainforest Rewards	雨林好礼
offer_halloween26	Spooky Surprise	惊悚惊喜
crochet_multiboards_title	Hook and Yarn!	暖心钩织日
crochet_multiboards_pre_desc	Oh dear, what to do with all this extra yarn? Help Imelda untangle the skeins so she can crochet handmade gifts for friends! 	哦亲爱的，我们这里有这么多毛线！快帮伊梅尔达用这些毛线钩织可爱的礼物送给朋友们吧！
crochet_multiboards_complete_title	Stalwart Stitcher	巧手织女
crochet_multiboards_complete_desc	Thanks to your help, Imelda crafted some lovely crochet gifts for her friends!	多亏了你的帮忙。伊梅尔达为朋友们精心制作了好几份可爱的钩织礼物！
crochet_multiboards_success_title	Wunderkind Weaver	钩织天才
crochet_multiboards_success_desc	Nice one! Imelda made her way through the yarn and even started her own crochet club!	太棒了！伊梅尔达搞定了所有毛线，甚至创办了自己的钩织俱乐部！
crochet_multiboards_fail_desc	Oh no! There’s still so much yarn left, but not enough hours in the day. Time to tie up the loose ends…	哦不！还剩一大堆毛线，可今天的时间不够用了，先把它们草草处理一下吧……
crochet_multiboards_guide_1_1	Grab your hooks and yarn! Merge items to get the key and unlock the next stage.	开启你的钩织之旅！合并物品以获取钥匙，解锁下一阶段。
crochetMultiboards_book_title	Tailor's Ledger 	织女手账
crochetMultiboards_book_subtitle1	Caring Crafts	暖心钩织
crochetMultiboards_book_subtitle2	Bemusing Buttons	奇妙纽扣
crochetMultiboards_book_subtitle3	Sewing Storage	缝纫收纳
crochet_multiboards_fail_title	Event over!	活动结束!
crochet_multiboards_guide_1_2	Tap here to add items to the board, then merge them!	点击这里将物品添加到棋盘，并合成它们！
crochet_multiboards_guide_2_1	You've unlocked the next stage! Tap to enter.	你已经解锁了下一阶段！点击前往吧。
crochet_multiboards_instruction_1	Complete orders to get items.	完成订单获得物品
crochet_multiboards_instruction_2	Merge items to earn the key to the next stage.	合成物品获得钥匙并开门解锁下一阶段
crochet_multiboards_instruction_3	Explore all the stages and win big prizes!	探索全部阶段棋盘获得大奖
crochet_multiboards_desc	Merge items to get the key and unlock the next stage!	获得指定物品可得到钥匙开门，进入下一阶段
crochet_multiboards_door_btn1	Go	继续
crochet_multiboards_door_btn2	Stay	留下
crochet_multiboards_door_desc1	If you choose to go to the next stage, the remaining rewards on this board will be collected automatically.	如果您选择进入下一阶段，此棋盘上的奖励将被自动收集
crochet_multiboards_door_desc2	All event items on the current board will be transferred to the next stage.	已获得的棋子将被带入下一阶段
crochet_multiboards_door_hint	You need a key! Merge items to get one.	你需要一把钥匙！合成物品来获得它。
crochet_multiboards_door_title	Go to the Next Stage	前往下一阶段
crochet_multiboards_linelock_hint	Unlock on the next stage!	到下一阶段后解锁!
crochet_multiboards_obstacle_bubble_desc	Collect gems to unveil a mystery reward!	收集宝石，解锁神秘奖励!
crochet_multiboards_obstacle_title	Congratulations!	太棒了!
crochet_multiboards_obstacle_desc	You pulled back the curtain and revealed a valuable treasure chest!	你拉开帷幕并揭晓了神秘大奖!
offer_crochet	Crocheter's Carrier	织女工具包
offer_autumn	Foliage Favors	秋叶礼遇
summary_text_288_1_end	Heidi gently checks in with Harrison…	海蒂温柔地问起哈里森的情况……
summary_text_288_11_end	Harrison musters his physical and mental strength…	哈里森终于鼓起勇气，迈出艰难一步……
title_text_caldeiraresort	Caldeira Resort	卡尔德拉度假村
summary_text_288_13_end	Newly arrived in paradise, Tony and Atlas lounge about…	刚到人间天堂，托尼和阿特拉斯便尽情享受起来……
summary_text_288_16_end	Harrison and Heidi take a leisurely stroll…	哈里森和海蒂在镇上慢慢散步……
task_288_1	Better Together	有你在身边
task_288_2	Brimwave Welcome	浪尾岛主场迎战
task_288_3	Double Booked	分身乏术
task_288_4	Care Package	贴心慰问
task_288_5	Continuous Caller	不速来电
task_288_6	The Missing Link	消失的申请
task_288_7	Winning Slice	势在必得
task_288_8	Bunny Time	萌兔驾到
task_288_9	Priorities Priorities	孰轻孰重
task_288_10	Release the Rabbits	萌兔出笼
task_288_11	Somewhere by the Shore	海岸归处
task_288_12	Diamonds in the Rough	另觅明珠
task_288_13	Caviar and Champagne	纸醉金迷
task_288_14	Crisis Negotiator	争议调停
task_288_15	The Mayor Speaks	一锤定音
task_288_16	Salmon and Bagels	旧味伤情
task_288_17	Rabbit Ruminations	兔生我梦
summary_text_289_begin	Out and about on her own, Heidi enjoys a tasty breakfast…	独自出门的海蒂，悠闲享用起美味早餐……
summary_text_289_3_end	Frankie sets out to make sure she gets the information she wants…	为了拿到想要的情报，弗兰基决定亲自出马……
summary_text_289_7_end	Harrison and Lloyd share tales of watery wisdom…	哈里森和劳埃德聊起大海带来的慰藉……
summary_text_289_13_end	Frankie finally reaches the end of her tether…	弗兰基的耐心终于彻底耗尽……
summary_text_289_17_end	Heidi arrives to meet with Harrison, only to find him crying…	海蒂前来找哈里森，却撞见他泪流满面……
task_289_1	Low Energy	身心俱疲
task_289_2	Skeleton Crew	精兵上阵
task_289_3	Important Business	正事要紧
task_289_4	Big Butt	绕不开的大麻烦
task_289_5	Vibe Shift	画风突变
task_289_6	Inform Educate Entertain	特别节目
task_289_7	Water Conduit	水脉相连
task_289_8	Nature Documentary	兜底计划
task_289_9	Horse Women	爱马女士
task_289_10	Cheese Expert	奶酪专家
task_289_11	Side Quest	顺手接个活
task_289_12	Purge Saga	肃清风波
task_289_13	My Little Cucumber	我的小乖乖
task_289_14	Municipal Roundup	市政新气象
task_289_15	The Council	女王议会
task_289_16	Big Boys	吃醋？
task_289_17	Done Crying	泪过天晴
summary_text_290_begin	Tony and Atlas recover after a wild celebrity party…	疯狂派对过后，托尼和阿特拉斯艰难“复活”……
summary_text_290_3_end	Heidi continues riding the enthusiasm of being in Brimwave…	海蒂仍沉浸在身处浪尾岛的兴奋中……
summary_text_290_9_end	With Bruno and Frankie on the phone, Babette prepares herself…	布鲁诺和弗兰基已在电话另一头，芭贝特深吸一口气……
summary_text_290_14_end	After hours of false leads and dead ends, Babette starts to fray…	搜索了几个小时仍毫无进展，芭贝特渐渐濒临崩溃……
task_290_1	If Only Tony	不可替代的托尼
task_290_2	Day Release	放风有风险
task_290_3	Queens	女王云集
task_290_4	New and Old	新人与旧人
task_290_5	Justified Doubt	合理怀疑
task_290_6	Childhood Chunks	旧友重聚
task_290_7	Escape Plan	开溜大作战
task_290_8	Bestie Senses	闺蜜雷达
task_290_9	Secret Panel	隔空指路
task_290_10	Fifth Wheel	尴尬的局外人
task_290_11	Sinking Low	沉到底线
task_290_12	More Light	拍摄诀窍
task_290_13	Resolved Feelings	心结已解？
task_290_14	Free Your Mind	遭人戏耍
task_290_15	Triple Date	三对赴约
task_290_16	Angel	她是我的天使
task_290_17	Crisis Point	旧友到访
summary_text_291_begin	Babette makes an important call to Imelda…	芭贝特给伊梅尔达打了一通事关重大的电话……
summary_text_291_3_end	Harrison and Heidi discuss the art of letting go…	哈里森和海蒂谈起该如何放下……
summary_text_291_7	While out and about, Harrison receives a text from his fellow Musketeer…	外出途中，哈里森收到了三剑客伙伴的消息……
title_text_pompanoridge	Pompano Ridge Trail	庞帕诺岭步道
summary_text_291_9_end	Norman keeps Imelda company on the phone as she hikes inland…	伊梅尔达向岛内徒步进发，诺曼则一直通过电话陪伴着她……
title_text_phoebuspillars	The Phoebus Pillars	菲伯斯石柱
summary_text_291_12_end	Imelda stumbles across a surprising fellow visitor…	伊梅尔达意外遇见了一个人……
summary_text_291_14_end	Imelda helps a helpless Crane back down the hiking trail…	伊梅尔达扶着束手无策的克雷恩走下步道……
task_291_1	Off the Game	状态全无
task_291_2	A Better Model	心存疑虑
task_291_3	Sole Responsibility	肩上的责任
task_291_4	Lurking Worries	隐隐不安
task_291_5	Back in Town	托尼回归
task_291_6	In Boiling Water	焦头烂额
task_291_7	It’s a Go!	正式敲定！
task_291_8	Keeping it Sweet	守护安宁
task_291_9	A Call From Home	家中来电
task_291_10	Under the Bridge	托尼谈重聚
task_291_11	A Small Concern	小小顾虑
task_291_12	Into the Forest	深入森林
task_291_13	Missing Out	八卦兄弟
task_291_14	The Way Back Down	下山之路
task_291_15	Loving Hands	甜品传情
task_291_16	Another Check Up	再次打探
task_291_17	Out of the Blue	久违的电话
summary_text_292_4_end	Two sea dogs try to take in the calming waters…	两位老水手望着海面谈心……
summary_text_292_9_end	Frankie awaits word from Babette, readying herself to face Bruno…	弗兰基等待芭贝特的答复，做好了直面布鲁诺的准备……
title_text_palmandcalle	Palm and Calle	棕榈小径
summary_text_292_14_end	The Three Musketeers and their partners meet for date night…	铁三角携各自伴侣齐聚约会之夜……
summary_text_292_16_end	After a few awkward icebreakers, the big date night continues…	几轮尴尬的破冰过后，盛大的约会之夜仍在继续……
summary_text_292_17_end	After returning from date night, Heidi pulls Quinn aside…	约会归来后，海蒂把奎因拉到一旁……
task_292_1	Morning Sweet Talk	甜品建议
task_292_2	Treasure Hunters	寻宝猎人
task_292_3	To Be Happy	为幸福而活
task_292_4	Two Sea Dogs	临海谈心
task_292_5	Formal Introductions	正式会面
task_292_6	Left to the Unknown	失落之地
task_292_7	Still Trying	永不放弃
task_292_8	Recalibration	退而求其次
task_292_9	Blank Check	布鲁诺的价码
task_292_10	Betrayal of Trust	背信之举
task_292_11	Work-Life Balance	劳逸结合
task_292_12	Leverage	谈判筹码
task_292_13	A Character Study	有其母必有其女
task_292_14	Triple Date Night	六人约会之夜
task_292_15	Hard Choice	艰难抉择
task_292_16	The Magic Number	破冰尬聊
task_292_17	For His Sake	为了哈里森
halloweenMapExplore_title	The Cat in the Castle	救猫惊魂夜
halloweenMapExplore_pre_desc	Coconut's been catnapped by bats! Help Olivia save him from the old castle!	小椰子被蝙蝠绑架了！帮奥利维亚把他从危机重重的古堡里救出来！
halloweenMapExplore_main_task_1	Look for clues	寻找线索
halloweenMapExplore_main_task_2	Go deeper into the garden	深入花园
halloweenMapExplore_main_task_3	Help the skeleton	帮助小骷髅
halloweenMapExplore_main_task_6	Cross the cemetery	穿越墓地
halloweenMapExplore_main_task_5	Traverse the gloomy grounds	深入阴暗之地
halloweenMapExplore_main_task_4	Clear the Deadwood Gate	清理枯木门
halloweenMapExplore_main_task_7	Head towards the spooky castle	向古堡前进
halloweenMapExplore_main_task_8	Look for a banana peel	寻找香蕉皮
halloweenMapExplore_main_task_9	Make the zombie slip	让僵尸滑倒
halloweenMapExplore_main_task_10	Find the spooky castle	找到古堡
halloweenMapExplore_main_task_11	Find a key	找到钥匙
halloweenMapExplore_main_task_12	Open the castle gate	打开古堡大门
halloweenMapExplore_main_task_13	Enter the spooky castle	进入阴森古堡
halloweenMapExplore_main_task_15	Find the magic wand	找到魔法棒
halloweenMapExplore_main_task_14	Find the invisibility cloak	找到隐身衣
halloweenMapExplore_main_task_16	Sneak past the ghost	从幽灵旁溜走
halloweenMapExplore_main_task_17	Explore the depths of the castle	进入古堡深处
halloweenMapExplore_main_task_18	Find the video camera	找到摄像机
halloweenMapExplore_main_task_19	Enter the dark room	进入幽暗房间
halloweenMapExplore_main_task_20	Walk through the dark room	穿过幽暗房间
halloweenMapExplore_main_task_21	Leave the dark room	走出幽暗房间
halloweenMapExplore_main_task_22	Find Coconut	找到小椰子
halloweenMapExplore_main_task_23	Find a powerful flashlight	寻找强光手电筒
halloweenMapExplore_main_task_24	Rescue Coconut	救出小椰子
halloween_mapExplore_task_2	Look for Halloween candy	搜罗万圣节糖果
halloween_mapExplore_task_3	Collect the witch's potions	收集女巫汤剂
halloweenMapExplore_bubble_task_2	Help the skeleton	帮助骷髅
halloweenMapExplore_bubble_task_8	Make the zombie slip	让僵尸滑倒
halloweenMapExplore_bubble_task_11	Open the castle gate	打开古堡大门
halloweenMapExplore_bubble_task_14	Sneak past the ghost	从幽灵旁边溜走
halloweenMapExplore_bubble_task_18	Enter the dark room	进入幽暗房间
halloweenMapExplore_bubble_task_22	Save Coconut	拯救小椰子
halloweenMapExplore_book_title	Quest Journal	探索图鉴
halloweenMapExplore_finish_desc	Olivia rescued Coconut from the castle! It's time to go home and enjoy the rest of the Halloween festivities!	奥利维亚救出了小椰子！是时候回家向大家展示他们的万圣节服装啦！
halloweenMapExplore_end_desc	Olivia got too scared! Luckily, Coconut made his own daring escape. Now let's get out of the spooky castle!	奥利维亚害怕得走不动路，不过勇敢的小椰子自己逃出来和她汇合了！一起回家吧！
halloweenMapExplore_success_desc	The bats are gone and Coconut is safe! Time to explore a bit more while Count Coconut naps.	太好啦！蝙蝠们都逃走啦！小椰子累得想打盹，我们趁他睡觉继续在古堡中探索吧！
halloweenMapExplore_bubble_task_extra	Find your soul instrument	找到灵魂乐器
halloweenMapExplore_guide_1	Use Energy to complete tasks and get closer to our mission objective!	消耗体力清除路上的障碍!
halloweenMapExplore_guide_2	\nMission Control will update key tasks to help us complete our mission!	任务中心会发布关键任务帮我们更快找到回家路!
halloweenMapExplore_guide_3	Let's do our best to find the target location!	试试定位到任务目的地吧!
halloweenMapExplore_guide_5	We've got a special backpack for all the cool stuff we find! Tap to open it.	我们采集到了一些物品，打开背包看看都有什么。
halloweenMapExplore_guide_6	Tap here to release the items – then we can merge them to earn rewards!	点击这里将物品释放出来，合并物品解锁惊喜奖励！
halloween_mapExplore_book_subtitle_main	Batty Collections	蝠堡居民
halloween_mapExplore_book_subtitle_sub1	Stitched Spookies	怪诞娃娃
halloween_mapExplore_book_subtitle_sub2	Creepy Confections	惊悚甜品
halloween_mapExplore_book_subtitle_sub3	Probably Potions	女巫汤剂
halloweenMapExplore_dialog_normal_1	Let's push forward and explore once we're all rested up!	休息好了就抓紧向前探索吧!
halloweenMapExplore_dialog_normal_2	If we get lost, we can look at Mission Control to figure out what to do!	迷路的时候不妨看看“任务中心”寻找方向!
halloweenMapExplore_dialog_main_task_4	There seems to be a door up ahead. Let's go check it out.	前面好像有个枯木门，快去探索一番吧！
halloweenMapExplore_dialog_main_task_12	Where can I find a key to open the door?	哪里能找到打开大门的钥匙呢？
halloweenMapExplore_dialog_main_task_15	You found the invisibility cloak and the wand—now you can sneak past the ghost!	找到了隐身衣和魔法棒，可以从幽灵旁边溜走啦！
halloweenMapExplore_dialog_main_task_18	Oh no! How can you make your way through the room when you can't see your hand in front of your face!? It's too dark!	怎样才能穿越伸手不见五指的房间呢？
halloweenMapExplore_dialog_main_task_22	Is that Coconut meowing? Go check it out!	是小椰子在喵喵叫吗？快去看看！
halloweenMapExplore_dialog_main_task_23	Jeepers! Coconut is surrounded by bats! Quick, find a way to chase them away!	小椰子被蝙蝠包围了！快想办法赶走蝙蝠！
ghost_name	Ghost	幽灵
halloweenMapExplore_task_subob	Wake up the sleeping pumpkin cat	叫醒睡着的南瓜猫
halloweenMapExplore_task_11	Start the ghost concert	开启幽灵演奏会
halloweenMapExplore_progress_title	Travel Supplies	旅途补给
halloweenMapExplore_progress_desc	Earn tokens from clearing obstacles and earn extra rewards!	清除障碍获得代币，并赢得额外奖励！
halloweenMapExplore_progress_bubble	Earn tokens by using event energy to clear obstacles!	消耗活动体力清除障碍来获得代币！
Estory_halloweenmap_1_1	Looking fangtastic Count Coconut! Like a vampire for realsies!	尊贵的小椰子伯爵，你这身打扮真是了不起！简直就是吸血鬼降临！
Estory_halloweenmap_1_2	Mraaaw! (You make a cool werewolf, but a wereCAT would've been better.)	喵嗷！（你扮的狼人也不赖，不过我觉得你更应该试试狼猫哈哈。）
Estory_halloweenmap_1_3	Now it's time for a proper Halloween monster fight! Grr!! Take that my sworn enemy!	现在该来一场真正的万圣节怪物大战了！嗷呜！！接招吧，我的宿敌！
Estory_halloweenmap_1_4	Meeew. Ek ek ek. (Alright alright, but be gentle with those claws. Hmm...did you hear that?)	咪呜。喵喵喵。（那就接招吧！可别把你的爪子玩坏啦！诶？什么声音……你听见了吗？）
Estory_halloweenmap_2_1	Noo! Coconut! Come back with my cat, you stupid bats!	回来！小椰子！你们这些臭蝙蝠，把我的猫还回来！
Estory_halloweenmap_2_2	But where are they taking him?	可是它们要把他带到哪里去？
Estory_halloweenmap_2_3	Huh…it looks like they’re going to that real spooky castle over there…	咦……它们好像正飞向那边那座超级吓人的城堡……
Estory_halloweenmap_2_4	Oh boy. And it looks like I’ll have to go through that doubly spooky garden to get to him. 	天哪。看来要找到他，我还得穿过那片加倍吓人的花园。
Estory_halloweenmap_3_1	Huh. What is this bottle…?	咦。这瓶子里是什么……？
Estory_halloweenmap_3_2	Oh, it’s glue. But now’s not the time for arts and crafts. I gotta save Coconut!	哦，是胶水。可现在不是做手工的时候。我得去救小椰子！
Estory_halloweenmap_3_3	But maybe I should keep it, just in case.	不过以防万一，还是先拿着吧！
Estory_halloweenmap_3_4	You never know what could need gluing later!	谁知道之后会不会有什么东西需要粘起来呢！
Estory_halloweenmap_4_1	AHHH! A skeleton!	啊啊啊！骷髅！
Estory_halloweenmap_4_2	Ahhh…A broken skeleton…how did he get all broken like that? Does he need help?	咦？是个散架的骷髅，他怎么会碎成这样？诶诶？需要帮忙吗？
Estory_halloweenmap_4_3	The glue! I can glue his bones back together! 	胶水！我可以把他的骨头粘回去！
Estory_halloweenmap_4_4	Hold on, Skelly – I’ll fix you up. Just don’t be super scary, okay?	等一下，小骷髅——我来帮你修好。只要你别突然跳起来吓我，好吗？
Estory_halloweenmap_5_1	TA-DA! You’re all back to normal!	锵锵！你完全恢复正常啦！
Estory_halloweenmap_5_2	Now be careful, Skelly, don’t go off breaking your bones again!	以后要小心哦，小骷髅，可别再把自己的骨头弄断啦！
Estory_halloweenmap_5_3	That's a great song! Have fun!	唱的不错嘛！玩得开心！
Estory_halloweenmap_5_4	Oh, and if you do break your bones, I have more glue to help!	哦对了，要是你的骨头又断了，我还有胶水可以帮忙！
Estory_halloweenmap_6_1	Eww, look at all the spiderwebs!	噫，怎么这么多蜘蛛网啊！
Estory_halloweenmap_6_2	I'm a werewolf today, but I still don’t like spiders that much.	虽然我今天是狼人，可我还是害怕蜘蛛啊啊啊。
Estory_halloweenmap_6_3	I need to get rid of them. But with what…?	我得把这些蜘蛛网清掉。可是用什么呢？
Estory_halloweenmap_7_1	Blech! All done! But what’s that spooky glow…?	呕！全都清理干净了！可那道阴森森的光是什么？
Estory_halloweenmap_7_2	It's a castle! But why is it super teensy and see-through?	是一座城堡！可它为什么这么小，还是透明的？
Estory_halloweenmap_7_3	Wait it looks just like that castle I saw from far away!	等等，它看起来就跟我从远处看到的那座城堡一模一样！
Estory_halloweenmap_7_4	Now I’m super-duper sure that’s where Coconut is! I’m on my way!	现在我百分之百确定，小椰子就在那里！我来啦！
Estory_halloweenmap_8_1	WHAT WAS THAT!?	刚才那是什么？！
Estory_halloweenmap_8_2	Huh? It looks like that big stone door moved…	咦？那个大石板好像动了……
Estory_halloweenmap_8_3	And it sounds like something’s COMING OUT!	而且听起来，有什么东西要出来了！
Estory_halloweenmap_8_4	What do I do? What do I do? The door, I have to close the door!	怎么办？怎么办？石板！我得把石板合上！
Estory_halloweenmap_9_1	Phew. I got the door closed!	呼。总算把它关上了！
Estory_halloweenmap_9_2	Good! ‘Cause I don’t think I was ready to fight a zombie.	松一口气！我还没准备好大战僵尸呢。
Estory_halloweenmap_9_3	Would it be a zombie? Or a different monster?	出来的会是僵尸吗？还是别的怪物？
Estory_halloweenmap_9_4	I shouldn’t stick around to find out. I need to find Coconut!	我不该现在纠结这些，赶紧继续出发找小椰子吧！
Estory_halloweenmap_10_1	A zombie! Did it see me? I hope not…	有僵尸！它看到我了吗？希望没有……
Estory_halloweenmap_10_2	I can’t let it get me. ‘Cause I’m not gonna be a zombie! Nuh-uh!	我可不能被它抓住。因为我才不要被吃脑子！绝对不要！
Estory_halloweenmap_10_3	How can I get past it…?	我要怎么绕过它呢……？
Estory_halloweenmap_11_1	HA HA! I knew the banana peel trick would work!	哈哈！我就知道香蕉皮这招有用！
Estory_halloweenmap_11_2	Bye-bye zombie! Hello, Coconut!	僵尸拜拜！小椰子，我来啦！
Estory_halloweenmap_11_3	Well, not yet, but soon! Hopefully, the castle is close…	虽然还没找到城堡，不过快了！希望城堡就在附近……
Estory_halloweenmap_12_1	I’m here!	我到啦！
Estory_halloweenmap_12_2	But the doors won’t open! Give me back my Coconut!	可是门打不开！快把我的小椰子还给我！
Estory_halloweenmap_12_3	A key. There has to be a key somewhere.	钥匙。附近肯定有一把钥匙。
Estory_halloweenmap_13_1	Abracadabra! The gates are open. Hmmm…	天灵灵地灵灵！大门打开啦。嗯……
Estory_halloweenmap_13_2	This castle’s not so big and scary after all.	这座城堡好像不过如此嘛，没看起来那么吓人。
Estory_halloweenmap_13_3	I wonder who lives here?	不知道是谁住在这里？
Estory_halloweenmap_13_4	The bats! It's probably filled with vampires!	是蝙蝠！这里肯定到处都是吸血鬼！
Estory_halloweenmap_14_1	Maybe it IS a little scary…the stairs are broken too, oh no...	不得不承认确实有一点吓人……楼梯也坏了，糟糕……
Estory_halloweenmap_14_2	WoOoOo! Hello, little girl. Welcome to—	呜呜呜！小姑娘，你好。欢迎来到——
Estory_halloweenmap_14_3	A GHOST!	啊啊啊啊有鬼啊！
Estory_halloweenmap_14_4	Yes, I am a ghost. And you shall go no further. Your cat is OURS.	说我是鬼倒也没什么问题。不过你休想再往前一步。你的猫是我们的了。
Estory_halloweenmap_14_5	Psh, yeah right! I’m getting Coconut back! And you can't stop me!	才怪！我一定要把小椰子救回来！你拦不住我！
Estory_halloweenmap_14_6	But how do I get past that mean old ghost? These are the only stairs up.	可我要怎么绕过那个讨厌的老鬼魂呢？这里就只有这条楼梯能上去。
Estory_halloweenmap_14_7	Hmm, maybe an invisibility cloak and a wand would help…	嗯，也许隐形斗篷和魔杖能帮上忙……
Estory_halloweenmap_15_1	Hah. That silly ghost can’t see me now!	哈。那个傻幽灵现在看不见我啦！
Estory_halloweenmap_15_2	Where did that little girl go? It’s like she’s gone…invisible.	那个小姑娘去哪儿了？她好像……隐形了。
Estory_halloweenmap_15_3	Now I can go find Coconut!	现在我可以去找小椰子啦！
Estory_halloweenmap_16_1	Where did the path go!? It’s all dark, and I can’t see.	路去哪儿了？！这里黑漆漆的，我什么都看不见。
Estory_halloweenmap_16_2	It feels dangerous to keep going if I can't see…	什么都看不见的话，继续往前走好像很危险……
Estory_halloweenmap_16_3	But I need to get Coconut. I have to find a way through.	但我不能放弃小椰子。我必须想办法穿过去。
Estory_halloweenmap_17_1	This’ll help! I can go night vision!	这个能派上用场！我可以开启夜视模式！
Estory_halloweenmap_17_2	Whoa! Everything looks all cool and green!	哇！所有东西都变得绿绿的，好酷！
Estory_halloweenmap_17_3	This'll help me find Coconut in this spooky old castle!	这下我就能在这座阴森森的古堡里找到小椰子了！
Estory_halloweenmap_18_1	Hopefully I’m getting close to Coconut…	希望我快要找到小椰子了……
Estory_halloweenmap_18_2	Why do castles have to be so spooky and big!? How many rooms do ghosts and monsters need?	城堡为什么非得这么阴森、这么大啊？！幽灵和怪物到底需要多少个房间？
Estory_halloweenmap_18_3	I guess I’ll find out tonight…	看来今晚我就会知道了……
Estory_halloweenmap_19_1	COCONUT! I finally found you. Do you know how many rooms there are!?	小椰子！我终于找到你了。你知道这里有多少个房间吗？！
Estory_halloweenmap_19_2	Mraaaw! (Waah! Get me out of here!)	喵嗷！呜哇！（呜呜呜，别说这个了，快带我离开这里！）
Estory_halloweenmap_19_3	Prrrrt. Meww. (I’m scared and these bats are a little TOO friendly!)	呼噜噜。喵呜。（人家好害怕，而且这些蝙蝠也热情得有点过头了！）
Estory_halloweenmap_19_4	MOWWWW! (So please, hurry up and SAVE ME!)	喵嗷——！（所以拜托了，快点救我！）
Estory_halloweenmap_20_1	Coconut! Did those bats hurt you at all?	小椰子！那些蝙蝠有没有伤到你？
Estory_halloweenmap_20_2	Meeeew. (Nope! They thought I was Count Dracula!)	喵呜。（没有！它们以为我是德库拉伯爵！）
Estory_halloweenmap_20_3	Hah! I did a great job on your costume, but bats do have bad eyesight. That’s why I used the flashlight!	哈！看来我给你做的服装棒极了，不过蝙蝠的视力确实很差。这就是为什么我刚才用手电筒晃它们的眼睛！
Estory_halloweenmap_20_4	Meeew. Prrt. (You’re such a smart little human.)	喵呜。呼噜。（你这个小人类可真聪明。）
Estory_halloweenmap_20_5	Mreeeowww. (But whew, I could use a good cat nap. I'm so...sleepy...suddenly.)	喵嗷——。（不过，呼，我得好好睡个猫觉了。我突然……好困……）
Estory_halloweenmap_20_6	Don't worry Count Coconut! You take your nap and I'll keep an eye out for any stray bats! Grr!!	别担心，小椰子伯爵！你安心睡吧，我会留意有没有落单的蝙蝠！嗷呜！！
Estory_halloweenmap_20_7	Mraaaw. Prrt. (Can always count on sworn monster enemies to have your back...)	喵嗷。呼噜噜噜。（有个不离不弃的怪物宿敌罩着，果然让喵放心……）
mapExploreSmash_halloween_title	Crystal Cache	奇幻晶石
mapExploreSmash_halloween_start_desc	What a find – a treasure chest encased in crystal! Let's retrieve the prize!	惊喜发现！是一颗包裹宝藏的晶石，试试敲碎它吧！
mapExploreSmash_halloween_desc	Collect points to crack the crystal!	尽快收集积分击碎晶石吧！
game_notice_update_title	We’ve Updated Our Terms	我们已更新条款
game_notice_update_desc_tos	To better protect your privacy and improve our services, we have updated our Terms of Service. By clicking "Accept", you agree to these updated terms. \n\n● <link={0}><color=#4087D9><u>Terms of Service</u></color></link>	为更好保护您的隐私并优化服务体验，我们更新了《用户协议》。点击 “接受”，即表示您同意接受更新后的条款。\n\n <link={0}><color=#1c8ee6><u>用户协议</u></color></link>
game_notice_update_desc_pp	To better protect your privacy and improve our services, we have updated our Privacy Policy. By clicking "Accept", you agree to these updated terms. \n\n● <link={0}><color=#4087D9><u>Privacy Policy</u></color></link>	为更好保护您的隐私并优化服务体验，我们更新了《隐私政策》。点击 “接受”，即表示您同意接受更新后的条款。\n\n <link={0}><u><color=#1c8ee6>隐私政策</color></u></link>
game_notice_update_desc_tospp	To better protect your privacy and improve our services, we have updated our Terms of Service and Privacy Policy. By clicking "Accept", you agree to these updated terms. \n\n● <link={0}><color=#4087D9><u>Terms of Service</u></color></link>\n\n● <link={1}><color=#4087D9><u>Privacy Policy</u></color></link>	为更好保护您的隐私并优化服务体验，我们更新了《用户协议》与《隐私政策》。点击 “接受”，即表示您同意接受更新后的条款。\n\n <link={0}><color=#1c8ee6><u>用户协议</u></color></link>\n <link={1}><u><color=#1c8ee6>隐私政策</color></u></link>
order_buff_adventure_title	Event Items Plus!	棋子狂欢!
order_buff_multiboards_title	Event Items Plus!	棋子狂欢!
order_buff_farm_title	Event Tools Plus!	工具狂欢!
order_buff_pureboard_title	Event Items Plus!	棋子狂欢!
order_buff_mapexplore_title	Event Energy Plus!	活动体力狂欢!
order_buff_adventure_desc	Now, when you complete orders, you will get double the event items!	现在起当你完成订单时，你可以获得双倍的棋子！
order_buff_multiboards_desc	Now, when you complete orders, you will get double the event items!	现在起当你完成订单时，你可以获得双倍的棋子！
order_buff_farm_desc	Now, when you complete orders, you will get double the event tools!	现在起当你完成订单时，你可以获得双倍的工具！
order_buff_pureboard_desc	Now, when you complete orders, you will get double the event items!	现在起当你完成订单时，你可以获得双倍的棋子！
order_buff_mapexplore_desc	Now, when you complete orders, you will get double the event energy!	现在起当你完成订单时，你可以获得双倍的活动体力！
dance_multirank_title	Dance Showdown	舞林对决
dance_multirank_start_desc	Move to the groove, defeat dance rivals, and earn prizes!	跟随节拍舞动，击败对手，赢取丰厚奖励！
multirank_multiple_bubble	Complete an order within the timer to earn <color=#00c6ff>{0}x</color> more points!	在倒计时内完成下一个订单可获取<color=#00c6ff>{0}倍</color>积分!
multirank_multiple_low_desc	Complete an order to start your multiplier!	完成订单来开启积分加倍!
multirank_multiple_mid_desc	Complete an order to boost your multiplier!	完成订单来提升积分倍率!
multirank_multiple_max_desc	You've hit the max multiplier!	你已达到最高积分倍率!
dance_multirank_enter_desc	Collect {0} <sprite="icon_multirank" name="icon_multirank"> to join the next dance battle!	收集{0}<sprite="icon_multirank" name="icon_multirank">，加入舞蹈角逐！
dance_multirank_score_desc	Current score: <color=#46f3ff>{0}</color> <sprite="icon_multirank" name="icon_multirank">	当前积分：<color=#46f3ff>{0}</color><sprite="icon_multirank" name="icon_multirank">
dance_multirank_calculate_title	Showdown Scoring...	对决结算中……
dance_multirank_calculate_desc	The event has ended, and the judges have scored your moves! Hold on — your rank will be revealed shortly!	活动已结束，评委已为你的舞姿打分！稍等片刻，马上揭晓你的名次！
multirank_reward_high_title	Fancy Footwork	炫舞步伐
multirank_reward_desc	You ranked <size=60><color=#fff334>#{0}</color></size> in the showdown!	你在对决中获得了<size=60><color=#fff334>第{0}名</color></size>！
multirank_reward_btn	Claim Prize	领取奖励
multirank_reward_low_title	Moves Maverick	舞动达人
multirank_reward_none_title	Good and Groovy	舞感十足
dance_multirank_end_desc	Phew, what a battle! We'll see you on the dancefloor again!	呼，多么精彩的对决！我们舞池再见！
dance_multirank_instruction_1	Complete orders to \nearn <sprite="icon_multirank" name="icon_multirank">.	完成订单来获取<sprite="icon_multirank" name="icon_multirank">
multirank_instruction_2	Complete orders before time runs out to boost your multiplier!	在限时内完成订单，提升你的积分倍率！
multirank_instruction_3	Compete against other players on the leaderboard!	在排行榜上与其他玩家一较高下！
multirank_instruction_4	Earn groovy rewards!	赢取炫酷奖励！
multirank_guide_1_1	The dance showdown is heating up! Keep completing orders to earn points faster!	舞林对决正激烈进行！持续完成订单，加速赚取积分！
multirank_guide_1_2	Compete against other players on the leaderboard!	在排行榜上与其他玩家一较高下！
multirank_guide_1_3	Hit score milestones to unlock rewards — tap here to see them!	积攒积分还能直接获得奖励——点击这里查看！
battlepass_title_Witchlingpass	Witchling Season	见习女巫季
battlepass_taskComplete_Witchlingpass	You've completed the Witchling Season tasks! Congratulations!	您已经完成了见习女巫季的所有任务！恭喜！
battlepass_endDesc_Witchlingpass	The Witchling Season is over! Come back next season for more rewards!	见习女巫季已结束，一起期待更精彩的下一季活动吧！
battlepass_tutorial_2_Witchlingpass	To advance your progress toward new rewards, you'll need to score points!	在见习女巫季中升级来获取奖励！
autumnleafadventure_book_title	Harvest Handbook	丰收手册
autumnleaf_adventure_book_subtitle1	Fall Floofers	秋季毛茸茸
autumnleaf_adventure_book_subtitle2	Autumn Apparel	秋日穿搭
autumnleaf_adventure_book_subtitle3	Apple Appetizers	苹果点心
autumnleaf_adventure_title	Autumn Animal Spotting	秋日动物观察
autumnleaf_adventure_pre_desc	Mark's on the lookout for autumnal wildlife and other fall fancies!	马克正在寻找秋季野生动物和其他秋季物品！
autumnleaf_adventure_desc	Merge items to help Mark find all of the autumnal animals, and locate other fall items scattered about!	合并物品，帮助马克找到秋季动物以及散落在各处的其他秋季物品！
autumnleaf_adventure_desc2	Produce <sprite="icon_adv2_product" name="icon_adv2_product"> by merging <sprite="icon_adv2_annex" name="icon_adv2_annex"> and onward; finish the Autumn Apparel merge line for extra rewards!	通过合并 <sprite="icon_adv2_annex" name="icon_adv2_annex"> 及后续物品来产出 <sprite="icon_adv2_product" name="icon_adv2_product">；完成“秋日穿搭”合成线还能获得额外奖励！
autumnleaf_adventure_success_desc	With your help, Mark found everything on his checklist!	在你的帮助下，马克找到了清单上的所有物品！
autumnleaf_adventure_fail_desc	Fall is now upon us...Mark will continue his sightings on his own time!	秋天来了……马克会在空闲时间继续他的观察之旅！
autumnleaf_adventure_guide_1_1	Oh, cool! Take a look at this!	哇，真棒！看看这个！
autumnleaf_adventure_complete_title	Checklist Complete	清单完成
autumnleaf_adventure_complete_desc	Fantastic work – Mark's happy with his autumn animal finds, and he's a man of high standards!	太棒了——马克对自己寻找秋季动物的结果非常满意，他可是个要求很高的人！
adv_autumnleaf_shot_title	Plant Rescue	植物救援
autumnleaf_adventure_obstacle_bubble_desc	Collect watering cans to water a special potted plant and collect a mystery reward!	收集浇水壶，给特殊盆栽浇水，即可获得神秘奖励！
autumnleaf_adventure_obstacle_title	Congratulations!	恭喜！
autumnleaf_adventure_obstacle_desc	You revived the potted plant and revealed a fantastic fall prize!	你成功救活了盆栽，并获得了一份超棒的秋季奖品！
autumnleaf_adventure_success_title	Event over!	活动结束!
autumnleaf_adventure_guide_2_2	Tap here to get new items!	点击它即可获得新物品！
main_task_skip_all_title	Complete Day	完成全天
main_task_skip_all_desc	By tapping ‘Continue’, you will complete the day’s chores and skip all of the day's story. Do you want to continue?	点击“继续”按钮，你将完成本天的全部任务并跳过所有剧情对白。是否要继续？
daily_rating_title_1	Daily	每日
daily_rating_title_2	Restaurant Rating	餐厅评级
daily_rating_rewards	5-Star Rewards	5星评级奖励
common_reset_countdown	Resets in: {0}	结束倒计时：{0}
daily_rating_win_desc	Your restaurant is rated 5 stars today!	你的餐厅今日评级达到了5星级！
daily_rating_win_rewards_desc	Your Rewards:	获得奖励：
daily_rating_win_btn	I‘m Awesome!	我真棒!
daily_rating_finished_desc	Well done! Your restaurant is rated 5 stars today!	干得漂亮！你的餐厅今日获得了5星评级！
piggy_bank_rwd_title	Piggy Bank Rewards	猪猪存钱罐
piggy_bank_rwd_num_0	Empty	空的
piggy_bank_rwd_num_1	Handful of Rewards	少量奖励
piggy_bank_rwd_num_2	Bunch of Rewards	大量奖励
piggy_bank_rwd_num_3	Stuffed with Rewards!	奖励满满!
piggy_bank_rwd_desc	Keep collecting coins to upgrade the piggy bank before time runs out. When the countdown ends, you'll receive your well-earned rewards!	倒计时结束前持续收集金币来升级猪猪存钱罐。倒计时结束后即可领取对应奖励！
piggy_bank_rwd_max_desc	Your piggy bank is now fully upgraded! Claim your rewards when the countdown ends!	你的猪猪存钱罐已经存满了奖励！倒计时结束后即可领奖！
piggy_bank_rwd_time_title	Rewards Time!	奖励时间!
tutorial_piggy_bank_rwd_1	Cool, it's a piggy bank! It's a great way to save up!	哇噢，是一个猪猪存钱罐。先存后取，生财之道！
tutorial_piggy_bank_rwd_2	Your piggy bank is currently empty—for now!	你的猪猪存钱罐目前还是空的噢！
tutorial_piggy_bank_rwd_3	Keep collecting coins to upgrade your piggy bank.	不断收集金币来升级你的存钱罐。
tutorial_piggy_bank_rwd_4	When the countdown ends, you can open your piggy bank to claim your rewards!	倒计时结束后，就可以根据你的存钱罐等级来领取对应奖励了！
piggy_bank_rwd_desc_short	Keep collecting coins to upgrade the piggy bank before time runs out. When the countdown ends, you'll receive your well-earned rewards!	持续收集金币来升级猪猪存钱罐。倒计时结束后即可领取奖励！
offer_playt	League Deal	联赛特惠
summary_text_293_2_end	Frankie and Babette meet to discuss the upcoming purge…	弗兰基和巴贝特碰面，商讨即将到来的清洗行动……
summary_text_293_6_end	Babette readies herself to address the BPD about the purge…	巴贝特准备就清洗行动向BPD警局发表讲话……
summary_text_293_11_end	Frankie and Babette bump heads…	弗兰基和巴贝特起了争执……
summary_text_293_13_end	Riley arrives to meet Babette for an unusual meeting…	莱利来见巴贝特，赴一场不同寻常的会面……
summary_text_293_15_end	Babette and Frankie try to see the brighter side of things…	巴贝特和弗兰基试着把事情往好处想……
task_293_1	Another Apology	再一次道歉
task_293_2	A Softer Touch	温和一点
task_293_3	The Non-Boring Part	不无聊的部分
task_293_4	Engage Critical Thinking!	开动脑筋，独立思考！
task_293_5	Update from the Blue	来自警方的新消息
task_293_6	Solo Proposals	单人提案
task_293_7	Too Much?	太过头了？
task_293_8	A Wild Lurker Appears	野生的潜伏者出现了
task_293_9	Just Bob	只是鲍勃
task_293_10	A Quick Recovery	迅速恢复
task_293_11	Botched Plans	搞砸的计划
task_293_12	Two's Company	两人正好作伴
task_293_13	The Cover Up	掩盖真相
task_293_14	Welcome Wagon	迎新小队
task_293_15	A Touch of Silver	一抹银色
task_293_16	Brain Dungeon	脑内地牢
task_293_17	Bloated Bakers	膨胀的烘焙师
summary_text_294_3_end	Mark tries to catch up with a busy Frankie…	Mark试图追上忙碌的Frankie……
summary_text_294_8_end	Frankie receives an update on the progress of the purge…	Frankie收到了有关清洗进展的最新消息……
summary_text_294_13_end	Frankie and Babette respond to Bruno's summons…	Frankie和Babette响应Bruno的召唤……
summary_text_294_17_end	Imelda and Norman tune in for some televisual entertainment…	伊梅尔达和诺曼收看电视节目，找点乐子……
task_294_1	Babs and Bobs	Babs和Bobs
task_294_2	Let’s Hang!	一起挂着！
task_294_3	Clean Up Crew	清理小队
task_294_4	Fishing the Farm	农场钓鱼
task_294_5	Feelings, Ugh	感情，呃
task_294_6	And This is Bob	这位是Bob
task_294_7	Outdoor Set-Up	户外布置
task_294_8	Stabling Momentum	稳住势头
task_294_9	Crooked Crimes	歪门邪道的罪行
task_294_10	Redacted	已删节
task_294_11	Wires & Knobs	电线与旋钮
task_294_12	Another Spectator	又一位观众
task_294_13	Dealing in Weeds	倒卖杂草
task_294_14	Two Sides, One Coin	一枚硬币的两面
task_294_15	Corrupt Compass	腐化的指南针
task_294_16	Off the Bench	不再坐冷板凳
task_294_17	Breaking Nightcaps	砸了睡前酒
summary_text_295_3	Babette and Frankie emerge from the cell block, exhausted by Bruno…	巴贝特和弗兰基走出牢房区，被布鲁诺折腾得筋疲力尽……
summary_text_295_6	Frankie and the Mayor contend with their unexpected visitor…	弗兰基和市长应付着这位不速之客……
summary_text_295_11	The peculiar standoff with Crane continues…	与克雷恩之间这场古怪的对峙仍在继续……
summary_text_295_14	Having accepted an invite to use Lori's kitchen, Heidi gets set up…	海蒂接受了罗莉的邀请，借用她的厨房，开始准备起来……
task_295_1	It Is Happening Again	这一幕又上演了
task_295_2	Biggest Critic	最苛刻的批评者
task_295_3	King of the Rats	鼠王
task_295_4	Strange Fellow	古怪的家伙
task_295_5	Ban Blauveldts	封禁布劳维尔特家族
task_295_6	The End of the Gnomes	地精的末日
task_295_7	Big, Strong Man	高大强壮的男人
task_295_8	Real Treasure	真正的宝藏
task_295_9	Free Pastries	免费糕点
task_295_10	More Pastries	更多糕点
task_295_11	Reset	重置
task_295_12	Unknown Entity	未知实体
task_295_13	Good Instincts	敏锐的直觉
task_295_14	Early Days	起步阶段
task_295_15	Counter-play	反制之策
task_295_16	Mystery Mess	莫名的烂摊子
task_295_17	Be Ready	做好准备
summary_text_296_3_end	After a morning of preparations, Frankie readies herself for the purge…	经过一上午的筹备，弗兰姬已准备好迎接这场大清洗……
summary_text_296_7_end	After a busy morning rooting out corruption, Frankie returns to her desk…	为铲除腐败忙碌了一上午后，弗兰姬回到了办公桌前……
summary_text_296_10_end	Sophia does her best to focus on work as her phone starts buzzing…	手机开始嗡嗡振动，索菲娅努力把注意力放在工作上……
task_296_1	Graffiti Attack	涂鸦袭击
task_296_2	Woo-woo Frequency	玄学频率
task_296_3	Pull the Trigger	扣动扳机
task_296_4	Too Many Cooks	人多手杂
task_296_5	Atlas Expert	地图集专家
task_296_6	The Whole Team	全体队员
task_296_7	New Order	新秩序
task_296_8	Quick and Quiet	迅速而安静
task_296_9	Skipping Rungs	跳级晋升
task_296_10	Day Ruined	一天全毁了
task_296_11	Contextual Confirmation	结合背景加以确认
task_296_12	Fluff Piece	花边报道
task_296_13	Dirty Work	脏活
task_296_14	Government Work	政府工作
task_296_15	As Good a Time	正是时候
task_296_16	Popstar Paranoia	歌星疑心病
task_296_17	Object of Power	力量之物
summary_text_297_1_end	Babette holds a major press conference…	芭贝特召开一场大型新闻发布会……
summary_text_297_4	Mark processes the new changes in the department…	Mark消化着部门的新变动……
summary_text_297_6_end	At Frankie's swearing-in ceremony, Mark mingles…	在Frankie的宣誓就职仪式上，Mark与人交际……
summary_text_297_16_end	Riley adds the finishing touches to their mural on the Mayor's Office doors…	莱利为市长办公室大门上的壁画画上最后几笔……
task_297_1	New Management	新管理层
task_297_2	Dishonorable Mention	不光彩的提名
task_297_3	Overseas Obfuscation	海外障眼法
task_297_4	Some Day	总有一天
task_297_5	Prodigal Possibilities	浪子回头的可能
task_297_6	Front Page Potential	登上头版的潜力
task_297_7	Puppy Love	青涩爱恋
task_297_8	The Whole Cannoli	整份卡诺利卷
task_297_9	Soggy Bottom	湿漉漉的屁股
task_297_10	PBBBBBC	PBBBBBC
task_297_11	Drumroll Please	请来点鼓声
task_297_12	Big Girl Behavior	大姑娘该有的样子
task_297_13	Who is this Guy?	这家伙是谁？
task_297_14	Post-Mortem	事后检讨
task_297_15	Social Media Moment	社交媒体时刻
task_297_16	Beauty of Brimwave	浪尾岛之美
task_297_17	Staring into the Void	凝视虚空
